{
  "type": "FeatureCollection",
  "metadata": {
    "city": "Prayagraj, Uttar Pradesh",
    "bounds": {
      "min_lat": 25.3,
      "max_lat": 25.55,
      "min_lng": 81.7,
      "max_lng": 82.0,
      "center_lat": 25.4358,
      "center_lng": 81.8463
    },
    "generated_at": "2026-08-22T06:46:36.730158"
  },
  "features": [
    {
      "type": "Feature",
      "geometry": {
        "type": "Point",
        "coordinates": [
          81.7,
          25.3
        ]
      },
      "properties": {
        "risk_score": 0.18,
        "risk_level": "Low",
        "active_defects_nearby": 0,
        "defect_severity_index": 0.0
      }
    },
    {
      "type": "Feature",
      "geometry": {
        "type": "Point",
        "coordinates": [
          81.7125,
          25.3
        ]
      },
      "properties": {
        "risk_score": 0.18,
        "risk_level": "Low",
        "active_defects_nearby": 0,
        "defect_severity_index": 0.0
      }
    },
    {
      "type": "Feature",
      "geometry": {
        "type": "Point",
        "coordinates": [
          81.725,
          25.3
        ]
      },
      "properties": {
        "risk_score": 0.18,
        "risk_level": "Low",
        "active_defects_nearby": 0,
        "defect_severity_index": 0.0
      }
    },
    {
      "type": "Feature",
      "geometry": {
        "type": "Point",
        "coordinates": [
          81.7375,
          25.3
        ]
      },
      "properties": {
        "risk_score": 0.18,
        "risk_level": "Low",
        "active_defects_nearby": 0,
        "defect_severity_index": 0.0
      }
    },
    {
      "type": "Feature",
      "geometry": {
        "type": "Point",
        "coordinates": [
          81.75,
          25.3
        ]
      },
      "properties": {
        "risk_score": 0.18,
        "risk_level": "Low",
        "active_defects_nearby": 0,
        "defect_severity_index": 0.0
      }
    },
    {
      "type": "Feature",
      "geometry": {
        "type": "Point",
        "coordinates": [
          81.7625,
          25.3
        ]
      },
      "properties": {
        "risk_score": 0.33,
        "risk_level": "Medium",
        "active_defects_nearby": 0,
        "defect_severity_index": 0.0
      }
    },
    {
      "type": "Feature",
      "geometry": {
        "type": "Point",
        "coordinates": [
          81.775,
          25.3
        ]
      },
      "properties": {
        "risk_score": 0.33,
        "risk_level": "Medium",
        "active_defects_nearby": 0,
        "defect_severity_index": 0.0
      }
    },
    {
      "type": "Feature",
      "geometry": {
        "type": "Point",
        "coordinates": [
          81.7875,
          25.3
        ]
      },
      "properties": {
        "risk_score": 0.33,
        "risk_level": "Medium",
        "active_defects_nearby": 0,
        "defect_severity_index": 0.0
      }
    },
    {
      "type": "Feature",
      "geometry": {
        "type": "Point",
        "coordinates": [
          81.8,
          25.3
        ]
      },
      "properties": {
        "risk_score": 0.33,
        "risk_level": "Medium",
        "active_defects_nearby": 0,
        "defect_severity_index": 0.0
      }
    },
    {
      "type": "Feature",
      "geometry": {
        "type": "Point",
        "coordinates": [
          81.8125,
          25.3
        ]
      },
      "properties": {
        "risk_score": 0.33,
        "risk_level": "Medium",
        "active_defects_nearby": 0,
        "defect_severity_index": 0.0
      }
    },
    {
      "type": "Feature",
      "geometry": {
        "type": "Point",
        "coordinates": [
          81.825,
          25.3
        ]
      },
      "properties": {
        "risk_score": 0.33,
        "risk_level": "Medium",
        "active_defects_nearby": 0,
        "defect_severity_index": 0.0
      }
    },
    {
      "type": "Feature",
      "geometry": {
        "type": "Point",
        "coordinates": [
          81.8375,
          25.3
        ]
      },
      "properties": {
        "risk_score": 0.33,
        "risk_level": "Medium",
        "active_defects_nearby": 0,
        "defect_severity_index": 0.0
      }
    },
    {
      "type": "Feature",
      "geometry": {
        "type": "Point",
        "coordinates": [
          81.85,
          25.3
        ]
      },
      "properties": {
        "risk_score": 0.33,
        "risk_level": "Medium",
        "active_defects_nearby": 0,
        "defect_severity_index": 0.0
      }
    },
    {
      "type": "Feature",
      "geometry": {
        "type": "Point",
        "coordinates": [
          81.8625,
          25.3
        ]
      },
      "properties": {
        "risk_score": 0.33,
        "risk_level": "Medium",
        "active_defects_nearby": 0,
        "defect_severity_index": 0.0
      }
    },
    {
      "type": "Feature",
      "geometry": {
        "type": "Point",
        "coordinates": [
          81.875,
          25.3
        ]
      },
      "properties": {
        "risk_score": 0.33,
        "risk_level": "Medium",
        "active_defects_nearby": 0,
        "defect_severity_index": 0.0
      }
    },
    {
      "type": "Feature",
      "geometry": {
        "type": "Point",
        "coordinates": [
          81.8875,
          25.3
        ]
      },
      "properties": {
        "risk_score": 0.33,
        "risk_level": "Medium",
        "active_defects_nearby": 0,
        "defect_severity_index": 0.0
      }
    },
    {
      "type": "Feature",
      "geometry": {
        "type": "Point",
        "coordinates": [
          81.9,
          25.3
        ]
      },
      "properties": {
        "risk_score": 0.33,
        "risk_level": "Medium",
        "active_defects_nearby": 0,
        "defect_severity_index": 0.0
      }
    },
    {
      "type": "Feature",
      "geometry": {
        "type": "Point",
        "coordinates": [
          81.9125,
          25.3
        ]
      },
      "properties": {
        "risk_score": 0.33,
        "risk_level": "Medium",
        "active_defects_nearby": 0,
        "defect_severity_index": 0.0
      }
    },
    {
      "type": "Feature",
      "geometry": {
        "type": "Point",
        "coordinates": [
          81.925,
          25.3
        ]
      },
      "properties": {
        "risk_score": 0.33,
        "risk_level": "Medium",
        "active_defects_nearby": 0,
        "defect_severity_index": 0.0
      }
    },
    {
      "type": "Feature",
      "geometry": {
        "type": "Point",
        "coordinates": [
          81.9375,
          25.3
        ]
      },
      "properties": {
        "risk_score": 0.33,
        "risk_level": "Medium",
        "active_defects_nearby": 0,
        "defect_severity_index": 0.0
      }
    },
    {
      "type": "Feature",
      "geometry": {
        "type": "Point",
        "coordinates": [
          81.95,
          25.3
        ]
      },
      "properties": {
        "risk_score": 0.33,
        "risk_level": "Medium",
        "active_defects_nearby": 0,
        "defect_severity_index": 0.0
      }
    },
    {
      "type": "Feature",
      "geometry": {
        "type": "Point",
        "coordinates": [
          81.9625,
          25.3
        ]
      },
      "properties": {
        "risk_score": 0.33,
        "risk_level": "Medium",
        "active_defects_nearby": 0,
        "defect_severity_index": 0.0
      }
    },
    {
      "type": "Feature",
      "geometry": {
        "type": "Point",
        "coordinates": [
          81.975,
          25.3
        ]
      },
      "properties": {
        "risk_score": 0.33,
        "risk_level": "Medium",
        "active_defects_nearby": 0,
        "defect_severity_index": 0.0
      }
    },
    {
      "type": "Feature",
      "geometry": {
        "type": "Point",
        "coordinates": [
          81.9875,
          25.3
        ]
      },
      "properties": {
        "risk_score": 0.33,
        "risk_level": "Medium",
        "active_defects_nearby": 0,
        "defect_severity_index": 0.0
      }
    },
    {
      "type": "Feature",
      "geometry": {
        "type": "Point",
        "coordinates": [
          82.0,
          25.3
        ]
      },
      "properties": {
        "risk_score": 0.33,
        "risk_level": "Medium",
        "active_defects_nearby": 0,
        "defect_severity_index": 0.0
      }
    },
    {
      "type": "Feature",
      "geometry": {
        "type": "Point",
        "coordinates": [
          81.7,
          25.310417
        ]
      },
      "properties": {
        "risk_score": 0.18,
        "risk_level": "Low",
        "active_defects_nearby": 0,
        "defect_severity_index": 0.0
      }
    },
    {
      "type": "Feature",
      "geometry": {
        "type": "Point",
        "coordinates": [
          81.7125,
          25.310417
        ]
      },
      "properties": {
        "risk_score": 0.18,
        "risk_level": "Low",
        "active_defects_nearby": 0,
        "defect_severity_index": 0.0
      }
    },
    {
      "type": "Feature",
      "geometry": {
        "type": "Point",
        "coordinates": [
          81.725,
          25.310417
        ]
      },
      "properties": {
        "risk_score": 0.18,
        "risk_level": "Low",
        "active_defects_nearby": 0,
        "defect_severity_index": 0.0
      }
    },
    {
      "type": "Feature",
      "geometry": {
        "type": "Point",
        "coordinates": [
          81.7375,
          25.310417
        ]
      },
      "properties": {
        "risk_score": 0.18,
        "risk_level": "Low",
        "active_defects_nearby": 0,
        "defect_severity_index": 0.0
      }
    },
    {
      "type": "Feature",
      "geometry": {
        "type": "Point",
        "coordinates": [
          81.75,
          25.310417
        ]
      },
      "properties": {
        "risk_score": 0.18,
        "risk_level": "Low",
        "active_defects_nearby": 0,
        "defect_severity_index": 0.0
      }
    },
    {
      "type": "Feature",
      "geometry": {
        "type": "Point",
        "coordinates": [
          81.7625,
          25.310417
        ]
      },
      "properties": {
        "risk_score": 0.18,
        "risk_level": "Low",
        "active_defects_nearby": 0,
        "defect_severity_index": 0.0
      }
    },
    {
      "type": "Feature",
      "geometry": {
        "type": "Point",
        "coordinates": [
          81.775,
          25.310417
        ]
      },
      "properties": {
        "risk_score": 0.33,
        "risk_level": "Medium",
        "active_defects_nearby": 0,
        "defect_severity_index": 0.0
      }
    },
    {
      "type": "Feature",
      "geometry": {
        "type": "Point",
        "coordinates": [
          81.7875,
          25.310417
        ]
      },
      "properties": {
        "risk_score": 0.33,
        "risk_level": "Medium",
        "active_defects_nearby": 0,
        "defect_severity_index": 0.0
      }
    },
    {
      "type": "Feature",
      "geometry": {
        "type": "Point",
        "coordinates": [
          81.8,
          25.310417
        ]
      },
      "properties": {
        "risk_score": 0.33,
        "risk_level": "Medium",
        "active_defects_nearby": 0,
        "defect_severity_index": 0.0
      }
    },
    {
      "type": "Feature",
      "geometry": {
        "type": "Point",
        "coordinates": [
          81.8125,
          25.310417
        ]
      },
      "properties": {
        "risk_score": 0.33,
        "risk_level": "Medium",
        "active_defects_nearby": 0,
        "defect_severity_index": 0.0
      }
    },
    {
      "type": "Feature",
      "geometry": {
        "type": "Point",
        "coordinates": [
          81.825,
          25.310417
        ]
      },
      "properties": {
        "risk_score": 0.33,
        "risk_level": "Medium",
        "active_defects_nearby": 0,
        "defect_severity_index": 0.0
      }
    },
    {
      "type": "Feature",
      "geometry": {
        "type": "Point",
        "coordinates": [
          81.8375,
          25.310417
        ]
      },
      "properties": {
        "risk_score": 0.33,
        "risk_level": "Medium",
        "active_defects_nearby": 0,
        "defect_severity_index": 0.0
      }
    },
    {
      "type": "Feature",
      "geometry": {
        "type": "Point",
        "coordinates": [
          81.85,
          25.310417
        ]
      },
      "properties": {
        "risk_score": 0.33,
        "risk_level": "Medium",
        "active_defects_nearby": 0,
        "defect_severity_index": 0.0
      }
    },
    {
      "type": "Feature",
      "geometry": {
        "type": "Point",
        "coordinates": [
          81.8625,
          25.310417
        ]
      },
      "properties": {
        "risk_score": 0.33,
        "risk_level": "Medium",
        "active_defects_nearby": 0,
        "defect_severity_index": 0.0
      }
    },
    {
      "type": "Feature",
      "geometry": {
        "type": "Point",
        "coordinates": [
          81.875,
          25.310417
        ]
      },
      "properties": {
        "risk_score": 0.33,
        "risk_level": "Medium",
        "active_defects_nearby": 0,
        "defect_severity_index": 0.0
      }
    },
    {
      "type": "Feature",
      "geometry": {
        "type": "Point",
        "coordinates": [
          81.8875,
          25.310417
        ]
      },
      "properties": {
        "risk_score": 0.33,
        "risk_level": "Medium",
        "active_defects_nearby": 0,
        "defect_severity_index": 0.0
      }
    },
    {
      "type": "Feature",
      "geometry": {
        "type": "Point",
        "coordinates": [
          81.9,
          25.310417
        ]
      },
      "properties": {
        "risk_score": 0.33,
        "risk_level": "Medium",
        "active_defects_nearby": 0,
        "defect_severity_index": 0.0
      }
    },
    {
      "type": "Feature",
      "geometry": {
        "type": "Point",
        "coordinates": [
          81.9125,
          25.310417
        ]
      },
      "properties": {
        "risk_score": 0.33,
        "risk_level": "Medium",
        "active_defects_nearby": 0,
        "defect_severity_index": 0.0
      }
    },
    {
      "type": "Feature",
      "geometry": {
        "type": "Point",
        "coordinates": [
          81.925,
          25.310417
        ]
      },
      "properties": {
        "risk_score": 0.33,
        "risk_level": "Medium",
        "active_defects_nearby": 0,
        "defect_severity_index": 0.0
      }
    },
    {
      "type": "Feature",
      "geometry": {
        "type": "Point",
        "coordinates": [
          81.9375,
          25.310417
        ]
      },
      "properties": {
        "risk_score": 0.33,
        "risk_level": "Medium",
        "active_defects_nearby": 0,
        "defect_severity_index": 0.0
      }
    },
    {
      "type": "Feature",
      "geometry": {
        "type": "Point",
        "coordinates": [
          81.95,
          25.310417
        ]
      },
      "properties": {
        "risk_score": 0.33,
        "risk_level": "Medium",
        "active_defects_nearby": 0,
        "defect_severity_index": 0.0
      }
    },
    {
      "type": "Feature",
      "geometry": {
        "type": "Point",
        "coordinates": [
          81.9625,
          25.310417
        ]
      },
      "properties": {
        "risk_score": 0.33,
        "risk_level": "Medium",
        "active_defects_nearby": 0,
        "defect_severity_index": 0.0
      }
    },
    {
      "type": "Feature",
      "geometry": {
        "type": "Point",
        "coordinates": [
          81.975,
          25.310417
        ]
      },
      "properties": {
        "risk_score": 0.33,
        "risk_level": "Medium",
        "active_defects_nearby": 0,
        "defect_severity_index": 0.0
      }
    },
    {
      "type": "Feature",
      "geometry": {
        "type": "Point",
        "coordinates": [
          81.9875,
          25.310417
        ]
      },
      "properties": {
        "risk_score": 0.33,
        "risk_level": "Medium",
        "active_defects_nearby": 0,
        "defect_severity_index": 0.0
      }
    },
    {
      "type": "Feature",
      "geometry": {
        "type": "Point",
        "coordinates": [
          82.0,
          25.310417
        ]
      },
      "properties": {
        "risk_score": 0.33,
        "risk_level": "Medium",
        "active_defects_nearby": 0,
        "defect_severity_index": 0.0
      }
    },
    {
      "type": "Feature",
      "geometry": {
        "type": "Point",
        "coordinates": [
          81.7,
          25.320833
        ]
      },
      "properties": {
        "risk_score": 0.18,
        "risk_level": "Low",
        "active_defects_nearby": 0,
        "defect_severity_index": 0.0
      }
    },
    {
      "type": "Feature",
      "geometry": {
        "type": "Point",
        "coordinates": [
          81.7125,
          25.320833
        ]
      },
      "properties": {
        "risk_score": 0.18,
        "risk_level": "Low",
        "active_defects_nearby": 0,
        "defect_severity_index": 0.0
      }
    },
    {
      "type": "Feature",
      "geometry": {
        "type": "Point",
        "coordinates": [
          81.725,
          25.320833
        ]
      },
      "properties": {
        "risk_score": 0.18,
        "risk_level": "Low",
        "active_defects_nearby": 0,
        "defect_severity_index": 0.0
      }
    },
    {
      "type": "Feature",
      "geometry": {
        "type": "Point",
        "coordinates": [
          81.7375,
          25.320833
        ]
      },
      "properties": {
        "risk_score": 0.18,
        "risk_level": "Low",
        "active_defects_nearby": 0,
        "defect_severity_index": 0.0
      }
    },
    {
      "type": "Feature",
      "geometry": {
        "type": "Point",
        "coordinates": [
          81.75,
          25.320833
        ]
      },
      "properties": {
        "risk_score": 0.18,
        "risk_level": "Low",
        "active_defects_nearby": 0,
        "defect_severity_index": 0.0
      }
    },
    {
      "type": "Feature",
      "geometry": {
        "type": "Point",
        "coordinates": [
          81.7625,
          25.320833
        ]
      },
      "properties": {
        "risk_score": 0.18,
        "risk_level": "Low",
        "active_defects_nearby": 0,
        "defect_severity_index": 0.0
      }
    },
    {
      "type": "Feature",
      "geometry": {
        "type": "Point",
        "coordinates": [
          81.775,
          25.320833
        ]
      },
      "properties": {
        "risk_score": 0.33,
        "risk_level": "Medium",
        "active_defects_nearby": 0,
        "defect_severity_index": 0.0
      }
    },
    {
      "type": "Feature",
      "geometry": {
        "type": "Point",
        "coordinates": [
          81.7875,
          25.320833
        ]
      },
      "properties": {
        "risk_score": 0.33,
        "risk_level": "Medium",
        "active_defects_nearby": 0,
        "defect_severity_index": 0.0
      }
    },
    {
      "type": "Feature",
      "geometry": {
        "type": "Point",
        "coordinates": [
          81.8,
          25.320833
        ]
      },
      "properties": {
        "risk_score": 0.33,
        "risk_level": "Medium",
        "active_defects_nearby": 0,
        "defect_severity_index": 0.0
      }
    },
    {
      "type": "Feature",
      "geometry": {
        "type": "Point",
        "coordinates": [
          81.8125,
          25.320833
        ]
      },
      "properties": {
        "risk_score": 0.33,
        "risk_level": "Medium",
        "active_defects_nearby": 0,
        "defect_severity_index": 0.0
      }
    },
    {
      "type": "Feature",
      "geometry": {
        "type": "Point",
        "coordinates": [
          81.825,
          25.320833
        ]
      },
      "properties": {
        "risk_score": 0.33,
        "risk_level": "Medium",
        "active_defects_nearby": 0,
        "defect_severity_index": 0.0
      }
    },
    {
      "type": "Feature",
      "geometry": {
        "type": "Point",
        "coordinates": [
          81.8375,
          25.320833
        ]
      },
      "properties": {
        "risk_score": 0.33,
        "risk_level": "Medium",
        "active_defects_nearby": 0,
        "defect_severity_index": 0.0
      }
    },
    {
      "type": "Feature",
      "geometry": {
        "type": "Point",
        "coordinates": [
          81.85,
          25.320833
        ]
      },
      "properties": {
        "risk_score": 0.33,
        "risk_level": "Medium",
        "active_defects_nearby": 0,
        "defect_severity_index": 0.0
      }
    },
    {
      "type": "Feature",
      "geometry": {
        "type": "Point",
        "coordinates": [
          81.8625,
          25.320833
        ]
      },
      "properties": {
        "risk_score": 0.33,
        "risk_level": "Medium",
        "active_defects_nearby": 0,
        "defect_severity_index": 0.0
      }
    },
    {
      "type": "Feature",
      "geometry": {
        "type": "Point",
        "coordinates": [
          81.875,
          25.320833
        ]
      },
      "properties": {
        "risk_score": 0.33,
        "risk_level": "Medium",
        "active_defects_nearby": 0,
        "defect_severity_index": 0.0
      }
    },
    {
      "type": "Feature",
      "geometry": {
        "type": "Point",
        "coordinates": [
          81.8875,
          25.320833
        ]
      },
      "properties": {
        "risk_score": 0.33,
        "risk_level": "Medium",
        "active_defects_nearby": 0,
        "defect_severity_index": 0.0
      }
    },
    {
      "type": "Feature",
      "geometry": {
        "type": "Point",
        "coordinates": [
          81.9,
          25.320833
        ]
      },
      "properties": {
        "risk_score": 0.33,
        "risk_level": "Medium",
        "active_defects_nearby": 0,
        "defect_severity_index": 0.0
      }
    },
    {
      "type": "Feature",
      "geometry": {
        "type": "Point",
        "coordinates": [
          81.9125,
          25.320833
        ]
      },
      "properties": {
        "risk_score": 0.33,
        "risk_level": "Medium",
        "active_defects_nearby": 0,
        "defect_severity_index": 0.0
      }
    },
    {
      "type": "Feature",
      "geometry": {
        "type": "Point",
        "coordinates": [
          81.925,
          25.320833
        ]
      },
      "properties": {
        "risk_score": 0.33,
        "risk_level": "Medium",
        "active_defects_nearby": 0,
        "defect_severity_index": 0.0
      }
    },
    {
      "type": "Feature",
      "geometry": {
        "type": "Point",
        "coordinates": [
          81.9375,
          25.320833
        ]
      },
      "properties": {
        "risk_score": 0.33,
        "risk_level": "Medium",
        "active_defects_nearby": 0,
        "defect_severity_index": 0.0
      }
    },
    {
      "type": "Feature",
      "geometry": {
        "type": "Point",
        "coordinates": [
          81.95,
          25.320833
        ]
      },
      "properties": {
        "risk_score": 0.33,
        "risk_level": "Medium",
        "active_defects_nearby": 0,
        "defect_severity_index": 0.0
      }
    },
    {
      "type": "Feature",
      "geometry": {
        "type": "Point",
        "coordinates": [
          81.9625,
          25.320833
        ]
      },
      "properties": {
        "risk_score": 0.33,
        "risk_level": "Medium",
        "active_defects_nearby": 0,
        "defect_severity_index": 0.0
      }
    },
    {
      "type": "Feature",
      "geometry": {
        "type": "Point",
        "coordinates": [
          81.975,
          25.320833
        ]
      },
      "properties": {
        "risk_score": 0.33,
        "risk_level": "Medium",
        "active_defects_nearby": 0,
        "defect_severity_index": 0.0
      }
    },
    {
      "type": "Feature",
      "geometry": {
        "type": "Point",
        "coordinates": [
          81.9875,
          25.320833
        ]
      },
      "properties": {
        "risk_score": 0.33,
        "risk_level": "Medium",
        "active_defects_nearby": 0,
        "defect_severity_index": 0.0
      }
    },
    {
      "type": "Feature",
      "geometry": {
        "type": "Point",
        "coordinates": [
          82.0,
          25.320833
        ]
      },
      "properties": {
        "risk_score": 0.33,
        "risk_level": "Medium",
        "active_defects_nearby": 0,
        "defect_severity_index": 0.0
      }
    },
    {
      "type": "Feature",
      "geometry": {
        "type": "Point",
        "coordinates": [
          81.7,
          25.33125
        ]
      },
      "properties": {
        "risk_score": 0.18,
        "risk_level": "Low",
        "active_defects_nearby": 0,
        "defect_severity_index": 0.0
      }
    },
    {
      "type": "Feature",
      "geometry": {
        "type": "Point",
        "coordinates": [
          81.7125,
          25.33125
        ]
      },
      "properties": {
        "risk_score": 0.18,
        "risk_level": "Low",
        "active_defects_nearby": 0,
        "defect_severity_index": 0.0
      }
    },
    {
      "type": "Feature",
      "geometry": {
        "type": "Point",
        "coordinates": [
          81.725,
          25.33125
        ]
      },
      "properties": {
        "risk_score": 0.18,
        "risk_level": "Low",
        "active_defects_nearby": 0,
        "defect_severity_index": 0.0
      }
    },
    {
      "type": "Feature",
      "geometry": {
        "type": "Point",
        "coordinates": [
          81.7375,
          25.33125
        ]
      },
      "properties": {
        "risk_score": 0.18,
        "risk_level": "Low",
        "active_defects_nearby": 0,
        "defect_severity_index": 0.0
      }
    },
    {
      "type": "Feature",
      "geometry": {
        "type": "Point",
        "coordinates": [
          81.75,
          25.33125
        ]
      },
      "properties": {
        "risk_score": 0.18,
        "risk_level": "Low",
        "active_defects_nearby": 0,
        "defect_severity_index": 0.0
      }
    },
    {
      "type": "Feature",
      "geometry": {
        "type": "Point",
        "coordinates": [
          81.7625,
          25.33125
        ]
      },
      "properties": {
        "risk_score": 0.18,
        "risk_level": "Low",
        "active_defects_nearby": 0,
        "defect_severity_index": 0.0
      }
    },
    {
      "type": "Feature",
      "geometry": {
        "type": "Point",
        "coordinates": [
          81.775,
          25.33125
        ]
      },
      "properties": {
        "risk_score": 0.18,
        "risk_level": "Low",
        "active_defects_nearby": 0,
        "defect_severity_index": 0.0
      }
    },
    {
      "type": "Feature",
      "geometry": {
        "type": "Point",
        "coordinates": [
          81.7875,
          25.33125
        ]
      },
      "properties": {
        "risk_score": 0.33,
        "risk_level": "Medium",
        "active_defects_nearby": 0,
        "defect_severity_index": 0.0
      }
    },
    {
      "type": "Feature",
      "geometry": {
        "type": "Point",
        "coordinates": [
          81.8,
          25.33125
        ]
      },
      "properties": {
        "risk_score": 0.33,
        "risk_level": "Medium",
        "active_defects_nearby": 0,
        "defect_severity_index": 0.0
      }
    },
    {
      "type": "Feature",
      "geometry": {
        "type": "Point",
        "coordinates": [
          81.8125,
          25.33125
        ]
      },
      "properties": {
        "risk_score": 0.33,
        "risk_level": "Medium",
        "active_defects_nearby": 0,
        "defect_severity_index": 0.0
      }
    },
    {
      "type": "Feature",
      "geometry": {
        "type": "Point",
        "coordinates": [
          81.825,
          25.33125
        ]
      },
      "properties": {
        "risk_score": 0.33,
        "risk_level": "Medium",
        "active_defects_nearby": 0,
        "defect_severity_index": 0.0
      }
    },
    {
      "type": "Feature",
      "geometry": {
        "type": "Point",
        "coordinates": [
          81.8375,
          25.33125
        ]
      },
      "properties": {
        "risk_score": 0.33,
        "risk_level": "Medium",
        "active_defects_nearby": 0,
        "defect_severity_index": 0.0
      }
    },
    {
      "type": "Feature",
      "geometry": {
        "type": "Point",
        "coordinates": [
          81.85,
          25.33125
        ]
      },
      "properties": {
        "risk_score": 0.33,
        "risk_level": "Medium",
        "active_defects_nearby": 0,
        "defect_severity_index": 0.0
      }
    },
    {
      "type": "Feature",
      "geometry": {
        "type": "Point",
        "coordinates": [
          81.8625,
          25.33125
        ]
      },
      "properties": {
        "risk_score": 0.33,
        "risk_level": "Medium",
        "active_defects_nearby": 0,
        "defect_severity_index": 0.0
      }
    },
    {
      "type": "Feature",
      "geometry": {
        "type": "Point",
        "coordinates": [
          81.875,
          25.33125
        ]
      },
      "properties": {
        "risk_score": 0.33,
        "risk_level": "Medium",
        "active_defects_nearby": 0,
        "defect_severity_index": 0.0
      }
    },
    {
      "type": "Feature",
      "geometry": {
        "type": "Point",
        "coordinates": [
          81.8875,
          25.33125
        ]
      },
      "properties": {
        "risk_score": 0.33,
        "risk_level": "Medium",
        "active_defects_nearby": 0,
        "defect_severity_index": 0.0
      }
    },
    {
      "type": "Feature",
      "geometry": {
        "type": "Point",
        "coordinates": [
          81.9,
          25.33125
        ]
      },
      "properties": {
        "risk_score": 0.33,
        "risk_level": "Medium",
        "active_defects_nearby": 0,
        "defect_severity_index": 0.0
      }
    },
    {
      "type": "Feature",
      "geometry": {
        "type": "Point",
        "coordinates": [
          81.9125,
          25.33125
        ]
      },
      "properties": {
        "risk_score": 0.33,
        "risk_level": "Medium",
        "active_defects_nearby": 0,
        "defect_severity_index": 0.0
      }
    },
    {
      "type": "Feature",
      "geometry": {
        "type": "Point",
        "coordinates": [
          81.925,
          25.33125
        ]
      },
      "properties": {
        "risk_score": 0.33,
        "risk_level": "Medium",
        "active_defects_nearby": 0,
        "defect_severity_index": 0.0
      }
    },
    {
      "type": "Feature",
      "geometry": {
        "type": "Point",
        "coordinates": [
          81.9375,
          25.33125
        ]
      },
      "properties": {
        "risk_score": 0.33,
        "risk_level": "Medium",
        "active_defects_nearby": 0,
        "defect_severity_index": 0.0
      }
    },
    {
      "type": "Feature",
      "geometry": {
        "type": "Point",
        "coordinates": [
          81.95,
          25.33125
        ]
      },
      "properties": {
        "risk_score": 0.33,
        "risk_level": "Medium",
        "active_defects_nearby": 0,
        "defect_severity_index": 0.0
      }
    },
    {
      "type": "Feature",
      "geometry": {
        "type": "Point",
        "coordinates": [
          81.9625,
          25.33125
        ]
      },
      "properties": {
        "risk_score": 0.33,
        "risk_level": "Medium",
        "active_defects_nearby": 0,
        "defect_severity_index": 0.0
      }
    },
    {
      "type": "Feature",
      "geometry": {
        "type": "Point",
        "coordinates": [
          81.975,
          25.33125
        ]
      },
      "properties": {
        "risk_score": 0.33,
        "risk_level": "Medium",
        "active_defects_nearby": 0,
        "defect_severity_index": 0.0
      }
    },
    {
      "type": "Feature",
      "geometry": {
        "type": "Point",
        "coordinates": [
          81.9875,
          25.33125
        ]
      },
      "properties": {
        "risk_score": 0.33,
        "risk_level": "Medium",
        "active_defects_nearby": 0,
        "defect_severity_index": 0.0
      }
    },
    {
      "type": "Feature",
      "geometry": {
        "type": "Point",
        "coordinates": [
          82.0,
          25.33125
        ]
      },
      "properties": {
        "risk_score": 0.33,
        "risk_level": "Medium",
        "active_defects_nearby": 0,
        "defect_severity_index": 0.0
      }
    },
    {
      "type": "Feature",
      "geometry": {
        "type": "Point",
        "coordinates": [
          81.7,
          25.341667
        ]
      },
      "properties": {
        "risk_score": 0.18,
        "risk_level": "Low",
        "active_defects_nearby": 0,
        "defect_severity_index": 0.0
      }
    },
    {
      "type": "Feature",
      "geometry": {
        "type": "Point",
        "coordinates": [
          81.7125,
          25.341667
        ]
      },
      "properties": {
        "risk_score": 0.18,
        "risk_level": "Low",
        "active_defects_nearby": 0,
        "defect_severity_index": 0.0
      }
    },
    {
      "type": "Feature",
      "geometry": {
        "type": "Point",
        "coordinates": [
          81.725,
          25.341667
        ]
      },
      "properties": {
        "risk_score": 0.18,
        "risk_level": "Low",
        "active_defects_nearby": 0,
        "defect_severity_index": 0.0
      }
    },
    {
      "type": "Feature",
      "geometry": {
        "type": "Point",
        "coordinates": [
          81.7375,
          25.341667
        ]
      },
      "properties": {
        "risk_score": 0.18,
        "risk_level": "Low",
        "active_defects_nearby": 0,
        "defect_severity_index": 0.0
      }
    },
    {
      "type": "Feature",
      "geometry": {
        "type": "Point",
        "coordinates": [
          81.75,
          25.341667
        ]
      },
      "properties": {
        "risk_score": 0.18,
        "risk_level": "Low",
        "active_defects_nearby": 0,
        "defect_severity_index": 0.0
      }
    },
    {
      "type": "Feature",
      "geometry": {
        "type": "Point",
        "coordinates": [
          81.7625,
          25.341667
        ]
      },
      "properties": {
        "risk_score": 0.18,
        "risk_level": "Low",
        "active_defects_nearby": 0,
        "defect_severity_index": 0.0
      }
    },
    {
      "type": "Feature",
      "geometry": {
        "type": "Point",
        "coordinates": [
          81.775,
          25.341667
        ]
      },
      "properties": {
        "risk_score": 0.18,
        "risk_level": "Low",
        "active_defects_nearby": 0,
        "defect_severity_index": 0.0
      }
    },
    {
      "type": "Feature",
      "geometry": {
        "type": "Point",
        "coordinates": [
          81.7875,
          25.341667
        ]
      },
      "properties": {
        "risk_score": 0.33,
        "risk_level": "Medium",
        "active_defects_nearby": 0,
        "defect_severity_index": 0.0
      }
    },
    {
      "type": "Feature",
      "geometry": {
        "type": "Point",
        "coordinates": [
          81.8,
          25.341667
        ]
      },
      "properties": {
        "risk_score": 0.33,
        "risk_level": "Medium",
        "active_defects_nearby": 0,
        "defect_severity_index": 0.0
      }
    },
    {
      "type": "Feature",
      "geometry": {
        "type": "Point",
        "coordinates": [
          81.8125,
          25.341667
        ]
      },
      "properties": {
        "risk_score": 0.33,
        "risk_level": "Medium",
        "active_defects_nearby": 0,
        "defect_severity_index": 0.0
      }
    },
    {
      "type": "Feature",
      "geometry": {
        "type": "Point",
        "coordinates": [
          81.825,
          25.341667
        ]
      },
      "properties": {
        "risk_score": 0.33,
        "risk_level": "Medium",
        "active_defects_nearby": 0,
        "defect_severity_index": 0.0
      }
    },
    {
      "type": "Feature",
      "geometry": {
        "type": "Point",
        "coordinates": [
          81.8375,
          25.341667
        ]
      },
      "properties": {
        "risk_score": 0.33,
        "risk_level": "Medium",
        "active_defects_nearby": 0,
        "defect_severity_index": 0.0
      }
    },
    {
      "type": "Feature",
      "geometry": {
        "type": "Point",
        "coordinates": [
          81.85,
          25.341667
        ]
      },
      "properties": {
        "risk_score": 0.33,
        "risk_level": "Medium",
        "active_defects_nearby": 0,
        "defect_severity_index": 0.0
      }
    },
    {
      "type": "Feature",
      "geometry": {
        "type": "Point",
        "coordinates": [
          81.8625,
          25.341667
        ]
      },
      "properties": {
        "risk_score": 0.335,
        "risk_level": "Medium",
        "active_defects_nearby": 0,
        "defect_severity_index": 0.0
      }
    },
    {
      "type": "Feature",
      "geometry": {
        "type": "Point",
        "coordinates": [
          81.875,
          25.341667
        ]
      },
      "properties": {
        "risk_score": 0.332,
        "risk_level": "Medium",
        "active_defects_nearby": 0,
        "defect_severity_index": 0.0
      }
    },
    {
      "type": "Feature",
      "geometry": {
        "type": "Point",
        "coordinates": [
          81.8875,
          25.341667
        ]
      },
      "properties": {
        "risk_score": 0.33,
        "risk_level": "Medium",
        "active_defects_nearby": 0,
        "defect_severity_index": 0.0
      }
    },
    {
      "type": "Feature",
      "geometry": {
        "type": "Point",
        "coordinates": [
          81.9,
          25.341667
        ]
      },
      "properties": {
        "risk_score": 0.33,
        "risk_level": "Medium",
        "active_defects_nearby": 0,
        "defect_severity_index": 0.0
      }
    },
    {
      "type": "Feature",
      "geometry": {
        "type": "Point",
        "coordinates": [
          81.9125,
          25.341667
        ]
      },
      "properties": {
        "risk_score": 0.33,
        "risk_level": "Medium",
        "active_defects_nearby": 0,
        "defect_severity_index": 0.0
      }
    },
    {
      "type": "Feature",
      "geometry": {
        "type": "Point",
        "coordinates": [
          81.925,
          25.341667
        ]
      },
      "properties": {
        "risk_score": 0.33,
        "risk_level": "Medium",
        "active_defects_nearby": 0,
        "defect_severity_index": 0.0
      }
    },
    {
      "type": "Feature",
      "geometry": {
        "type": "Point",
        "coordinates": [
          81.9375,
          25.341667
        ]
      },
      "properties": {
        "risk_score": 0.33,
        "risk_level": "Medium",
        "active_defects_nearby": 0,
        "defect_severity_index": 0.0
      }
    },
    {
      "type": "Feature",
      "geometry": {
        "type": "Point",
        "coordinates": [
          81.95,
          25.341667
        ]
      },
      "properties": {
        "risk_score": 0.33,
        "risk_level": "Medium",
        "active_defects_nearby": 0,
        "defect_severity_index": 0.0
      }
    },
    {
      "type": "Feature",
      "geometry": {
        "type": "Point",
        "coordinates": [
          81.9625,
          25.341667
        ]
      },
      "properties": {
        "risk_score": 0.33,
        "risk_level": "Medium",
        "active_defects_nearby": 0,
        "defect_severity_index": 0.0
      }
    },
    {
      "type": "Feature",
      "geometry": {
        "type": "Point",
        "coordinates": [
          81.975,
          25.341667
        ]
      },
      "properties": {
        "risk_score": 0.33,
        "risk_level": "Medium",
        "active_defects_nearby": 0,
        "defect_severity_index": 0.0
      }
    },
    {
      "type": "Feature",
      "geometry": {
        "type": "Point",
        "coordinates": [
          81.9875,
          25.341667
        ]
      },
      "properties": {
        "risk_score": 0.33,
        "risk_level": "Medium",
        "active_defects_nearby": 0,
        "defect_severity_index": 0.0
      }
    },
    {
      "type": "Feature",
      "geometry": {
        "type": "Point",
        "coordinates": [
          82.0,
          25.341667
        ]
      },
      "properties": {
        "risk_score": 0.33,
        "risk_level": "Medium",
        "active_defects_nearby": 0,
        "defect_severity_index": 0.0
      }
    },
    {
      "type": "Feature",
      "geometry": {
        "type": "Point",
        "coordinates": [
          81.7,
          25.352083
        ]
      },
      "properties": {
        "risk_score": 0.18,
        "risk_level": "Low",
        "active_defects_nearby": 0,
        "defect_severity_index": 0.0
      }
    },
    {
      "type": "Feature",
      "geometry": {
        "type": "Point",
        "coordinates": [
          81.7125,
          25.352083
        ]
      },
      "properties": {
        "risk_score": 0.18,
        "risk_level": "Low",
        "active_defects_nearby": 0,
        "defect_severity_index": 0.0
      }
    },
    {
      "type": "Feature",
      "geometry": {
        "type": "Point",
        "coordinates": [
          81.725,
          25.352083
        ]
      },
      "properties": {
        "risk_score": 0.18,
        "risk_level": "Low",
        "active_defects_nearby": 0,
        "defect_severity_index": 0.0
      }
    },
    {
      "type": "Feature",
      "geometry": {
        "type": "Point",
        "coordinates": [
          81.7375,
          25.352083
        ]
      },
      "properties": {
        "risk_score": 0.18,
        "risk_level": "Low",
        "active_defects_nearby": 0,
        "defect_severity_index": 0.0
      }
    },
    {
      "type": "Feature",
      "geometry": {
        "type": "Point",
        "coordinates": [
          81.75,
          25.352083
        ]
      },
      "properties": {
        "risk_score": 0.18,
        "risk_level": "Low",
        "active_defects_nearby": 0,
        "defect_severity_index": 0.0
      }
    },
    {
      "type": "Feature",
      "geometry": {
        "type": "Point",
        "coordinates": [
          81.7625,
          25.352083
        ]
      },
      "properties": {
        "risk_score": 0.18,
        "risk_level": "Low",
        "active_defects_nearby": 0,
        "defect_severity_index": 0.0
      }
    },
    {
      "type": "Feature",
      "geometry": {
        "type": "Point",
        "coordinates": [
          81.775,
          25.352083
        ]
      },
      "properties": {
        "risk_score": 0.18,
        "risk_level": "Low",
        "active_defects_nearby": 0,
        "defect_severity_index": 0.0
      }
    },
    {
      "type": "Feature",
      "geometry": {
        "type": "Point",
        "coordinates": [
          81.7875,
          25.352083
        ]
      },
      "properties": {
        "risk_score": 0.228,
        "risk_level": "Low",
        "active_defects_nearby": 0,
        "defect_severity_index": 0.0
      }
    },
    {
      "type": "Feature",
      "geometry": {
        "type": "Point",
        "coordinates": [
          81.8,
          25.352083
        ]
      },
      "properties": {
        "risk_score": 0.33,
        "risk_level": "Medium",
        "active_defects_nearby": 0,
        "defect_severity_index": 0.0
      }
    },
    {
      "type": "Feature",
      "geometry": {
        "type": "Point",
        "coordinates": [
          81.8125,
          25.352083
        ]
      },
      "properties": {
        "risk_score": 0.33,
        "risk_level": "Medium",
        "active_defects_nearby": 0,
        "defect_severity_index": 0.0
      }
    },
    {
      "type": "Feature",
      "geometry": {
        "type": "Point",
        "coordinates": [
          81.825,
          25.352083
        ]
      },
      "properties": {
        "risk_score": 0.33,
        "risk_level": "Medium",
        "active_defects_nearby": 0,
        "defect_severity_index": 0.0
      }
    },
    {
      "type": "Feature",
      "geometry": {
        "type": "Point",
        "coordinates": [
          81.8375,
          25.352083
        ]
      },
      "properties": {
        "risk_score": 0.342,
        "risk_level": "Medium",
        "active_defects_nearby": 0,
        "defect_severity_index": 0.0
      }
    },
    {
      "type": "Feature",
      "geometry": {
        "type": "Point",
        "coordinates": [
          81.85,
          25.352083
        ]
      },
      "properties": {
        "risk_score": 0.361,
        "risk_level": "Medium",
        "active_defects_nearby": 0,
        "defect_severity_index": 0.0
      }
    },
    {
      "type": "Feature",
      "geometry": {
        "type": "Point",
        "coordinates": [
          81.8625,
          25.352083
        ]
      },
      "properties": {
        "risk_score": 0.37,
        "risk_level": "Medium",
        "active_defects_nearby": 0,
        "defect_severity_index": 0.0
      }
    },
    {
      "type": "Feature",
      "geometry": {
        "type": "Point",
        "coordinates": [
          81.875,
          25.352083
        ]
      },
      "properties": {
        "risk_score": 0.366,
        "risk_level": "Medium",
        "active_defects_nearby": 0,
        "defect_severity_index": 0.0
      }
    },
    {
      "type": "Feature",
      "geometry": {
        "type": "Point",
        "coordinates": [
          81.8875,
          25.352083
        ]
      },
      "properties": {
        "risk_score": 0.351,
        "risk_level": "Medium",
        "active_defects_nearby": 0,
        "defect_severity_index": 0.0
      }
    },
    {
      "type": "Feature",
      "geometry": {
        "type": "Point",
        "coordinates": [
          81.9,
          25.352083
        ]
      },
      "properties": {
        "risk_score": 0.33,
        "risk_level": "Medium",
        "active_defects_nearby": 0,
        "defect_severity_index": 0.0
      }
    },
    {
      "type": "Feature",
      "geometry": {
        "type": "Point",
        "coordinates": [
          81.9125,
          25.352083
        ]
      },
      "properties": {
        "risk_score": 0.33,
        "risk_level": "Medium",
        "active_defects_nearby": 0,
        "defect_severity_index": 0.0
      }
    },
    {
      "type": "Feature",
      "geometry": {
        "type": "Point",
        "coordinates": [
          81.925,
          25.352083
        ]
      },
      "properties": {
        "risk_score": 0.33,
        "risk_level": "Medium",
        "active_defects_nearby": 0,
        "defect_severity_index": 0.0
      }
    },
    {
      "type": "Feature",
      "geometry": {
        "type": "Point",
        "coordinates": [
          81.9375,
          25.352083
        ]
      },
      "properties": {
        "risk_score": 0.33,
        "risk_level": "Medium",
        "active_defects_nearby": 0,
        "defect_severity_index": 0.0
      }
    },
    {
      "type": "Feature",
      "geometry": {
        "type": "Point",
        "coordinates": [
          81.95,
          25.352083
        ]
      },
      "properties": {
        "risk_score": 0.33,
        "risk_level": "Medium",
        "active_defects_nearby": 0,
        "defect_severity_index": 0.0
      }
    },
    {
      "type": "Feature",
      "geometry": {
        "type": "Point",
        "coordinates": [
          81.9625,
          25.352083
        ]
      },
      "properties": {
        "risk_score": 0.33,
        "risk_level": "Medium",
        "active_defects_nearby": 0,
        "defect_severity_index": 0.0
      }
    },
    {
      "type": "Feature",
      "geometry": {
        "type": "Point",
        "coordinates": [
          81.975,
          25.352083
        ]
      },
      "properties": {
        "risk_score": 0.33,
        "risk_level": "Medium",
        "active_defects_nearby": 0,
        "defect_severity_index": 0.0
      }
    },
    {
      "type": "Feature",
      "geometry": {
        "type": "Point",
        "coordinates": [
          81.9875,
          25.352083
        ]
      },
      "properties": {
        "risk_score": 0.33,
        "risk_level": "Medium",
        "active_defects_nearby": 0,
        "defect_severity_index": 0.0
      }
    },
    {
      "type": "Feature",
      "geometry": {
        "type": "Point",
        "coordinates": [
          82.0,
          25.352083
        ]
      },
      "properties": {
        "risk_score": 0.33,
        "risk_level": "Medium",
        "active_defects_nearby": 0,
        "defect_severity_index": 0.0
      }
    },
    {
      "type": "Feature",
      "geometry": {
        "type": "Point",
        "coordinates": [
          81.7,
          25.3625
        ]
      },
      "properties": {
        "risk_score": 0.18,
        "risk_level": "Low",
        "active_defects_nearby": 0,
        "defect_severity_index": 0.0
      }
    },
    {
      "type": "Feature",
      "geometry": {
        "type": "Point",
        "coordinates": [
          81.7125,
          25.3625
        ]
      },
      "properties": {
        "risk_score": 0.18,
        "risk_level": "Low",
        "active_defects_nearby": 0,
        "defect_severity_index": 0.0
      }
    },
    {
      "type": "Feature",
      "geometry": {
        "type": "Point",
        "coordinates": [
          81.725,
          25.3625
        ]
      },
      "properties": {
        "risk_score": 0.18,
        "risk_level": "Low",
        "active_defects_nearby": 0,
        "defect_severity_index": 0.0
      }
    },
    {
      "type": "Feature",
      "geometry": {
        "type": "Point",
        "coordinates": [
          81.7375,
          25.3625
        ]
      },
      "properties": {
        "risk_score": 0.18,
        "risk_level": "Low",
        "active_defects_nearby": 0,
        "defect_severity_index": 0.0
      }
    },
    {
      "type": "Feature",
      "geometry": {
        "type": "Point",
        "coordinates": [
          81.75,
          25.3625
        ]
      },
      "properties": {
        "risk_score": 0.18,
        "risk_level": "Low",
        "active_defects_nearby": 0,
        "defect_severity_index": 0.0
      }
    },
    {
      "type": "Feature",
      "geometry": {
        "type": "Point",
        "coordinates": [
          81.7625,
          25.3625
        ]
      },
      "properties": {
        "risk_score": 0.18,
        "risk_level": "Low",
        "active_defects_nearby": 0,
        "defect_severity_index": 0.0
      }
    },
    {
      "type": "Feature",
      "geometry": {
        "type": "Point",
        "coordinates": [
          81.775,
          25.3625
        ]
      },
      "properties": {
        "risk_score": 0.18,
        "risk_level": "Low",
        "active_defects_nearby": 0,
        "defect_severity_index": 0.0
      }
    },
    {
      "type": "Feature",
      "geometry": {
        "type": "Point",
        "coordinates": [
          81.7875,
          25.3625
        ]
      },
      "properties": {
        "risk_score": 0.228,
        "risk_level": "Low",
        "active_defects_nearby": 0,
        "defect_severity_index": 0.0
      }
    },
    {
      "type": "Feature",
      "geometry": {
        "type": "Point",
        "coordinates": [
          81.8,
          25.3625
        ]
      },
      "properties": {
        "risk_score": 0.228,
        "risk_level": "Low",
        "active_defects_nearby": 0,
        "defect_severity_index": 0.0
      }
    },
    {
      "type": "Feature",
      "geometry": {
        "type": "Point",
        "coordinates": [
          81.8125,
          25.3625
        ]
      },
      "properties": {
        "risk_score": 0.33,
        "risk_level": "Medium",
        "active_defects_nearby": 0,
        "defect_severity_index": 0.0
      }
    },
    {
      "type": "Feature",
      "geometry": {
        "type": "Point",
        "coordinates": [
          81.825,
          25.3625
        ]
      },
      "properties": {
        "risk_score": 0.338,
        "risk_level": "Medium",
        "active_defects_nearby": 0,
        "defect_severity_index": 0.0
      }
    },
    {
      "type": "Feature",
      "geometry": {
        "type": "Point",
        "coordinates": [
          81.8375,
          25.3625
        ]
      },
      "properties": {
        "risk_score": 0.368,
        "risk_level": "Medium",
        "active_defects_nearby": 0,
        "defect_severity_index": 0.0
      }
    },
    {
      "type": "Feature",
      "geometry": {
        "type": "Point",
        "coordinates": [
          81.85,
          25.3625
        ]
      },
      "properties": {
        "risk_score": 0.392,
        "risk_level": "Medium",
        "active_defects_nearby": 0,
        "defect_severity_index": 0.0
      }
    },
    {
      "type": "Feature",
      "geometry": {
        "type": "Point",
        "coordinates": [
          81.8625,
          25.3625
        ]
      },
      "properties": {
        "risk_score": 0.405,
        "risk_level": "Medium",
        "active_defects_nearby": 0,
        "defect_severity_index": 0.0
      }
    },
    {
      "type": "Feature",
      "geometry": {
        "type": "Point",
        "coordinates": [
          81.875,
          25.3625
        ]
      },
      "properties": {
        "risk_score": 0.499,
        "risk_level": "Medium",
        "active_defects_nearby": 1,
        "defect_severity_index": 2.0
      }
    },
    {
      "type": "Feature",
      "geometry": {
        "type": "Point",
        "coordinates": [
          81.8875,
          25.3625
        ]
      },
      "properties": {
        "risk_score": 0.379,
        "risk_level": "Medium",
        "active_defects_nearby": 0,
        "defect_severity_index": 0.0
      }
    },
    {
      "type": "Feature",
      "geometry": {
        "type": "Point",
        "coordinates": [
          81.9,
          25.3625
        ]
      },
      "properties": {
        "risk_score": 0.35,
        "risk_level": "Medium",
        "active_defects_nearby": 0,
        "defect_severity_index": 0.0
      }
    },
    {
      "type": "Feature",
      "geometry": {
        "type": "Point",
        "coordinates": [
          81.9125,
          25.3625
        ]
      },
      "properties": {
        "risk_score": 0.33,
        "risk_level": "Medium",
        "active_defects_nearby": 0,
        "defect_severity_index": 0.0
      }
    },
    {
      "type": "Feature",
      "geometry": {
        "type": "Point",
        "coordinates": [
          81.925,
          25.3625
        ]
      },
      "properties": {
        "risk_score": 0.33,
        "risk_level": "Medium",
        "active_defects_nearby": 0,
        "defect_severity_index": 0.0
      }
    },
    {
      "type": "Feature",
      "geometry": {
        "type": "Point",
        "coordinates": [
          81.9375,
          25.3625
        ]
      },
      "properties": {
        "risk_score": 0.33,
        "risk_level": "Medium",
        "active_defects_nearby": 0,
        "defect_severity_index": 0.0
      }
    },
    {
      "type": "Feature",
      "geometry": {
        "type": "Point",
        "coordinates": [
          81.95,
          25.3625
        ]
      },
      "properties": {
        "risk_score": 0.33,
        "risk_level": "Medium",
        "active_defects_nearby": 0,
        "defect_severity_index": 0.0
      }
    },
    {
      "type": "Feature",
      "geometry": {
        "type": "Point",
        "coordinates": [
          81.9625,
          25.3625
        ]
      },
      "properties": {
        "risk_score": 0.33,
        "risk_level": "Medium",
        "active_defects_nearby": 0,
        "defect_severity_index": 0.0
      }
    },
    {
      "type": "Feature",
      "geometry": {
        "type": "Point",
        "coordinates": [
          81.975,
          25.3625
        ]
      },
      "properties": {
        "risk_score": 0.33,
        "risk_level": "Medium",
        "active_defects_nearby": 0,
        "defect_severity_index": 0.0
      }
    },
    {
      "type": "Feature",
      "geometry": {
        "type": "Point",
        "coordinates": [
          81.9875,
          25.3625
        ]
      },
      "properties": {
        "risk_score": 0.33,
        "risk_level": "Medium",
        "active_defects_nearby": 0,
        "defect_severity_index": 0.0
      }
    },
    {
      "type": "Feature",
      "geometry": {
        "type": "Point",
        "coordinates": [
          82.0,
          25.3625
        ]
      },
      "properties": {
        "risk_score": 0.33,
        "risk_level": "Medium",
        "active_defects_nearby": 0,
        "defect_severity_index": 0.0
      }
    },
    {
      "type": "Feature",
      "geometry": {
        "type": "Point",
        "coordinates": [
          81.7,
          25.372917
        ]
      },
      "properties": {
        "risk_score": 0.18,
        "risk_level": "Low",
        "active_defects_nearby": 0,
        "defect_severity_index": 0.0
      }
    },
    {
      "type": "Feature",
      "geometry": {
        "type": "Point",
        "coordinates": [
          81.7125,
          25.372917
        ]
      },
      "properties": {
        "risk_score": 0.18,
        "risk_level": "Low",
        "active_defects_nearby": 0,
        "defect_severity_index": 0.0
      }
    },
    {
      "type": "Feature",
      "geometry": {
        "type": "Point",
        "coordinates": [
          81.725,
          25.372917
        ]
      },
      "properties": {
        "risk_score": 0.18,
        "risk_level": "Low",
        "active_defects_nearby": 0,
        "defect_severity_index": 0.0
      }
    },
    {
      "type": "Feature",
      "geometry": {
        "type": "Point",
        "coordinates": [
          81.7375,
          25.372917
        ]
      },
      "properties": {
        "risk_score": 0.18,
        "risk_level": "Low",
        "active_defects_nearby": 0,
        "defect_severity_index": 0.0
      }
    },
    {
      "type": "Feature",
      "geometry": {
        "type": "Point",
        "coordinates": [
          81.75,
          25.372917
        ]
      },
      "properties": {
        "risk_score": 0.18,
        "risk_level": "Low",
        "active_defects_nearby": 0,
        "defect_severity_index": 0.0
      }
    },
    {
      "type": "Feature",
      "geometry": {
        "type": "Point",
        "coordinates": [
          81.7625,
          25.372917
        ]
      },
      "properties": {
        "risk_score": 0.18,
        "risk_level": "Low",
        "active_defects_nearby": 0,
        "defect_severity_index": 0.0
      }
    },
    {
      "type": "Feature",
      "geometry": {
        "type": "Point",
        "coordinates": [
          81.775,
          25.372917
        ]
      },
      "properties": {
        "risk_score": 0.18,
        "risk_level": "Low",
        "active_defects_nearby": 0,
        "defect_severity_index": 0.0
      }
    },
    {
      "type": "Feature",
      "geometry": {
        "type": "Point",
        "coordinates": [
          81.7875,
          25.372917
        ]
      },
      "properties": {
        "risk_score": 0.228,
        "risk_level": "Low",
        "active_defects_nearby": 0,
        "defect_severity_index": 0.0
      }
    },
    {
      "type": "Feature",
      "geometry": {
        "type": "Point",
        "coordinates": [
          81.8,
          25.372917
        ]
      },
      "properties": {
        "risk_score": 0.228,
        "risk_level": "Low",
        "active_defects_nearby": 0,
        "defect_severity_index": 0.0
      }
    },
    {
      "type": "Feature",
      "geometry": {
        "type": "Point",
        "coordinates": [
          81.8125,
          25.372917
        ]
      },
      "properties": {
        "risk_score": 0.228,
        "risk_level": "Low",
        "active_defects_nearby": 0,
        "defect_severity_index": 0.0
      }
    },
    {
      "type": "Feature",
      "geometry": {
        "type": "Point",
        "coordinates": [
          81.825,
          25.372917
        ]
      },
      "properties": {
        "risk_score": 0.353,
        "risk_level": "Medium",
        "active_defects_nearby": 0,
        "defect_severity_index": 0.0
      }
    },
    {
      "type": "Feature",
      "geometry": {
        "type": "Point",
        "coordinates": [
          81.8375,
          25.372917
        ]
      },
      "properties": {
        "risk_score": 0.388,
        "risk_level": "Medium",
        "active_defects_nearby": 0,
        "defect_severity_index": 0.0
      }
    },
    {
      "type": "Feature",
      "geometry": {
        "type": "Point",
        "coordinates": [
          81.85,
          25.372917
        ]
      },
      "properties": {
        "risk_score": 0.599,
        "risk_level": "High",
        "active_defects_nearby": 2,
        "defect_severity_index": 3.0
      }
    },
    {
      "type": "Feature",
      "geometry": {
        "type": "Point",
        "coordinates": [
          81.8625,
          25.372917
        ]
      },
      "properties": {
        "risk_score": 0.95,
        "risk_level": "Critical",
        "active_defects_nearby": 7,
        "defect_severity_index": 10.0
      }
    },
    {
      "type": "Feature",
      "geometry": {
        "type": "Point",
        "coordinates": [
          81.875,
          25.372917
        ]
      },
      "properties": {
        "risk_score": 0.535,
        "risk_level": "Medium",
        "active_defects_nearby": 1,
        "defect_severity_index": 2.25
      }
    },
    {
      "type": "Feature",
      "geometry": {
        "type": "Point",
        "coordinates": [
          81.8875,
          25.372917
        ]
      },
      "properties": {
        "risk_score": 0.401,
        "risk_level": "Medium",
        "active_defects_nearby": 0,
        "defect_severity_index": 0.0
      }
    },
    {
      "type": "Feature",
      "geometry": {
        "type": "Point",
        "coordinates": [
          81.9,
          25.372917
        ]
      },
      "properties": {
        "risk_score": 0.367,
        "risk_level": "Medium",
        "active_defects_nearby": 0,
        "defect_severity_index": 0.0
      }
    },
    {
      "type": "Feature",
      "geometry": {
        "type": "Point",
        "coordinates": [
          81.9125,
          25.372917
        ]
      },
      "properties": {
        "risk_score": 0.331,
        "risk_level": "Medium",
        "active_defects_nearby": 0,
        "defect_severity_index": 0.0
      }
    },
    {
      "type": "Feature",
      "geometry": {
        "type": "Point",
        "coordinates": [
          81.925,
          25.372917
        ]
      },
      "properties": {
        "risk_score": 0.33,
        "risk_level": "Medium",
        "active_defects_nearby": 0,
        "defect_severity_index": 0.0
      }
    },
    {
      "type": "Feature",
      "geometry": {
        "type": "Point",
        "coordinates": [
          81.9375,
          25.372917
        ]
      },
      "properties": {
        "risk_score": 0.33,
        "risk_level": "Medium",
        "active_defects_nearby": 0,
        "defect_severity_index": 0.0
      }
    },
    {
      "type": "Feature",
      "geometry": {
        "type": "Point",
        "coordinates": [
          81.95,
          25.372917
        ]
      },
      "properties": {
        "risk_score": 0.33,
        "risk_level": "Medium",
        "active_defects_nearby": 0,
        "defect_severity_index": 0.0
      }
    },
    {
      "type": "Feature",
      "geometry": {
        "type": "Point",
        "coordinates": [
          81.9625,
          25.372917
        ]
      },
      "properties": {
        "risk_score": 0.33,
        "risk_level": "Medium",
        "active_defects_nearby": 0,
        "defect_severity_index": 0.0
      }
    },
    {
      "type": "Feature",
      "geometry": {
        "type": "Point",
        "coordinates": [
          81.975,
          25.372917
        ]
      },
      "properties": {
        "risk_score": 0.33,
        "risk_level": "Medium",
        "active_defects_nearby": 0,
        "defect_severity_index": 0.0
      }
    },
    {
      "type": "Feature",
      "geometry": {
        "type": "Point",
        "coordinates": [
          81.9875,
          25.372917
        ]
      },
      "properties": {
        "risk_score": 0.288,
        "risk_level": "Low",
        "active_defects_nearby": 0,
        "defect_severity_index": 0.0
      }
    },
    {
      "type": "Feature",
      "geometry": {
        "type": "Point",
        "coordinates": [
          82.0,
          25.372917
        ]
      },
      "properties": {
        "risk_score": 0.288,
        "risk_level": "Low",
        "active_defects_nearby": 0,
        "defect_severity_index": 0.0
      }
    },
    {
      "type": "Feature",
      "geometry": {
        "type": "Point",
        "coordinates": [
          81.7,
          25.383333
        ]
      },
      "properties": {
        "risk_score": 0.348,
        "risk_level": "Medium",
        "active_defects_nearby": 0,
        "defect_severity_index": 0.0
      }
    },
    {
      "type": "Feature",
      "geometry": {
        "type": "Point",
        "coordinates": [
          81.7125,
          25.383333
        ]
      },
      "properties": {
        "risk_score": 0.18,
        "risk_level": "Low",
        "active_defects_nearby": 0,
        "defect_severity_index": 0.0
      }
    },
    {
      "type": "Feature",
      "geometry": {
        "type": "Point",
        "coordinates": [
          81.725,
          25.383333
        ]
      },
      "properties": {
        "risk_score": 0.18,
        "risk_level": "Low",
        "active_defects_nearby": 0,
        "defect_severity_index": 0.0
      }
    },
    {
      "type": "Feature",
      "geometry": {
        "type": "Point",
        "coordinates": [
          81.7375,
          25.383333
        ]
      },
      "properties": {
        "risk_score": 0.18,
        "risk_level": "Low",
        "active_defects_nearby": 0,
        "defect_severity_index": 0.0
      }
    },
    {
      "type": "Feature",
      "geometry": {
        "type": "Point",
        "coordinates": [
          81.75,
          25.383333
        ]
      },
      "properties": {
        "risk_score": 0.18,
        "risk_level": "Low",
        "active_defects_nearby": 0,
        "defect_severity_index": 0.0
      }
    },
    {
      "type": "Feature",
      "geometry": {
        "type": "Point",
        "coordinates": [
          81.7625,
          25.383333
        ]
      },
      "properties": {
        "risk_score": 0.18,
        "risk_level": "Low",
        "active_defects_nearby": 0,
        "defect_severity_index": 0.0
      }
    },
    {
      "type": "Feature",
      "geometry": {
        "type": "Point",
        "coordinates": [
          81.775,
          25.383333
        ]
      },
      "properties": {
        "risk_score": 0.18,
        "risk_level": "Low",
        "active_defects_nearby": 0,
        "defect_severity_index": 0.0
      }
    },
    {
      "type": "Feature",
      "geometry": {
        "type": "Point",
        "coordinates": [
          81.7875,
          25.383333
        ]
      },
      "properties": {
        "risk_score": 0.228,
        "risk_level": "Low",
        "active_defects_nearby": 0,
        "defect_severity_index": 0.0
      }
    },
    {
      "type": "Feature",
      "geometry": {
        "type": "Point",
        "coordinates": [
          81.8,
          25.383333
        ]
      },
      "properties": {
        "risk_score": 0.242,
        "risk_level": "Low",
        "active_defects_nearby": 0,
        "defect_severity_index": 0.0
      }
    },
    {
      "type": "Feature",
      "geometry": {
        "type": "Point",
        "coordinates": [
          81.8125,
          25.383333
        ]
      },
      "properties": {
        "risk_score": 0.254,
        "risk_level": "Low",
        "active_defects_nearby": 0,
        "defect_severity_index": 0.0
      }
    },
    {
      "type": "Feature",
      "geometry": {
        "type": "Point",
        "coordinates": [
          81.825,
          25.383333
        ]
      },
      "properties": {
        "risk_score": 0.359,
        "risk_level": "Medium",
        "active_defects_nearby": 0,
        "defect_severity_index": 0.0
      }
    },
    {
      "type": "Feature",
      "geometry": {
        "type": "Point",
        "coordinates": [
          81.8375,
          25.383333
        ]
      },
      "properties": {
        "risk_score": 0.397,
        "risk_level": "Medium",
        "active_defects_nearby": 0,
        "defect_severity_index": 0.0
      }
    },
    {
      "type": "Feature",
      "geometry": {
        "type": "Point",
        "coordinates": [
          81.85,
          25.383333
        ]
      },
      "properties": {
        "risk_score": 0.95,
        "risk_level": "Critical",
        "active_defects_nearby": 6,
        "defect_severity_index": 10.0
      }
    },
    {
      "type": "Feature",
      "geometry": {
        "type": "Point",
        "coordinates": [
          81.8625,
          25.383333
        ]
      },
      "properties": {
        "risk_score": 0.95,
        "risk_level": "Critical",
        "active_defects_nearby": 16,
        "defect_severity_index": 10.0
      }
    },
    {
      "type": "Feature",
      "geometry": {
        "type": "Point",
        "coordinates": [
          81.875,
          25.383333
        ]
      },
      "properties": {
        "risk_score": 0.95,
        "risk_level": "Critical",
        "active_defects_nearby": 8,
        "defect_severity_index": 10.0
      }
    },
    {
      "type": "Feature",
      "geometry": {
        "type": "Point",
        "coordinates": [
          81.8875,
          25.383333
        ]
      },
      "properties": {
        "risk_score": 0.412,
        "risk_level": "Medium",
        "active_defects_nearby": 0,
        "defect_severity_index": 0.0
      }
    },
    {
      "type": "Feature",
      "geometry": {
        "type": "Point",
        "coordinates": [
          81.9,
          25.383333
        ]
      },
      "properties": {
        "risk_score": 0.374,
        "risk_level": "Medium",
        "active_defects_nearby": 0,
        "defect_severity_index": 0.0
      }
    },
    {
      "type": "Feature",
      "geometry": {
        "type": "Point",
        "coordinates": [
          81.9125,
          25.383333
        ]
      },
      "properties": {
        "risk_score": 0.336,
        "risk_level": "Medium",
        "active_defects_nearby": 0,
        "defect_severity_index": 0.0
      }
    },
    {
      "type": "Feature",
      "geometry": {
        "type": "Point",
        "coordinates": [
          81.925,
          25.383333
        ]
      },
      "properties": {
        "risk_score": 0.33,
        "risk_level": "Medium",
        "active_defects_nearby": 0,
        "defect_severity_index": 0.0
      }
    },
    {
      "type": "Feature",
      "geometry": {
        "type": "Point",
        "coordinates": [
          81.9375,
          25.383333
        ]
      },
      "properties": {
        "risk_score": 0.33,
        "risk_level": "Medium",
        "active_defects_nearby": 0,
        "defect_severity_index": 0.0
      }
    },
    {
      "type": "Feature",
      "geometry": {
        "type": "Point",
        "coordinates": [
          81.95,
          25.383333
        ]
      },
      "properties": {
        "risk_score": 0.33,
        "risk_level": "Medium",
        "active_defects_nearby": 0,
        "defect_severity_index": 0.0
      }
    },
    {
      "type": "Feature",
      "geometry": {
        "type": "Point",
        "coordinates": [
          81.9625,
          25.383333
        ]
      },
      "properties": {
        "risk_score": 0.288,
        "risk_level": "Low",
        "active_defects_nearby": 0,
        "defect_severity_index": 0.0
      }
    },
    {
      "type": "Feature",
      "geometry": {
        "type": "Point",
        "coordinates": [
          81.975,
          25.383333
        ]
      },
      "properties": {
        "risk_score": 0.288,
        "risk_level": "Low",
        "active_defects_nearby": 0,
        "defect_severity_index": 0.0
      }
    },
    {
      "type": "Feature",
      "geometry": {
        "type": "Point",
        "coordinates": [
          81.9875,
          25.383333
        ]
      },
      "properties": {
        "risk_score": 0.288,
        "risk_level": "Low",
        "active_defects_nearby": 0,
        "defect_severity_index": 0.0
      }
    },
    {
      "type": "Feature",
      "geometry": {
        "type": "Point",
        "coordinates": [
          82.0,
          25.383333
        ]
      },
      "properties": {
        "risk_score": 0.288,
        "risk_level": "Low",
        "active_defects_nearby": 0,
        "defect_severity_index": 0.0
      }
    },
    {
      "type": "Feature",
      "geometry": {
        "type": "Point",
        "coordinates": [
          81.7,
          25.39375
        ]
      },
      "properties": {
        "risk_score": 0.348,
        "risk_level": "Medium",
        "active_defects_nearby": 0,
        "defect_severity_index": 0.0
      }
    },
    {
      "type": "Feature",
      "geometry": {
        "type": "Point",
        "coordinates": [
          81.7125,
          25.39375
        ]
      },
      "properties": {
        "risk_score": 0.348,
        "risk_level": "Medium",
        "active_defects_nearby": 0,
        "defect_severity_index": 0.0
      }
    },
    {
      "type": "Feature",
      "geometry": {
        "type": "Point",
        "coordinates": [
          81.725,
          25.39375
        ]
      },
      "properties": {
        "risk_score": 0.18,
        "risk_level": "Low",
        "active_defects_nearby": 0,
        "defect_severity_index": 0.0
      }
    },
    {
      "type": "Feature",
      "geometry": {
        "type": "Point",
        "coordinates": [
          81.7375,
          25.39375
        ]
      },
      "properties": {
        "risk_score": 0.18,
        "risk_level": "Low",
        "active_defects_nearby": 0,
        "defect_severity_index": 0.0
      }
    },
    {
      "type": "Feature",
      "geometry": {
        "type": "Point",
        "coordinates": [
          81.75,
          25.39375
        ]
      },
      "properties": {
        "risk_score": 0.201,
        "risk_level": "Low",
        "active_defects_nearby": 0,
        "defect_severity_index": 0.0
      }
    },
    {
      "type": "Feature",
      "geometry": {
        "type": "Point",
        "coordinates": [
          81.7625,
          25.39375
        ]
      },
      "properties": {
        "risk_score": 0.214,
        "risk_level": "Low",
        "active_defects_nearby": 0,
        "defect_severity_index": 0.0
      }
    },
    {
      "type": "Feature",
      "geometry": {
        "type": "Point",
        "coordinates": [
          81.775,
          25.39375
        ]
      },
      "properties": {
        "risk_score": 0.215,
        "risk_level": "Low",
        "active_defects_nearby": 0,
        "defect_severity_index": 0.0
      }
    },
    {
      "type": "Feature",
      "geometry": {
        "type": "Point",
        "coordinates": [
          81.7875,
          25.39375
        ]
      },
      "properties": {
        "risk_score": 0.204,
        "risk_level": "Low",
        "active_defects_nearby": 0,
        "defect_severity_index": 0.0
      }
    },
    {
      "type": "Feature",
      "geometry": {
        "type": "Point",
        "coordinates": [
          81.8,
          25.39375
        ]
      },
      "properties": {
        "risk_score": 0.272,
        "risk_level": "Low",
        "active_defects_nearby": 0,
        "defect_severity_index": 0.0
      }
    },
    {
      "type": "Feature",
      "geometry": {
        "type": "Point",
        "coordinates": [
          81.8125,
          25.39375
        ]
      },
      "properties": {
        "risk_score": 0.288,
        "risk_level": "Low",
        "active_defects_nearby": 0,
        "defect_severity_index": 0.0
      }
    },
    {
      "type": "Feature",
      "geometry": {
        "type": "Point",
        "coordinates": [
          81.825,
          25.39375
        ]
      },
      "properties": {
        "risk_score": 0.289,
        "risk_level": "Low",
        "active_defects_nearby": 0,
        "defect_severity_index": 0.0
      }
    },
    {
      "type": "Feature",
      "geometry": {
        "type": "Point",
        "coordinates": [
          81.8375,
          25.39375
        ]
      },
      "properties": {
        "risk_score": 0.392,
        "risk_level": "Medium",
        "active_defects_nearby": 0,
        "defect_severity_index": 0.0
      }
    },
    {
      "type": "Feature",
      "geometry": {
        "type": "Point",
        "coordinates": [
          81.85,
          25.39375
        ]
      },
      "properties": {
        "risk_score": 0.686,
        "risk_level": "High",
        "active_defects_nearby": 3,
        "defect_severity_index": 4.0
      }
    },
    {
      "type": "Feature",
      "geometry": {
        "type": "Point",
        "coordinates": [
          81.8625,
          25.39375
        ]
      },
      "properties": {
        "risk_score": 0.95,
        "risk_level": "Critical",
        "active_defects_nearby": 10,
        "defect_severity_index": 10.0
      }
    },
    {
      "type": "Feature",
      "geometry": {
        "type": "Point",
        "coordinates": [
          81.875,
          25.39375
        ]
      },
      "properties": {
        "risk_score": 0.878,
        "risk_level": "Critical",
        "active_defects_nearby": 4,
        "defect_severity_index": 10.0
      }
    },
    {
      "type": "Feature",
      "geometry": {
        "type": "Point",
        "coordinates": [
          81.8875,
          25.39375
        ]
      },
      "properties": {
        "risk_score": 0.406,
        "risk_level": "Medium",
        "active_defects_nearby": 0,
        "defect_severity_index": 0.0
      }
    },
    {
      "type": "Feature",
      "geometry": {
        "type": "Point",
        "coordinates": [
          81.9,
          25.39375
        ]
      },
      "properties": {
        "risk_score": 0.37,
        "risk_level": "Medium",
        "active_defects_nearby": 0,
        "defect_severity_index": 0.0
      }
    },
    {
      "type": "Feature",
      "geometry": {
        "type": "Point",
        "coordinates": [
          81.9125,
          25.39375
        ]
      },
      "properties": {
        "risk_score": 0.334,
        "risk_level": "Medium",
        "active_defects_nearby": 0,
        "defect_severity_index": 0.0
      }
    },
    {
      "type": "Feature",
      "geometry": {
        "type": "Point",
        "coordinates": [
          81.925,
          25.39375
        ]
      },
      "properties": {
        "risk_score": 0.24,
        "risk_level": "Low",
        "active_defects_nearby": 0,
        "defect_severity_index": 0.0
      }
    },
    {
      "type": "Feature",
      "geometry": {
        "type": "Point",
        "coordinates": [
          81.9375,
          25.39375
        ]
      },
      "properties": {
        "risk_score": 0.288,
        "risk_level": "Low",
        "active_defects_nearby": 0,
        "defect_severity_index": 0.0
      }
    },
    {
      "type": "Feature",
      "geometry": {
        "type": "Point",
        "coordinates": [
          81.95,
          25.39375
        ]
      },
      "properties": {
        "risk_score": 0.288,
        "risk_level": "Low",
        "active_defects_nearby": 0,
        "defect_severity_index": 0.0
      }
    },
    {
      "type": "Feature",
      "geometry": {
        "type": "Point",
        "coordinates": [
          81.9625,
          25.39375
        ]
      },
      "properties": {
        "risk_score": 0.288,
        "risk_level": "Low",
        "active_defects_nearby": 0,
        "defect_severity_index": 0.0
      }
    },
    {
      "type": "Feature",
      "geometry": {
        "type": "Point",
        "coordinates": [
          81.975,
          25.39375
        ]
      },
      "properties": {
        "risk_score": 0.288,
        "risk_level": "Low",
        "active_defects_nearby": 0,
        "defect_severity_index": 0.0
      }
    },
    {
      "type": "Feature",
      "geometry": {
        "type": "Point",
        "coordinates": [
          81.9875,
          25.39375
        ]
      },
      "properties": {
        "risk_score": 0.288,
        "risk_level": "Low",
        "active_defects_nearby": 0,
        "defect_severity_index": 0.0
      }
    },
    {
      "type": "Feature",
      "geometry": {
        "type": "Point",
        "coordinates": [
          82.0,
          25.39375
        ]
      },
      "properties": {
        "risk_score": 0.288,
        "risk_level": "Low",
        "active_defects_nearby": 0,
        "defect_severity_index": 0.0
      }
    },
    {
      "type": "Feature",
      "geometry": {
        "type": "Point",
        "coordinates": [
          81.7,
          25.404167
        ]
      },
      "properties": {
        "risk_score": 0.348,
        "risk_level": "Medium",
        "active_defects_nearby": 0,
        "defect_severity_index": 0.0
      }
    },
    {
      "type": "Feature",
      "geometry": {
        "type": "Point",
        "coordinates": [
          81.7125,
          25.404167
        ]
      },
      "properties": {
        "risk_score": 0.348,
        "risk_level": "Medium",
        "active_defects_nearby": 0,
        "defect_severity_index": 0.0
      }
    },
    {
      "type": "Feature",
      "geometry": {
        "type": "Point",
        "coordinates": [
          81.725,
          25.404167
        ]
      },
      "properties": {
        "risk_score": 0.18,
        "risk_level": "Low",
        "active_defects_nearby": 0,
        "defect_severity_index": 0.0
      }
    },
    {
      "type": "Feature",
      "geometry": {
        "type": "Point",
        "coordinates": [
          81.7375,
          25.404167
        ]
      },
      "properties": {
        "risk_score": 0.204,
        "risk_level": "Low",
        "active_defects_nearby": 0,
        "defect_severity_index": 0.0
      }
    },
    {
      "type": "Feature",
      "geometry": {
        "type": "Point",
        "coordinates": [
          81.75,
          25.404167
        ]
      },
      "properties": {
        "risk_score": 0.23,
        "risk_level": "Low",
        "active_defects_nearby": 0,
        "defect_severity_index": 0.0
      }
    },
    {
      "type": "Feature",
      "geometry": {
        "type": "Point",
        "coordinates": [
          81.7625,
          25.404167
        ]
      },
      "properties": {
        "risk_score": 0.367,
        "risk_level": "Medium",
        "active_defects_nearby": 1,
        "defect_severity_index": 3.0
      }
    },
    {
      "type": "Feature",
      "geometry": {
        "type": "Point",
        "coordinates": [
          81.775,
          25.404167
        ]
      },
      "properties": {
        "risk_score": 0.479,
        "risk_level": "Medium",
        "active_defects_nearby": 2,
        "defect_severity_index": 5.5
      }
    },
    {
      "type": "Feature",
      "geometry": {
        "type": "Point",
        "coordinates": [
          81.7875,
          25.404167
        ]
      },
      "properties": {
        "risk_score": 0.235,
        "risk_level": "Low",
        "active_defects_nearby": 0,
        "defect_severity_index": 0.0
      }
    },
    {
      "type": "Feature",
      "geometry": {
        "type": "Point",
        "coordinates": [
          81.8,
          25.404167
        ]
      },
      "properties": {
        "risk_score": 0.298,
        "risk_level": "Low",
        "active_defects_nearby": 0,
        "defect_severity_index": 0.0
      }
    },
    {
      "type": "Feature",
      "geometry": {
        "type": "Point",
        "coordinates": [
          81.8125,
          25.404167
        ]
      },
      "properties": {
        "risk_score": 0.661,
        "risk_level": "High",
        "active_defects_nearby": 3,
        "defect_severity_index": 8.0
      }
    },
    {
      "type": "Feature",
      "geometry": {
        "type": "Point",
        "coordinates": [
          81.825,
          25.404167
        ]
      },
      "properties": {
        "risk_score": 0.683,
        "risk_level": "High",
        "active_defects_nearby": 3,
        "defect_severity_index": 9.0
      }
    },
    {
      "type": "Feature",
      "geometry": {
        "type": "Point",
        "coordinates": [
          81.8375,
          25.404167
        ]
      },
      "properties": {
        "risk_score": 0.38,
        "risk_level": "Medium",
        "active_defects_nearby": 0,
        "defect_severity_index": 0.0
      }
    },
    {
      "type": "Feature",
      "geometry": {
        "type": "Point",
        "coordinates": [
          81.85,
          25.404167
        ]
      },
      "properties": {
        "risk_score": 0.95,
        "risk_level": "Critical",
        "active_defects_nearby": 7,
        "defect_severity_index": 10.0
      }
    },
    {
      "type": "Feature",
      "geometry": {
        "type": "Point",
        "coordinates": [
          81.8625,
          25.404167
        ]
      },
      "properties": {
        "risk_score": 0.95,
        "risk_level": "Critical",
        "active_defects_nearby": 6,
        "defect_severity_index": 10.0
      }
    },
    {
      "type": "Feature",
      "geometry": {
        "type": "Point",
        "coordinates": [
          81.875,
          25.404167
        ]
      },
      "properties": {
        "risk_score": 0.409,
        "risk_level": "Medium",
        "active_defects_nearby": 0,
        "defect_severity_index": 0.0
      }
    },
    {
      "type": "Feature",
      "geometry": {
        "type": "Point",
        "coordinates": [
          81.8875,
          25.404167
        ]
      },
      "properties": {
        "risk_score": 0.301,
        "risk_level": "Medium",
        "active_defects_nearby": 0,
        "defect_severity_index": 0.0
      }
    },
    {
      "type": "Feature",
      "geometry": {
        "type": "Point",
        "coordinates": [
          81.9,
          25.404167
        ]
      },
      "properties": {
        "risk_score": 0.285,
        "risk_level": "Low",
        "active_defects_nearby": 0,
        "defect_severity_index": 0.0
      }
    },
    {
      "type": "Feature",
      "geometry": {
        "type": "Point",
        "coordinates": [
          81.9125,
          25.404167
        ]
      },
      "properties": {
        "risk_score": 0.259,
        "risk_level": "Low",
        "active_defects_nearby": 0,
        "defect_severity_index": 0.0
      }
    },
    {
      "type": "Feature",
      "geometry": {
        "type": "Point",
        "coordinates": [
          81.925,
          25.404167
        ]
      },
      "properties": {
        "risk_score": 0.288,
        "risk_level": "Low",
        "active_defects_nearby": 0,
        "defect_severity_index": 0.0
      }
    },
    {
      "type": "Feature",
      "geometry": {
        "type": "Point",
        "coordinates": [
          81.9375,
          25.404167
        ]
      },
      "properties": {
        "risk_score": 0.288,
        "risk_level": "Low",
        "active_defects_nearby": 0,
        "defect_severity_index": 0.0
      }
    },
    {
      "type": "Feature",
      "geometry": {
        "type": "Point",
        "coordinates": [
          81.95,
          25.404167
        ]
      },
      "properties": {
        "risk_score": 0.288,
        "risk_level": "Low",
        "active_defects_nearby": 0,
        "defect_severity_index": 0.0
      }
    },
    {
      "type": "Feature",
      "geometry": {
        "type": "Point",
        "coordinates": [
          81.9625,
          25.404167
        ]
      },
      "properties": {
        "risk_score": 0.288,
        "risk_level": "Low",
        "active_defects_nearby": 0,
        "defect_severity_index": 0.0
      }
    },
    {
      "type": "Feature",
      "geometry": {
        "type": "Point",
        "coordinates": [
          81.975,
          25.404167
        ]
      },
      "properties": {
        "risk_score": 0.288,
        "risk_level": "Low",
        "active_defects_nearby": 0,
        "defect_severity_index": 0.0
      }
    },
    {
      "type": "Feature",
      "geometry": {
        "type": "Point",
        "coordinates": [
          81.9875,
          25.404167
        ]
      },
      "properties": {
        "risk_score": 0.288,
        "risk_level": "Low",
        "active_defects_nearby": 0,
        "defect_severity_index": 0.0
      }
    },
    {
      "type": "Feature",
      "geometry": {
        "type": "Point",
        "coordinates": [
          82.0,
          25.404167
        ]
      },
      "properties": {
        "risk_score": 0.288,
        "risk_level": "Low",
        "active_defects_nearby": 0,
        "defect_severity_index": 0.0
      }
    },
    {
      "type": "Feature",
      "geometry": {
        "type": "Point",
        "coordinates": [
          81.7,
          25.414583
        ]
      },
      "properties": {
        "risk_score": 0.348,
        "risk_level": "Medium",
        "active_defects_nearby": 0,
        "defect_severity_index": 0.0
      }
    },
    {
      "type": "Feature",
      "geometry": {
        "type": "Point",
        "coordinates": [
          81.7125,
          25.414583
        ]
      },
      "properties": {
        "risk_score": 0.354,
        "risk_level": "Medium",
        "active_defects_nearby": 0,
        "defect_severity_index": 0.0
      }
    },
    {
      "type": "Feature",
      "geometry": {
        "type": "Point",
        "coordinates": [
          81.725,
          25.414583
        ]
      },
      "properties": {
        "risk_score": 0.372,
        "risk_level": "Medium",
        "active_defects_nearby": 0,
        "defect_severity_index": 0.0
      }
    },
    {
      "type": "Feature",
      "geometry": {
        "type": "Point",
        "coordinates": [
          81.7375,
          25.414583
        ]
      },
      "properties": {
        "risk_score": 0.222,
        "risk_level": "Low",
        "active_defects_nearby": 0,
        "defect_severity_index": 0.0
      }
    },
    {
      "type": "Feature",
      "geometry": {
        "type": "Point",
        "coordinates": [
          81.75,
          25.414583
        ]
      },
      "properties": {
        "risk_score": 0.255,
        "risk_level": "Low",
        "active_defects_nearby": 0,
        "defect_severity_index": 0.0
      }
    },
    {
      "type": "Feature",
      "geometry": {
        "type": "Point",
        "coordinates": [
          81.7625,
          25.414583
        ]
      },
      "properties": {
        "risk_score": 0.72,
        "risk_level": "High",
        "active_defects_nearby": 4,
        "defect_severity_index": 10.0
      }
    },
    {
      "type": "Feature",
      "geometry": {
        "type": "Point",
        "coordinates": [
          81.775,
          25.414583
        ]
      },
      "properties": {
        "risk_score": 0.653,
        "risk_level": "High",
        "active_defects_nearby": 3,
        "defect_severity_index": 9.5
      }
    },
    {
      "type": "Feature",
      "geometry": {
        "type": "Point",
        "coordinates": [
          81.7875,
          25.414583
        ]
      },
      "properties": {
        "risk_score": 0.391,
        "risk_level": "Medium",
        "active_defects_nearby": 1,
        "defect_severity_index": 3.5
      }
    },
    {
      "type": "Feature",
      "geometry": {
        "type": "Point",
        "coordinates": [
          81.8,
          25.414583
        ]
      },
      "properties": {
        "risk_score": 0.585,
        "risk_level": "High",
        "active_defects_nearby": 2,
        "defect_severity_index": 7.5
      }
    },
    {
      "type": "Feature",
      "geometry": {
        "type": "Point",
        "coordinates": [
          81.8125,
          25.414583
        ]
      },
      "properties": {
        "risk_score": 0.909,
        "risk_level": "Critical",
        "active_defects_nearby": 6,
        "defect_severity_index": 10.0
      }
    },
    {
      "type": "Feature",
      "geometry": {
        "type": "Point",
        "coordinates": [
          81.825,
          25.414583
        ]
      },
      "properties": {
        "risk_score": 0.95,
        "risk_level": "Critical",
        "active_defects_nearby": 15,
        "defect_severity_index": 10.0
      }
    },
    {
      "type": "Feature",
      "geometry": {
        "type": "Point",
        "coordinates": [
          81.8375,
          25.414583
        ]
      },
      "properties": {
        "risk_score": 0.756,
        "risk_level": "Critical",
        "active_defects_nearby": 3,
        "defect_severity_index": 9.0
      }
    },
    {
      "type": "Feature",
      "geometry": {
        "type": "Point",
        "coordinates": [
          81.85,
          25.414583
        ]
      },
      "properties": {
        "risk_score": 0.95,
        "risk_level": "Critical",
        "active_defects_nearby": 15,
        "defect_severity_index": 10.0
      }
    },
    {
      "type": "Feature",
      "geometry": {
        "type": "Point",
        "coordinates": [
          81.8625,
          25.414583
        ]
      },
      "properties": {
        "risk_score": 0.95,
        "risk_level": "Critical",
        "active_defects_nearby": 8,
        "defect_severity_index": 10.0
      }
    },
    {
      "type": "Feature",
      "geometry": {
        "type": "Point",
        "coordinates": [
          81.875,
          25.414583
        ]
      },
      "properties": {
        "risk_score": 0.896,
        "risk_level": "Critical",
        "active_defects_nearby": 6,
        "defect_severity_index": 10.0
      }
    },
    {
      "type": "Feature",
      "geometry": {
        "type": "Point",
        "coordinates": [
          81.8875,
          25.414583
        ]
      },
      "properties": {
        "risk_score": 0.774,
        "risk_level": "Critical",
        "active_defects_nearby": 4,
        "defect_severity_index": 10.0
      }
    },
    {
      "type": "Feature",
      "geometry": {
        "type": "Point",
        "coordinates": [
          81.9,
          25.414583
        ]
      },
      "properties": {
        "risk_score": 0.311,
        "risk_level": "Medium",
        "active_defects_nearby": 0,
        "defect_severity_index": 0.0
      }
    },
    {
      "type": "Feature",
      "geometry": {
        "type": "Point",
        "coordinates": [
          81.9125,
          25.414583
        ]
      },
      "properties": {
        "risk_score": 0.332,
        "risk_level": "Medium",
        "active_defects_nearby": 0,
        "defect_severity_index": 0.0
      }
    },
    {
      "type": "Feature",
      "geometry": {
        "type": "Point",
        "coordinates": [
          81.925,
          25.414583
        ]
      },
      "properties": {
        "risk_score": 0.305,
        "risk_level": "Medium",
        "active_defects_nearby": 0,
        "defect_severity_index": 0.0
      }
    },
    {
      "type": "Feature",
      "geometry": {
        "type": "Point",
        "coordinates": [
          81.9375,
          25.414583
        ]
      },
      "properties": {
        "risk_score": 0.288,
        "risk_level": "Low",
        "active_defects_nearby": 0,
        "defect_severity_index": 0.0
      }
    },
    {
      "type": "Feature",
      "geometry": {
        "type": "Point",
        "coordinates": [
          81.95,
          25.414583
        ]
      },
      "properties": {
        "risk_score": 0.288,
        "risk_level": "Low",
        "active_defects_nearby": 0,
        "defect_severity_index": 0.0
      }
    },
    {
      "type": "Feature",
      "geometry": {
        "type": "Point",
        "coordinates": [
          81.9625,
          25.414583
        ]
      },
      "properties": {
        "risk_score": 0.288,
        "risk_level": "Low",
        "active_defects_nearby": 0,
        "defect_severity_index": 0.0
      }
    },
    {
      "type": "Feature",
      "geometry": {
        "type": "Point",
        "coordinates": [
          81.975,
          25.414583
        ]
      },
      "properties": {
        "risk_score": 0.288,
        "risk_level": "Low",
        "active_defects_nearby": 0,
        "defect_severity_index": 0.0
      }
    },
    {
      "type": "Feature",
      "geometry": {
        "type": "Point",
        "coordinates": [
          81.9875,
          25.414583
        ]
      },
      "properties": {
        "risk_score": 0.288,
        "risk_level": "Low",
        "active_defects_nearby": 0,
        "defect_severity_index": 0.0
      }
    },
    {
      "type": "Feature",
      "geometry": {
        "type": "Point",
        "coordinates": [
          82.0,
          25.414583
        ]
      },
      "properties": {
        "risk_score": 0.288,
        "risk_level": "Low",
        "active_defects_nearby": 0,
        "defect_severity_index": 0.0
      }
    },
    {
      "type": "Feature",
      "geometry": {
        "type": "Point",
        "coordinates": [
          81.7,
          25.425
        ]
      },
      "properties": {
        "risk_score": 0.351,
        "risk_level": "Medium",
        "active_defects_nearby": 0,
        "defect_severity_index": 0.0
      }
    },
    {
      "type": "Feature",
      "geometry": {
        "type": "Point",
        "coordinates": [
          81.7125,
          25.425
        ]
      },
      "properties": {
        "risk_score": 0.38,
        "risk_level": "Medium",
        "active_defects_nearby": 0,
        "defect_severity_index": 0.0
      }
    },
    {
      "type": "Feature",
      "geometry": {
        "type": "Point",
        "coordinates": [
          81.725,
          25.425
        ]
      },
      "properties": {
        "risk_score": 0.403,
        "risk_level": "Medium",
        "active_defects_nearby": 0,
        "defect_severity_index": 0.0
      }
    },
    {
      "type": "Feature",
      "geometry": {
        "type": "Point",
        "coordinates": [
          81.7375,
          25.425
        ]
      },
      "properties": {
        "risk_score": 0.414,
        "risk_level": "Medium",
        "active_defects_nearby": 0,
        "defect_severity_index": 0.0
      }
    },
    {
      "type": "Feature",
      "geometry": {
        "type": "Point",
        "coordinates": [
          81.75,
          25.425
        ]
      },
      "properties": {
        "risk_score": 0.554,
        "risk_level": "High",
        "active_defects_nearby": 2,
        "defect_severity_index": 8.25
      }
    },
    {
      "type": "Feature",
      "geometry": {
        "type": "Point",
        "coordinates": [
          81.7625,
          25.425
        ]
      },
      "properties": {
        "risk_score": 0.95,
        "risk_level": "Critical",
        "active_defects_nearby": 13,
        "defect_severity_index": 10.0
      }
    },
    {
      "type": "Feature",
      "geometry": {
        "type": "Point",
        "coordinates": [
          81.775,
          25.425
        ]
      },
      "properties": {
        "risk_score": 0.95,
        "risk_level": "Critical",
        "active_defects_nearby": 15,
        "defect_severity_index": 10.0
      }
    },
    {
      "type": "Feature",
      "geometry": {
        "type": "Point",
        "coordinates": [
          81.7875,
          25.425
        ]
      },
      "properties": {
        "risk_score": 0.531,
        "risk_level": "Medium",
        "active_defects_nearby": 2,
        "defect_severity_index": 6.75
      }
    },
    {
      "type": "Feature",
      "geometry": {
        "type": "Point",
        "coordinates": [
          81.8,
          25.425
        ]
      },
      "properties": {
        "risk_score": 0.695,
        "risk_level": "High",
        "active_defects_nearby": 3,
        "defect_severity_index": 10.0
      }
    },
    {
      "type": "Feature",
      "geometry": {
        "type": "Point",
        "coordinates": [
          81.8125,
          25.425
        ]
      },
      "properties": {
        "risk_score": 0.95,
        "risk_level": "Critical",
        "active_defects_nearby": 10,
        "defect_severity_index": 10.0
      }
    },
    {
      "type": "Feature",
      "geometry": {
        "type": "Point",
        "coordinates": [
          81.825,
          25.425
        ]
      },
      "properties": {
        "risk_score": 0.95,
        "risk_level": "Critical",
        "active_defects_nearby": 19,
        "defect_severity_index": 10.0
      }
    },
    {
      "type": "Feature",
      "geometry": {
        "type": "Point",
        "coordinates": [
          81.8375,
          25.425
        ]
      },
      "properties": {
        "risk_score": 0.943,
        "risk_level": "Critical",
        "active_defects_nearby": 7,
        "defect_severity_index": 10.0
      }
    },
    {
      "type": "Feature",
      "geometry": {
        "type": "Point",
        "coordinates": [
          81.85,
          25.425
        ]
      },
      "properties": {
        "risk_score": 0.95,
        "risk_level": "Critical",
        "active_defects_nearby": 17,
        "defect_severity_index": 10.0
      }
    },
    {
      "type": "Feature",
      "geometry": {
        "type": "Point",
        "coordinates": [
          81.8625,
          25.425
        ]
      },
      "properties": {
        "risk_score": 0.95,
        "risk_level": "Critical",
        "active_defects_nearby": 6,
        "defect_severity_index": 10.0
      }
    },
    {
      "type": "Feature",
      "geometry": {
        "type": "Point",
        "coordinates": [
          81.875,
          25.425
        ]
      },
      "properties": {
        "risk_score": 0.95,
        "risk_level": "Critical",
        "active_defects_nearby": 14,
        "defect_severity_index": 10.0
      }
    },
    {
      "type": "Feature",
      "geometry": {
        "type": "Point",
        "coordinates": [
          81.8875,
          25.425
        ]
      },
      "properties": {
        "risk_score": 0.95,
        "risk_level": "Critical",
        "active_defects_nearby": 15,
        "defect_severity_index": 10.0
      }
    },
    {
      "type": "Feature",
      "geometry": {
        "type": "Point",
        "coordinates": [
          81.9,
          25.425
        ]
      },
      "properties": {
        "risk_score": 0.667,
        "risk_level": "High",
        "active_defects_nearby": 3,
        "defect_severity_index": 5.25
      }
    },
    {
      "type": "Feature",
      "geometry": {
        "type": "Point",
        "coordinates": [
          81.9125,
          25.425
        ]
      },
      "properties": {
        "risk_score": 0.356,
        "risk_level": "Medium",
        "active_defects_nearby": 0,
        "defect_severity_index": 0.0
      }
    },
    {
      "type": "Feature",
      "geometry": {
        "type": "Point",
        "coordinates": [
          81.925,
          25.425
        ]
      },
      "properties": {
        "risk_score": 0.323,
        "risk_level": "Medium",
        "active_defects_nearby": 0,
        "defect_severity_index": 0.0
      }
    },
    {
      "type": "Feature",
      "geometry": {
        "type": "Point",
        "coordinates": [
          81.9375,
          25.425
        ]
      },
      "properties": {
        "risk_score": 0.288,
        "risk_level": "Low",
        "active_defects_nearby": 0,
        "defect_severity_index": 0.0
      }
    },
    {
      "type": "Feature",
      "geometry": {
        "type": "Point",
        "coordinates": [
          81.95,
          25.425
        ]
      },
      "properties": {
        "risk_score": 0.288,
        "risk_level": "Low",
        "active_defects_nearby": 0,
        "defect_severity_index": 0.0
      }
    },
    {
      "type": "Feature",
      "geometry": {
        "type": "Point",
        "coordinates": [
          81.9625,
          25.425
        ]
      },
      "properties": {
        "risk_score": 0.288,
        "risk_level": "Low",
        "active_defects_nearby": 0,
        "defect_severity_index": 0.0
      }
    },
    {
      "type": "Feature",
      "geometry": {
        "type": "Point",
        "coordinates": [
          81.975,
          25.425
        ]
      },
      "properties": {
        "risk_score": 0.288,
        "risk_level": "Low",
        "active_defects_nearby": 0,
        "defect_severity_index": 0.0
      }
    },
    {
      "type": "Feature",
      "geometry": {
        "type": "Point",
        "coordinates": [
          81.9875,
          25.425
        ]
      },
      "properties": {
        "risk_score": 0.288,
        "risk_level": "Low",
        "active_defects_nearby": 0,
        "defect_severity_index": 0.0
      }
    },
    {
      "type": "Feature",
      "geometry": {
        "type": "Point",
        "coordinates": [
          82.0,
          25.425
        ]
      },
      "properties": {
        "risk_score": 0.288,
        "risk_level": "Low",
        "active_defects_nearby": 0,
        "defect_severity_index": 0.0
      }
    },
    {
      "type": "Feature",
      "geometry": {
        "type": "Point",
        "coordinates": [
          81.7,
          25.435417
        ]
      },
      "properties": {
        "risk_score": 0.368,
        "risk_level": "Medium",
        "active_defects_nearby": 0,
        "defect_severity_index": 0.0
      }
    },
    {
      "type": "Feature",
      "geometry": {
        "type": "Point",
        "coordinates": [
          81.7125,
          25.435417
        ]
      },
      "properties": {
        "risk_score": 0.402,
        "risk_level": "Medium",
        "active_defects_nearby": 0,
        "defect_severity_index": 0.0
      }
    },
    {
      "type": "Feature",
      "geometry": {
        "type": "Point",
        "coordinates": [
          81.725,
          25.435417
        ]
      },
      "properties": {
        "risk_score": 0.717,
        "risk_level": "High",
        "active_defects_nearby": 2,
        "defect_severity_index": 8.25
      }
    },
    {
      "type": "Feature",
      "geometry": {
        "type": "Point",
        "coordinates": [
          81.7375,
          25.435417
        ]
      },
      "properties": {
        "risk_score": 0.679,
        "risk_level": "High",
        "active_defects_nearby": 2,
        "defect_severity_index": 5.5
      }
    },
    {
      "type": "Feature",
      "geometry": {
        "type": "Point",
        "coordinates": [
          81.75,
          25.435417
        ]
      },
      "properties": {
        "risk_score": 0.536,
        "risk_level": "Medium",
        "active_defects_nearby": 1,
        "defect_severity_index": 1.75
      }
    },
    {
      "type": "Feature",
      "geometry": {
        "type": "Point",
        "coordinates": [
          81.7625,
          25.435417
        ]
      },
      "properties": {
        "risk_score": 0.916,
        "risk_level": "Critical",
        "active_defects_nearby": 7,
        "defect_severity_index": 10.0
      }
    },
    {
      "type": "Feature",
      "geometry": {
        "type": "Point",
        "coordinates": [
          81.775,
          25.435417
        ]
      },
      "properties": {
        "risk_score": 0.95,
        "risk_level": "Critical",
        "active_defects_nearby": 9,
        "defect_severity_index": 10.0
      }
    },
    {
      "type": "Feature",
      "geometry": {
        "type": "Point",
        "coordinates": [
          81.7875,
          25.435417
        ]
      },
      "properties": {
        "risk_score": 0.527,
        "risk_level": "Medium",
        "active_defects_nearby": 2,
        "defect_severity_index": 6.75
      }
    },
    {
      "type": "Feature",
      "geometry": {
        "type": "Point",
        "coordinates": [
          81.8,
          25.435417
        ]
      },
      "properties": {
        "risk_score": 0.299,
        "risk_level": "Low",
        "active_defects_nearby": 0,
        "defect_severity_index": 0.0
      }
    },
    {
      "type": "Feature",
      "geometry": {
        "type": "Point",
        "coordinates": [
          81.8125,
          25.435417
        ]
      },
      "properties": {
        "risk_score": 0.762,
        "risk_level": "Critical",
        "active_defects_nearby": 4,
        "defect_severity_index": 10.0
      }
    },
    {
      "type": "Feature",
      "geometry": {
        "type": "Point",
        "coordinates": [
          81.825,
          25.435417
        ]
      },
      "properties": {
        "risk_score": 0.95,
        "risk_level": "Critical",
        "active_defects_nearby": 9,
        "defect_severity_index": 10.0
      }
    },
    {
      "type": "Feature",
      "geometry": {
        "type": "Point",
        "coordinates": [
          81.8375,
          25.435417
        ]
      },
      "properties": {
        "risk_score": 0.95,
        "risk_level": "Critical",
        "active_defects_nearby": 16,
        "defect_severity_index": 10.0
      }
    },
    {
      "type": "Feature",
      "geometry": {
        "type": "Point",
        "coordinates": [
          81.85,
          25.435417
        ]
      },
      "properties": {
        "risk_score": 0.95,
        "risk_level": "Critical",
        "active_defects_nearby": 19,
        "defect_severity_index": 10.0
      }
    },
    {
      "type": "Feature",
      "geometry": {
        "type": "Point",
        "coordinates": [
          81.8625,
          25.435417
        ]
      },
      "properties": {
        "risk_score": 0.95,
        "risk_level": "Critical",
        "active_defects_nearby": 17,
        "defect_severity_index": 10.0
      }
    },
    {
      "type": "Feature",
      "geometry": {
        "type": "Point",
        "coordinates": [
          81.875,
          25.435417
        ]
      },
      "properties": {
        "risk_score": 0.95,
        "risk_level": "Critical",
        "active_defects_nearby": 16,
        "defect_severity_index": 10.0
      }
    },
    {
      "type": "Feature",
      "geometry": {
        "type": "Point",
        "coordinates": [
          81.8875,
          25.435417
        ]
      },
      "properties": {
        "risk_score": 0.95,
        "risk_level": "Critical",
        "active_defects_nearby": 31,
        "defect_severity_index": 10.0
      }
    },
    {
      "type": "Feature",
      "geometry": {
        "type": "Point",
        "coordinates": [
          81.9,
          25.435417
        ]
      },
      "properties": {
        "risk_score": 0.95,
        "risk_level": "Critical",
        "active_defects_nearby": 10,
        "defect_severity_index": 10.0
      }
    },
    {
      "type": "Feature",
      "geometry": {
        "type": "Point",
        "coordinates": [
          81.9125,
          25.435417
        ]
      },
      "properties": {
        "risk_score": 0.664,
        "risk_level": "High",
        "active_defects_nearby": 2,
        "defect_severity_index": 8.75
      }
    },
    {
      "type": "Feature",
      "geometry": {
        "type": "Point",
        "coordinates": [
          81.925,
          25.435417
        ]
      },
      "properties": {
        "risk_score": 0.332,
        "risk_level": "Medium",
        "active_defects_nearby": 0,
        "defect_severity_index": 0.0
      }
    },
    {
      "type": "Feature",
      "geometry": {
        "type": "Point",
        "coordinates": [
          81.9375,
          25.435417
        ]
      },
      "properties": {
        "risk_score": 0.294,
        "risk_level": "Low",
        "active_defects_nearby": 0,
        "defect_severity_index": 0.0
      }
    },
    {
      "type": "Feature",
      "geometry": {
        "type": "Point",
        "coordinates": [
          81.95,
          25.435417
        ]
      },
      "properties": {
        "risk_score": 0.288,
        "risk_level": "Low",
        "active_defects_nearby": 0,
        "defect_severity_index": 0.0
      }
    },
    {
      "type": "Feature",
      "geometry": {
        "type": "Point",
        "coordinates": [
          81.9625,
          25.435417
        ]
      },
      "properties": {
        "risk_score": 0.288,
        "risk_level": "Low",
        "active_defects_nearby": 0,
        "defect_severity_index": 0.0
      }
    },
    {
      "type": "Feature",
      "geometry": {
        "type": "Point",
        "coordinates": [
          81.975,
          25.435417
        ]
      },
      "properties": {
        "risk_score": 0.288,
        "risk_level": "Low",
        "active_defects_nearby": 0,
        "defect_severity_index": 0.0
      }
    },
    {
      "type": "Feature",
      "geometry": {
        "type": "Point",
        "coordinates": [
          81.9875,
          25.435417
        ]
      },
      "properties": {
        "risk_score": 0.288,
        "risk_level": "Low",
        "active_defects_nearby": 0,
        "defect_severity_index": 0.0
      }
    },
    {
      "type": "Feature",
      "geometry": {
        "type": "Point",
        "coordinates": [
          82.0,
          25.435417
        ]
      },
      "properties": {
        "risk_score": 0.39,
        "risk_level": "Medium",
        "active_defects_nearby": 0,
        "defect_severity_index": 0.0
      }
    },
    {
      "type": "Feature",
      "geometry": {
        "type": "Point",
        "coordinates": [
          81.7,
          25.445833
        ]
      },
      "properties": {
        "risk_score": 0.376,
        "risk_level": "Medium",
        "active_defects_nearby": 0,
        "defect_severity_index": 0.0
      }
    },
    {
      "type": "Feature",
      "geometry": {
        "type": "Point",
        "coordinates": [
          81.7125,
          25.445833
        ]
      },
      "properties": {
        "risk_score": 0.414,
        "risk_level": "Medium",
        "active_defects_nearby": 0,
        "defect_severity_index": 0.0
      }
    },
    {
      "type": "Feature",
      "geometry": {
        "type": "Point",
        "coordinates": [
          81.725,
          25.445833
        ]
      },
      "properties": {
        "risk_score": 0.821,
        "risk_level": "Critical",
        "active_defects_nearby": 3,
        "defect_severity_index": 9.5
      }
    },
    {
      "type": "Feature",
      "geometry": {
        "type": "Point",
        "coordinates": [
          81.7375,
          25.445833
        ]
      },
      "properties": {
        "risk_score": 0.95,
        "risk_level": "Critical",
        "active_defects_nearby": 11,
        "defect_severity_index": 10.0
      }
    },
    {
      "type": "Feature",
      "geometry": {
        "type": "Point",
        "coordinates": [
          81.75,
          25.445833
        ]
      },
      "properties": {
        "risk_score": 0.95,
        "risk_level": "Critical",
        "active_defects_nearby": 6,
        "defect_severity_index": 10.0
      }
    },
    {
      "type": "Feature",
      "geometry": {
        "type": "Point",
        "coordinates": [
          81.7625,
          25.445833
        ]
      },
      "properties": {
        "risk_score": 0.266,
        "risk_level": "Low",
        "active_defects_nearby": 0,
        "defect_severity_index": 0.0
      }
    },
    {
      "type": "Feature",
      "geometry": {
        "type": "Point",
        "coordinates": [
          81.775,
          25.445833
        ]
      },
      "properties": {
        "risk_score": 0.649,
        "risk_level": "High",
        "active_defects_nearby": 3,
        "defect_severity_index": 10.0
      }
    },
    {
      "type": "Feature",
      "geometry": {
        "type": "Point",
        "coordinates": [
          81.7875,
          25.445833
        ]
      },
      "properties": {
        "risk_score": 0.25,
        "risk_level": "Low",
        "active_defects_nearby": 0,
        "defect_severity_index": 0.0
      }
    },
    {
      "type": "Feature",
      "geometry": {
        "type": "Point",
        "coordinates": [
          81.8,
          25.445833
        ]
      },
      "properties": {
        "risk_score": 0.281,
        "risk_level": "Low",
        "active_defects_nearby": 0,
        "defect_severity_index": 0.0
      }
    },
    {
      "type": "Feature",
      "geometry": {
        "type": "Point",
        "coordinates": [
          81.8125,
          25.445833
        ]
      },
      "properties": {
        "risk_score": 0.319,
        "risk_level": "Medium",
        "active_defects_nearby": 0,
        "defect_severity_index": 0.0
      }
    },
    {
      "type": "Feature",
      "geometry": {
        "type": "Point",
        "coordinates": [
          81.825,
          25.445833
        ]
      },
      "properties": {
        "risk_score": 0.95,
        "risk_level": "Critical",
        "active_defects_nearby": 29,
        "defect_severity_index": 10.0
      }
    },
    {
      "type": "Feature",
      "geometry": {
        "type": "Point",
        "coordinates": [
          81.8375,
          25.445833
        ]
      },
      "properties": {
        "risk_score": 0.95,
        "risk_level": "Critical",
        "active_defects_nearby": 45,
        "defect_severity_index": 10.0
      }
    },
    {
      "type": "Feature",
      "geometry": {
        "type": "Point",
        "coordinates": [
          81.85,
          25.445833
        ]
      },
      "properties": {
        "risk_score": 0.95,
        "risk_level": "Critical",
        "active_defects_nearby": 43,
        "defect_severity_index": 10.0
      }
    },
    {
      "type": "Feature",
      "geometry": {
        "type": "Point",
        "coordinates": [
          81.8625,
          25.445833
        ]
      },
      "properties": {
        "risk_score": 0.95,
        "risk_level": "Critical",
        "active_defects_nearby": 27,
        "defect_severity_index": 10.0
      }
    },
    {
      "type": "Feature",
      "geometry": {
        "type": "Point",
        "coordinates": [
          81.875,
          25.445833
        ]
      },
      "properties": {
        "risk_score": 0.95,
        "risk_level": "Critical",
        "active_defects_nearby": 12,
        "defect_severity_index": 10.0
      }
    },
    {
      "type": "Feature",
      "geometry": {
        "type": "Point",
        "coordinates": [
          81.8875,
          25.445833
        ]
      },
      "properties": {
        "risk_score": 0.95,
        "risk_level": "Critical",
        "active_defects_nearby": 18,
        "defect_severity_index": 10.0
      }
    },
    {
      "type": "Feature",
      "geometry": {
        "type": "Point",
        "coordinates": [
          81.9,
          25.445833
        ]
      },
      "properties": {
        "risk_score": 0.95,
        "risk_level": "Critical",
        "active_defects_nearby": 6,
        "defect_severity_index": 10.0
      }
    },
    {
      "type": "Feature",
      "geometry": {
        "type": "Point",
        "coordinates": [
          81.9125,
          25.445833
        ]
      },
      "properties": {
        "risk_score": 0.596,
        "risk_level": "High",
        "active_defects_nearby": 2,
        "defect_severity_index": 5.5
      }
    },
    {
      "type": "Feature",
      "geometry": {
        "type": "Point",
        "coordinates": [
          81.925,
          25.445833
        ]
      },
      "properties": {
        "risk_score": 0.33,
        "risk_level": "Medium",
        "active_defects_nearby": 0,
        "defect_severity_index": 0.0
      }
    },
    {
      "type": "Feature",
      "geometry": {
        "type": "Point",
        "coordinates": [
          81.9375,
          25.445833
        ]
      },
      "properties": {
        "risk_score": 0.293,
        "risk_level": "Low",
        "active_defects_nearby": 0,
        "defect_severity_index": 0.0
      }
    },
    {
      "type": "Feature",
      "geometry": {
        "type": "Point",
        "coordinates": [
          81.95,
          25.445833
        ]
      },
      "properties": {
        "risk_score": 0.288,
        "risk_level": "Low",
        "active_defects_nearby": 0,
        "defect_severity_index": 0.0
      }
    },
    {
      "type": "Feature",
      "geometry": {
        "type": "Point",
        "coordinates": [
          81.9625,
          25.445833
        ]
      },
      "properties": {
        "risk_score": 0.288,
        "risk_level": "Low",
        "active_defects_nearby": 0,
        "defect_severity_index": 0.0
      }
    },
    {
      "type": "Feature",
      "geometry": {
        "type": "Point",
        "coordinates": [
          81.975,
          25.445833
        ]
      },
      "properties": {
        "risk_score": 0.39,
        "risk_level": "Medium",
        "active_defects_nearby": 0,
        "defect_severity_index": 0.0
      }
    },
    {
      "type": "Feature",
      "geometry": {
        "type": "Point",
        "coordinates": [
          81.9875,
          25.445833
        ]
      },
      "properties": {
        "risk_score": 0.39,
        "risk_level": "Medium",
        "active_defects_nearby": 0,
        "defect_severity_index": 0.0
      }
    },
    {
      "type": "Feature",
      "geometry": {
        "type": "Point",
        "coordinates": [
          82.0,
          25.445833
        ]
      },
      "properties": {
        "risk_score": 0.39,
        "risk_level": "Medium",
        "active_defects_nearby": 0,
        "defect_severity_index": 0.0
      }
    },
    {
      "type": "Feature",
      "geometry": {
        "type": "Point",
        "coordinates": [
          81.7,
          25.45625
        ]
      },
      "properties": {
        "risk_score": 0.375,
        "risk_level": "Medium",
        "active_defects_nearby": 0,
        "defect_severity_index": 0.0
      }
    },
    {
      "type": "Feature",
      "geometry": {
        "type": "Point",
        "coordinates": [
          81.7125,
          25.45625
        ]
      },
      "properties": {
        "risk_score": 0.412,
        "risk_level": "Medium",
        "active_defects_nearby": 0,
        "defect_severity_index": 0.0
      }
    },
    {
      "type": "Feature",
      "geometry": {
        "type": "Point",
        "coordinates": [
          81.725,
          25.45625
        ]
      },
      "properties": {
        "risk_score": 0.828,
        "risk_level": "Critical",
        "active_defects_nearby": 3,
        "defect_severity_index": 10.0
      }
    },
    {
      "type": "Feature",
      "geometry": {
        "type": "Point",
        "coordinates": [
          81.7375,
          25.45625
        ]
      },
      "properties": {
        "risk_score": 0.95,
        "risk_level": "Critical",
        "active_defects_nearby": 15,
        "defect_severity_index": 10.0
      }
    },
    {
      "type": "Feature",
      "geometry": {
        "type": "Point",
        "coordinates": [
          81.75,
          25.45625
        ]
      },
      "properties": {
        "risk_score": 0.651,
        "risk_level": "High",
        "active_defects_nearby": 2,
        "defect_severity_index": 3.5
      }
    },
    {
      "type": "Feature",
      "geometry": {
        "type": "Point",
        "coordinates": [
          81.7625,
          25.45625
        ]
      },
      "properties": {
        "risk_score": 0.427,
        "risk_level": "Medium",
        "active_defects_nearby": 0,
        "defect_severity_index": 0.0
      }
    },
    {
      "type": "Feature",
      "geometry": {
        "type": "Point",
        "coordinates": [
          81.775,
          25.45625
        ]
      },
      "properties": {
        "risk_score": 0.235,
        "risk_level": "Low",
        "active_defects_nearby": 0,
        "defect_severity_index": 0.0
      }
    },
    {
      "type": "Feature",
      "geometry": {
        "type": "Point",
        "coordinates": [
          81.7875,
          25.45625
        ]
      },
      "properties": {
        "risk_score": 0.222,
        "risk_level": "Low",
        "active_defects_nearby": 0,
        "defect_severity_index": 0.0
      }
    },
    {
      "type": "Feature",
      "geometry": {
        "type": "Point",
        "coordinates": [
          81.8,
          25.45625
        ]
      },
      "properties": {
        "risk_score": 0.276,
        "risk_level": "Low",
        "active_defects_nearby": 0,
        "defect_severity_index": 0.0
      }
    },
    {
      "type": "Feature",
      "geometry": {
        "type": "Point",
        "coordinates": [
          81.8125,
          25.45625
        ]
      },
      "properties": {
        "risk_score": 0.63,
        "risk_level": "High",
        "active_defects_nearby": 2,
        "defect_severity_index": 10.0
      }
    },
    {
      "type": "Feature",
      "geometry": {
        "type": "Point",
        "coordinates": [
          81.825,
          25.45625
        ]
      },
      "properties": {
        "risk_score": 0.95,
        "risk_level": "Critical",
        "active_defects_nearby": 31,
        "defect_severity_index": 10.0
      }
    },
    {
      "type": "Feature",
      "geometry": {
        "type": "Point",
        "coordinates": [
          81.8375,
          25.45625
        ]
      },
      "properties": {
        "risk_score": 0.95,
        "risk_level": "Critical",
        "active_defects_nearby": 40,
        "defect_severity_index": 10.0
      }
    },
    {
      "type": "Feature",
      "geometry": {
        "type": "Point",
        "coordinates": [
          81.85,
          25.45625
        ]
      },
      "properties": {
        "risk_score": 0.95,
        "risk_level": "Critical",
        "active_defects_nearby": 29,
        "defect_severity_index": 10.0
      }
    },
    {
      "type": "Feature",
      "geometry": {
        "type": "Point",
        "coordinates": [
          81.8625,
          25.45625
        ]
      },
      "properties": {
        "risk_score": 0.95,
        "risk_level": "Critical",
        "active_defects_nearby": 16,
        "defect_severity_index": 10.0
      }
    },
    {
      "type": "Feature",
      "geometry": {
        "type": "Point",
        "coordinates": [
          81.875,
          25.45625
        ]
      },
      "properties": {
        "risk_score": 0.451,
        "risk_level": "Medium",
        "active_defects_nearby": 2,
        "defect_severity_index": 5.5
      }
    },
    {
      "type": "Feature",
      "geometry": {
        "type": "Point",
        "coordinates": [
          81.8875,
          25.45625
        ]
      },
      "properties": {
        "risk_score": 0.76,
        "risk_level": "Critical",
        "active_defects_nearby": 3,
        "defect_severity_index": 10.0
      }
    },
    {
      "type": "Feature",
      "geometry": {
        "type": "Point",
        "coordinates": [
          81.9,
          25.45625
        ]
      },
      "properties": {
        "risk_score": 0.688,
        "risk_level": "High",
        "active_defects_nearby": 2,
        "defect_severity_index": 9.75
      }
    },
    {
      "type": "Feature",
      "geometry": {
        "type": "Point",
        "coordinates": [
          81.9125,
          25.45625
        ]
      },
      "properties": {
        "risk_score": 0.349,
        "risk_level": "Medium",
        "active_defects_nearby": 0,
        "defect_severity_index": 0.0
      }
    },
    {
      "type": "Feature",
      "geometry": {
        "type": "Point",
        "coordinates": [
          81.925,
          25.45625
        ]
      },
      "properties": {
        "risk_score": 0.318,
        "risk_level": "Medium",
        "active_defects_nearby": 0,
        "defect_severity_index": 0.0
      }
    },
    {
      "type": "Feature",
      "geometry": {
        "type": "Point",
        "coordinates": [
          81.9375,
          25.45625
        ]
      },
      "properties": {
        "risk_score": 0.288,
        "risk_level": "Low",
        "active_defects_nearby": 0,
        "defect_severity_index": 0.0
      }
    },
    {
      "type": "Feature",
      "geometry": {
        "type": "Point",
        "coordinates": [
          81.95,
          25.45625
        ]
      },
      "properties": {
        "risk_score": 0.39,
        "risk_level": "Medium",
        "active_defects_nearby": 0,
        "defect_severity_index": 0.0
      }
    },
    {
      "type": "Feature",
      "geometry": {
        "type": "Point",
        "coordinates": [
          81.9625,
          25.45625
        ]
      },
      "properties": {
        "risk_score": 0.39,
        "risk_level": "Medium",
        "active_defects_nearby": 0,
        "defect_severity_index": 0.0
      }
    },
    {
      "type": "Feature",
      "geometry": {
        "type": "Point",
        "coordinates": [
          81.975,
          25.45625
        ]
      },
      "properties": {
        "risk_score": 0.39,
        "risk_level": "Medium",
        "active_defects_nearby": 0,
        "defect_severity_index": 0.0
      }
    },
    {
      "type": "Feature",
      "geometry": {
        "type": "Point",
        "coordinates": [
          81.9875,
          25.45625
        ]
      },
      "properties": {
        "risk_score": 0.39,
        "risk_level": "Medium",
        "active_defects_nearby": 0,
        "defect_severity_index": 0.0
      }
    },
    {
      "type": "Feature",
      "geometry": {
        "type": "Point",
        "coordinates": [
          82.0,
          25.45625
        ]
      },
      "properties": {
        "risk_score": 0.39,
        "risk_level": "Medium",
        "active_defects_nearby": 0,
        "defect_severity_index": 0.0
      }
    },
    {
      "type": "Feature",
      "geometry": {
        "type": "Point",
        "coordinates": [
          81.7,
          25.466667
        ]
      },
      "properties": {
        "risk_score": 0.365,
        "risk_level": "Medium",
        "active_defects_nearby": 0,
        "defect_severity_index": 0.0
      }
    },
    {
      "type": "Feature",
      "geometry": {
        "type": "Point",
        "coordinates": [
          81.7125,
          25.466667
        ]
      },
      "properties": {
        "risk_score": 0.398,
        "risk_level": "Medium",
        "active_defects_nearby": 0,
        "defect_severity_index": 0.0
      }
    },
    {
      "type": "Feature",
      "geometry": {
        "type": "Point",
        "coordinates": [
          81.725,
          25.466667
        ]
      },
      "properties": {
        "risk_score": 0.426,
        "risk_level": "Medium",
        "active_defects_nearby": 0,
        "defect_severity_index": 0.0
      }
    },
    {
      "type": "Feature",
      "geometry": {
        "type": "Point",
        "coordinates": [
          81.7375,
          25.466667
        ]
      },
      "properties": {
        "risk_score": 0.712,
        "risk_level": "High",
        "active_defects_nearby": 3,
        "defect_severity_index": 4.5
      }
    },
    {
      "type": "Feature",
      "geometry": {
        "type": "Point",
        "coordinates": [
          81.75,
          25.466667
        ]
      },
      "properties": {
        "risk_score": 0.655,
        "risk_level": "High",
        "active_defects_nearby": 2,
        "defect_severity_index": 5.0
      }
    },
    {
      "type": "Feature",
      "geometry": {
        "type": "Point",
        "coordinates": [
          81.7625,
          25.466667
        ]
      },
      "properties": {
        "risk_score": 0.41,
        "risk_level": "Medium",
        "active_defects_nearby": 0,
        "defect_severity_index": 0.0
      }
    },
    {
      "type": "Feature",
      "geometry": {
        "type": "Point",
        "coordinates": [
          81.775,
          25.466667
        ]
      },
      "properties": {
        "risk_score": 0.379,
        "risk_level": "Medium",
        "active_defects_nearby": 0,
        "defect_severity_index": 0.0
      }
    },
    {
      "type": "Feature",
      "geometry": {
        "type": "Point",
        "coordinates": [
          81.7875,
          25.466667
        ]
      },
      "properties": {
        "risk_score": 0.227,
        "risk_level": "Low",
        "active_defects_nearby": 0,
        "defect_severity_index": 0.0
      }
    },
    {
      "type": "Feature",
      "geometry": {
        "type": "Point",
        "coordinates": [
          81.8,
          25.466667
        ]
      },
      "properties": {
        "risk_score": 0.259,
        "risk_level": "Low",
        "active_defects_nearby": 0,
        "defect_severity_index": 0.0
      }
    },
    {
      "type": "Feature",
      "geometry": {
        "type": "Point",
        "coordinates": [
          81.8125,
          25.466667
        ]
      },
      "properties": {
        "risk_score": 0.285,
        "risk_level": "Low",
        "active_defects_nearby": 0,
        "defect_severity_index": 0.0
      }
    },
    {
      "type": "Feature",
      "geometry": {
        "type": "Point",
        "coordinates": [
          81.825,
          25.466667
        ]
      },
      "properties": {
        "risk_score": 0.579,
        "risk_level": "High",
        "active_defects_nearby": 3,
        "defect_severity_index": 7.75
      }
    },
    {
      "type": "Feature",
      "geometry": {
        "type": "Point",
        "coordinates": [
          81.8375,
          25.466667
        ]
      },
      "properties": {
        "risk_score": 0.812,
        "risk_level": "Critical",
        "active_defects_nearby": 6,
        "defect_severity_index": 10.0
      }
    },
    {
      "type": "Feature",
      "geometry": {
        "type": "Point",
        "coordinates": [
          81.85,
          25.466667
        ]
      },
      "properties": {
        "risk_score": 0.95,
        "risk_level": "Critical",
        "active_defects_nearby": 17,
        "defect_severity_index": 10.0
      }
    },
    {
      "type": "Feature",
      "geometry": {
        "type": "Point",
        "coordinates": [
          81.8625,
          25.466667
        ]
      },
      "properties": {
        "risk_score": 0.95,
        "risk_level": "Critical",
        "active_defects_nearby": 8,
        "defect_severity_index": 10.0
      }
    },
    {
      "type": "Feature",
      "geometry": {
        "type": "Point",
        "coordinates": [
          81.875,
          25.466667
        ]
      },
      "properties": {
        "risk_score": 0.344,
        "risk_level": "Medium",
        "active_defects_nearby": 1,
        "defect_severity_index": 1.5
      }
    },
    {
      "type": "Feature",
      "geometry": {
        "type": "Point",
        "coordinates": [
          81.8875,
          25.466667
        ]
      },
      "properties": {
        "risk_score": 0.345,
        "risk_level": "Medium",
        "active_defects_nearby": 0,
        "defect_severity_index": 0.0
      }
    },
    {
      "type": "Feature",
      "geometry": {
        "type": "Point",
        "coordinates": [
          81.9,
          25.466667
        ]
      },
      "properties": {
        "risk_score": 0.341,
        "risk_level": "Medium",
        "active_defects_nearby": 0,
        "defect_severity_index": 0.0
      }
    },
    {
      "type": "Feature",
      "geometry": {
        "type": "Point",
        "coordinates": [
          81.9125,
          25.466667
        ]
      },
      "properties": {
        "risk_score": 0.323,
        "risk_level": "Medium",
        "active_defects_nearby": 0,
        "defect_severity_index": 0.0
      }
    },
    {
      "type": "Feature",
      "geometry": {
        "type": "Point",
        "coordinates": [
          81.925,
          25.466667
        ]
      },
      "properties": {
        "risk_score": 0.298,
        "risk_level": "Low",
        "active_defects_nearby": 0,
        "defect_severity_index": 0.0
      }
    },
    {
      "type": "Feature",
      "geometry": {
        "type": "Point",
        "coordinates": [
          81.9375,
          25.466667
        ]
      },
      "properties": {
        "risk_score": 0.394,
        "risk_level": "Medium",
        "active_defects_nearby": 0,
        "defect_severity_index": 0.0
      }
    },
    {
      "type": "Feature",
      "geometry": {
        "type": "Point",
        "coordinates": [
          81.95,
          25.466667
        ]
      },
      "properties": {
        "risk_score": 0.39,
        "risk_level": "Medium",
        "active_defects_nearby": 0,
        "defect_severity_index": 0.0
      }
    },
    {
      "type": "Feature",
      "geometry": {
        "type": "Point",
        "coordinates": [
          81.9625,
          25.466667
        ]
      },
      "properties": {
        "risk_score": 0.39,
        "risk_level": "Medium",
        "active_defects_nearby": 0,
        "defect_severity_index": 0.0
      }
    },
    {
      "type": "Feature",
      "geometry": {
        "type": "Point",
        "coordinates": [
          81.975,
          25.466667
        ]
      },
      "properties": {
        "risk_score": 0.39,
        "risk_level": "Medium",
        "active_defects_nearby": 0,
        "defect_severity_index": 0.0
      }
    },
    {
      "type": "Feature",
      "geometry": {
        "type": "Point",
        "coordinates": [
          81.9875,
          25.466667
        ]
      },
      "properties": {
        "risk_score": 0.39,
        "risk_level": "Medium",
        "active_defects_nearby": 0,
        "defect_severity_index": 0.0
      }
    },
    {
      "type": "Feature",
      "geometry": {
        "type": "Point",
        "coordinates": [
          82.0,
          25.466667
        ]
      },
      "properties": {
        "risk_score": 0.39,
        "risk_level": "Medium",
        "active_defects_nearby": 0,
        "defect_severity_index": 0.0
      }
    },
    {
      "type": "Feature",
      "geometry": {
        "type": "Point",
        "coordinates": [
          81.7,
          25.477083
        ]
      },
      "properties": {
        "risk_score": 0.348,
        "risk_level": "Medium",
        "active_defects_nearby": 0,
        "defect_severity_index": 0.0
      }
    },
    {
      "type": "Feature",
      "geometry": {
        "type": "Point",
        "coordinates": [
          81.7125,
          25.477083
        ]
      },
      "properties": {
        "risk_score": 0.375,
        "risk_level": "Medium",
        "active_defects_nearby": 0,
        "defect_severity_index": 0.0
      }
    },
    {
      "type": "Feature",
      "geometry": {
        "type": "Point",
        "coordinates": [
          81.725,
          25.477083
        ]
      },
      "properties": {
        "risk_score": 0.397,
        "risk_level": "Medium",
        "active_defects_nearby": 0,
        "defect_severity_index": 0.0
      }
    },
    {
      "type": "Feature",
      "geometry": {
        "type": "Point",
        "coordinates": [
          81.7375,
          25.477083
        ]
      },
      "properties": {
        "risk_score": 0.407,
        "risk_level": "Medium",
        "active_defects_nearby": 0,
        "defect_severity_index": 0.0
      }
    },
    {
      "type": "Feature",
      "geometry": {
        "type": "Point",
        "coordinates": [
          81.75,
          25.477083
        ]
      },
      "properties": {
        "risk_score": 0.403,
        "risk_level": "Medium",
        "active_defects_nearby": 0,
        "defect_severity_index": 0.0
      }
    },
    {
      "type": "Feature",
      "geometry": {
        "type": "Point",
        "coordinates": [
          81.7625,
          25.477083
        ]
      },
      "properties": {
        "risk_score": 0.385,
        "risk_level": "Medium",
        "active_defects_nearby": 0,
        "defect_severity_index": 0.0
      }
    },
    {
      "type": "Feature",
      "geometry": {
        "type": "Point",
        "coordinates": [
          81.775,
          25.477083
        ]
      },
      "properties": {
        "risk_score": 0.359,
        "risk_level": "Medium",
        "active_defects_nearby": 0,
        "defect_severity_index": 0.0
      }
    },
    {
      "type": "Feature",
      "geometry": {
        "type": "Point",
        "coordinates": [
          81.7875,
          25.477083
        ]
      },
      "properties": {
        "risk_score": 0.216,
        "risk_level": "Low",
        "active_defects_nearby": 0,
        "defect_severity_index": 0.0
      }
    },
    {
      "type": "Feature",
      "geometry": {
        "type": "Point",
        "coordinates": [
          81.8,
          25.477083
        ]
      },
      "properties": {
        "risk_score": 0.235,
        "risk_level": "Low",
        "active_defects_nearby": 0,
        "defect_severity_index": 0.0
      }
    },
    {
      "type": "Feature",
      "geometry": {
        "type": "Point",
        "coordinates": [
          81.8125,
          25.477083
        ]
      },
      "properties": {
        "risk_score": 0.194,
        "risk_level": "Low",
        "active_defects_nearby": 0,
        "defect_severity_index": 0.0
      }
    },
    {
      "type": "Feature",
      "geometry": {
        "type": "Point",
        "coordinates": [
          81.825,
          25.477083
        ]
      },
      "properties": {
        "risk_score": 0.213,
        "risk_level": "Low",
        "active_defects_nearby": 0,
        "defect_severity_index": 0.0
      }
    },
    {
      "type": "Feature",
      "geometry": {
        "type": "Point",
        "coordinates": [
          81.8375,
          25.477083
        ]
      },
      "properties": {
        "risk_score": 0.24,
        "risk_level": "Low",
        "active_defects_nearby": 0,
        "defect_severity_index": 0.0
      }
    },
    {
      "type": "Feature",
      "geometry": {
        "type": "Point",
        "coordinates": [
          81.85,
          25.477083
        ]
      },
      "properties": {
        "risk_score": 0.699,
        "risk_level": "High",
        "active_defects_nearby": 4,
        "defect_severity_index": 10.0
      }
    },
    {
      "type": "Feature",
      "geometry": {
        "type": "Point",
        "coordinates": [
          81.8625,
          25.477083
        ]
      },
      "properties": {
        "risk_score": 0.492,
        "risk_level": "Medium",
        "active_defects_nearby": 2,
        "defect_severity_index": 4.0
      }
    },
    {
      "type": "Feature",
      "geometry": {
        "type": "Point",
        "coordinates": [
          81.875,
          25.477083
        ]
      },
      "properties": {
        "risk_score": 0.41,
        "risk_level": "Medium",
        "active_defects_nearby": 1,
        "defect_severity_index": 3.5
      }
    },
    {
      "type": "Feature",
      "geometry": {
        "type": "Point",
        "coordinates": [
          81.8875,
          25.477083
        ]
      },
      "properties": {
        "risk_score": 0.253,
        "risk_level": "Low",
        "active_defects_nearby": 0,
        "defect_severity_index": 0.0
      }
    },
    {
      "type": "Feature",
      "geometry": {
        "type": "Point",
        "coordinates": [
          81.9,
          25.477083
        ]
      },
      "properties": {
        "risk_score": 0.22,
        "risk_level": "Low",
        "active_defects_nearby": 0,
        "defect_severity_index": 0.0
      }
    },
    {
      "type": "Feature",
      "geometry": {
        "type": "Point",
        "coordinates": [
          81.9125,
          25.477083
        ]
      },
      "properties": {
        "risk_score": 0.418,
        "risk_level": "Medium",
        "active_defects_nearby": 0,
        "defect_severity_index": 0.0
      }
    },
    {
      "type": "Feature",
      "geometry": {
        "type": "Point",
        "coordinates": [
          81.925,
          25.477083
        ]
      },
      "properties": {
        "risk_score": 0.429,
        "risk_level": "Medium",
        "active_defects_nearby": 0,
        "defect_severity_index": 0.0
      }
    },
    {
      "type": "Feature",
      "geometry": {
        "type": "Point",
        "coordinates": [
          81.9375,
          25.477083
        ]
      },
      "properties": {
        "risk_score": 0.428,
        "risk_level": "Medium",
        "active_defects_nearby": 0,
        "defect_severity_index": 0.0
      }
    },
    {
      "type": "Feature",
      "geometry": {
        "type": "Point",
        "coordinates": [
          81.95,
          25.477083
        ]
      },
      "properties": {
        "risk_score": 0.415,
        "risk_level": "Medium",
        "active_defects_nearby": 0,
        "defect_severity_index": 0.0
      }
    },
    {
      "type": "Feature",
      "geometry": {
        "type": "Point",
        "coordinates": [
          81.9625,
          25.477083
        ]
      },
      "properties": {
        "risk_score": 0.393,
        "risk_level": "Medium",
        "active_defects_nearby": 0,
        "defect_severity_index": 0.0
      }
    },
    {
      "type": "Feature",
      "geometry": {
        "type": "Point",
        "coordinates": [
          81.975,
          25.477083
        ]
      },
      "properties": {
        "risk_score": 0.39,
        "risk_level": "Medium",
        "active_defects_nearby": 0,
        "defect_severity_index": 0.0
      }
    },
    {
      "type": "Feature",
      "geometry": {
        "type": "Point",
        "coordinates": [
          81.9875,
          25.477083
        ]
      },
      "properties": {
        "risk_score": 0.39,
        "risk_level": "Medium",
        "active_defects_nearby": 0,
        "defect_severity_index": 0.0
      }
    },
    {
      "type": "Feature",
      "geometry": {
        "type": "Point",
        "coordinates": [
          82.0,
          25.477083
        ]
      },
      "properties": {
        "risk_score": 0.39,
        "risk_level": "Medium",
        "active_defects_nearby": 0,
        "defect_severity_index": 0.0
      }
    },
    {
      "type": "Feature",
      "geometry": {
        "type": "Point",
        "coordinates": [
          81.7,
          25.4875
        ]
      },
      "properties": {
        "risk_score": 0.348,
        "risk_level": "Medium",
        "active_defects_nearby": 0,
        "defect_severity_index": 0.0
      }
    },
    {
      "type": "Feature",
      "geometry": {
        "type": "Point",
        "coordinates": [
          81.7125,
          25.4875
        ]
      },
      "properties": {
        "risk_score": 0.348,
        "risk_level": "Medium",
        "active_defects_nearby": 0,
        "defect_severity_index": 0.0
      }
    },
    {
      "type": "Feature",
      "geometry": {
        "type": "Point",
        "coordinates": [
          81.725,
          25.4875
        ]
      },
      "properties": {
        "risk_score": 0.365,
        "risk_level": "Medium",
        "active_defects_nearby": 0,
        "defect_severity_index": 0.0
      }
    },
    {
      "type": "Feature",
      "geometry": {
        "type": "Point",
        "coordinates": [
          81.7375,
          25.4875
        ]
      },
      "properties": {
        "risk_score": 0.373,
        "risk_level": "Medium",
        "active_defects_nearby": 0,
        "defect_severity_index": 0.0
      }
    },
    {
      "type": "Feature",
      "geometry": {
        "type": "Point",
        "coordinates": [
          81.75,
          25.4875
        ]
      },
      "properties": {
        "risk_score": 0.369,
        "risk_level": "Medium",
        "active_defects_nearby": 0,
        "defect_severity_index": 0.0
      }
    },
    {
      "type": "Feature",
      "geometry": {
        "type": "Point",
        "coordinates": [
          81.7625,
          25.4875
        ]
      },
      "properties": {
        "risk_score": 0.356,
        "risk_level": "Medium",
        "active_defects_nearby": 0,
        "defect_severity_index": 0.0
      }
    },
    {
      "type": "Feature",
      "geometry": {
        "type": "Point",
        "coordinates": [
          81.775,
          25.4875
        ]
      },
      "properties": {
        "risk_score": 0.348,
        "risk_level": "Medium",
        "active_defects_nearby": 0,
        "defect_severity_index": 0.0
      }
    },
    {
      "type": "Feature",
      "geometry": {
        "type": "Point",
        "coordinates": [
          81.7875,
          25.4875
        ]
      },
      "properties": {
        "risk_score": 0.216,
        "risk_level": "Low",
        "active_defects_nearby": 0,
        "defect_severity_index": 0.0
      }
    },
    {
      "type": "Feature",
      "geometry": {
        "type": "Point",
        "coordinates": [
          81.8,
          25.4875
        ]
      },
      "properties": {
        "risk_score": 0.15,
        "risk_level": "Low",
        "active_defects_nearby": 0,
        "defect_severity_index": 0.0
      }
    },
    {
      "type": "Feature",
      "geometry": {
        "type": "Point",
        "coordinates": [
          81.8125,
          25.4875
        ]
      },
      "properties": {
        "risk_score": 0.165,
        "risk_level": "Low",
        "active_defects_nearby": 0,
        "defect_severity_index": 0.0
      }
    },
    {
      "type": "Feature",
      "geometry": {
        "type": "Point",
        "coordinates": [
          81.825,
          25.4875
        ]
      },
      "properties": {
        "risk_score": 0.226,
        "risk_level": "Low",
        "active_defects_nearby": 0,
        "defect_severity_index": 0.0
      }
    },
    {
      "type": "Feature",
      "geometry": {
        "type": "Point",
        "coordinates": [
          81.8375,
          25.4875
        ]
      },
      "properties": {
        "risk_score": 0.264,
        "risk_level": "Low",
        "active_defects_nearby": 0,
        "defect_severity_index": 0.0
      }
    },
    {
      "type": "Feature",
      "geometry": {
        "type": "Point",
        "coordinates": [
          81.85,
          25.4875
        ]
      },
      "properties": {
        "risk_score": 0.74,
        "risk_level": "High",
        "active_defects_nearby": 4,
        "defect_severity_index": 10.0
      }
    },
    {
      "type": "Feature",
      "geometry": {
        "type": "Point",
        "coordinates": [
          81.8625,
          25.4875
        ]
      },
      "properties": {
        "risk_score": 0.95,
        "risk_level": "Critical",
        "active_defects_nearby": 22,
        "defect_severity_index": 10.0
      }
    },
    {
      "type": "Feature",
      "geometry": {
        "type": "Point",
        "coordinates": [
          81.875,
          25.4875
        ]
      },
      "properties": {
        "risk_score": 0.863,
        "risk_level": "Critical",
        "active_defects_nearby": 6,
        "defect_severity_index": 10.0
      }
    },
    {
      "type": "Feature",
      "geometry": {
        "type": "Point",
        "coordinates": [
          81.8875,
          25.4875
        ]
      },
      "properties": {
        "risk_score": 0.267,
        "risk_level": "Low",
        "active_defects_nearby": 0,
        "defect_severity_index": 0.0
      }
    },
    {
      "type": "Feature",
      "geometry": {
        "type": "Point",
        "coordinates": [
          81.9,
          25.4875
        ]
      },
      "properties": {
        "risk_score": 0.229,
        "risk_level": "Low",
        "active_defects_nearby": 0,
        "defect_severity_index": 0.0
      }
    },
    {
      "type": "Feature",
      "geometry": {
        "type": "Point",
        "coordinates": [
          81.9125,
          25.4875
        ]
      },
      "properties": {
        "risk_score": 0.448,
        "risk_level": "Medium",
        "active_defects_nearby": 0,
        "defect_severity_index": 0.0
      }
    },
    {
      "type": "Feature",
      "geometry": {
        "type": "Point",
        "coordinates": [
          81.925,
          25.4875
        ]
      },
      "properties": {
        "risk_score": 0.583,
        "risk_level": "High",
        "active_defects_nearby": 1,
        "defect_severity_index": 3.0
      }
    },
    {
      "type": "Feature",
      "geometry": {
        "type": "Point",
        "coordinates": [
          81.9375,
          25.4875
        ]
      },
      "properties": {
        "risk_score": 0.627,
        "risk_level": "High",
        "active_defects_nearby": 1,
        "defect_severity_index": 5.25
      }
    },
    {
      "type": "Feature",
      "geometry": {
        "type": "Point",
        "coordinates": [
          81.95,
          25.4875
        ]
      },
      "properties": {
        "risk_score": 0.444,
        "risk_level": "Medium",
        "active_defects_nearby": 0,
        "defect_severity_index": 0.0
      }
    },
    {
      "type": "Feature",
      "geometry": {
        "type": "Point",
        "coordinates": [
          81.9625,
          25.4875
        ]
      },
      "properties": {
        "risk_score": 0.417,
        "risk_level": "Medium",
        "active_defects_nearby": 0,
        "defect_severity_index": 0.0
      }
    },
    {
      "type": "Feature",
      "geometry": {
        "type": "Point",
        "coordinates": [
          81.975,
          25.4875
        ]
      },
      "properties": {
        "risk_score": 0.39,
        "risk_level": "Medium",
        "active_defects_nearby": 0,
        "defect_severity_index": 0.0
      }
    },
    {
      "type": "Feature",
      "geometry": {
        "type": "Point",
        "coordinates": [
          81.9875,
          25.4875
        ]
      },
      "properties": {
        "risk_score": 0.39,
        "risk_level": "Medium",
        "active_defects_nearby": 0,
        "defect_severity_index": 0.0
      }
    },
    {
      "type": "Feature",
      "geometry": {
        "type": "Point",
        "coordinates": [
          82.0,
          25.4875
        ]
      },
      "properties": {
        "risk_score": 0.39,
        "risk_level": "Medium",
        "active_defects_nearby": 0,
        "defect_severity_index": 0.0
      }
    },
    {
      "type": "Feature",
      "geometry": {
        "type": "Point",
        "coordinates": [
          81.7,
          25.497917
        ]
      },
      "properties": {
        "risk_score": 0.348,
        "risk_level": "Medium",
        "active_defects_nearby": 0,
        "defect_severity_index": 0.0
      }
    },
    {
      "type": "Feature",
      "geometry": {
        "type": "Point",
        "coordinates": [
          81.7125,
          25.497917
        ]
      },
      "properties": {
        "risk_score": 0.348,
        "risk_level": "Medium",
        "active_defects_nearby": 0,
        "defect_severity_index": 0.0
      }
    },
    {
      "type": "Feature",
      "geometry": {
        "type": "Point",
        "coordinates": [
          81.725,
          25.497917
        ]
      },
      "properties": {
        "risk_score": 0.348,
        "risk_level": "Medium",
        "active_defects_nearby": 0,
        "defect_severity_index": 0.0
      }
    },
    {
      "type": "Feature",
      "geometry": {
        "type": "Point",
        "coordinates": [
          81.7375,
          25.497917
        ]
      },
      "properties": {
        "risk_score": 0.348,
        "risk_level": "Medium",
        "active_defects_nearby": 0,
        "defect_severity_index": 0.0
      }
    },
    {
      "type": "Feature",
      "geometry": {
        "type": "Point",
        "coordinates": [
          81.75,
          25.497917
        ]
      },
      "properties": {
        "risk_score": 0.348,
        "risk_level": "Medium",
        "active_defects_nearby": 0,
        "defect_severity_index": 0.0
      }
    },
    {
      "type": "Feature",
      "geometry": {
        "type": "Point",
        "coordinates": [
          81.7625,
          25.497917
        ]
      },
      "properties": {
        "risk_score": 0.348,
        "risk_level": "Medium",
        "active_defects_nearby": 0,
        "defect_severity_index": 0.0
      }
    },
    {
      "type": "Feature",
      "geometry": {
        "type": "Point",
        "coordinates": [
          81.775,
          25.497917
        ]
      },
      "properties": {
        "risk_score": 0.348,
        "risk_level": "Medium",
        "active_defects_nearby": 0,
        "defect_severity_index": 0.0
      }
    },
    {
      "type": "Feature",
      "geometry": {
        "type": "Point",
        "coordinates": [
          81.7875,
          25.497917
        ]
      },
      "properties": {
        "risk_score": 0.15,
        "risk_level": "Low",
        "active_defects_nearby": 0,
        "defect_severity_index": 0.0
      }
    },
    {
      "type": "Feature",
      "geometry": {
        "type": "Point",
        "coordinates": [
          81.8,
          25.497917
        ]
      },
      "properties": {
        "risk_score": 0.312,
        "risk_level": "Medium",
        "active_defects_nearby": 0,
        "defect_severity_index": 0.0
      }
    },
    {
      "type": "Feature",
      "geometry": {
        "type": "Point",
        "coordinates": [
          81.8125,
          25.497917
        ]
      },
      "properties": {
        "risk_score": 0.317,
        "risk_level": "Medium",
        "active_defects_nearby": 0,
        "defect_severity_index": 0.0
      }
    },
    {
      "type": "Feature",
      "geometry": {
        "type": "Point",
        "coordinates": [
          81.825,
          25.497917
        ]
      },
      "properties": {
        "risk_score": 0.352,
        "risk_level": "Medium",
        "active_defects_nearby": 0,
        "defect_severity_index": 0.0
      }
    },
    {
      "type": "Feature",
      "geometry": {
        "type": "Point",
        "coordinates": [
          81.8375,
          25.497917
        ]
      },
      "properties": {
        "risk_score": 0.384,
        "risk_level": "Medium",
        "active_defects_nearby": 0,
        "defect_severity_index": 0.0
      }
    },
    {
      "type": "Feature",
      "geometry": {
        "type": "Point",
        "coordinates": [
          81.85,
          25.497917
        ]
      },
      "properties": {
        "risk_score": 0.95,
        "risk_level": "Critical",
        "active_defects_nearby": 8,
        "defect_severity_index": 10.0
      }
    },
    {
      "type": "Feature",
      "geometry": {
        "type": "Point",
        "coordinates": [
          81.8625,
          25.497917
        ]
      },
      "properties": {
        "risk_score": 0.95,
        "risk_level": "Critical",
        "active_defects_nearby": 19,
        "defect_severity_index": 10.0
      }
    },
    {
      "type": "Feature",
      "geometry": {
        "type": "Point",
        "coordinates": [
          81.875,
          25.497917
        ]
      },
      "properties": {
        "risk_score": 0.801,
        "risk_level": "Critical",
        "active_defects_nearby": 5,
        "defect_severity_index": 10.0
      }
    },
    {
      "type": "Feature",
      "geometry": {
        "type": "Point",
        "coordinates": [
          81.8875,
          25.497917
        ]
      },
      "properties": {
        "risk_score": 0.345,
        "risk_level": "Medium",
        "active_defects_nearby": 1,
        "defect_severity_index": 1.0
      }
    },
    {
      "type": "Feature",
      "geometry": {
        "type": "Point",
        "coordinates": [
          81.9,
          25.497917
        ]
      },
      "properties": {
        "risk_score": 0.441,
        "risk_level": "Medium",
        "active_defects_nearby": 0,
        "defect_severity_index": 0.0
      }
    },
    {
      "type": "Feature",
      "geometry": {
        "type": "Point",
        "coordinates": [
          81.9125,
          25.497917
        ]
      },
      "properties": {
        "risk_score": 0.574,
        "risk_level": "High",
        "active_defects_nearby": 1,
        "defect_severity_index": 2.0
      }
    },
    {
      "type": "Feature",
      "geometry": {
        "type": "Point",
        "coordinates": [
          81.925,
          25.497917
        ]
      },
      "properties": {
        "risk_score": 0.95,
        "risk_level": "Critical",
        "active_defects_nearby": 6,
        "defect_severity_index": 10.0
      }
    },
    {
      "type": "Feature",
      "geometry": {
        "type": "Point",
        "coordinates": [
          81.9375,
          25.497917
        ]
      },
      "properties": {
        "risk_score": 0.95,
        "risk_level": "Critical",
        "active_defects_nearby": 7,
        "defect_severity_index": 10.0
      }
    },
    {
      "type": "Feature",
      "geometry": {
        "type": "Point",
        "coordinates": [
          81.95,
          25.497917
        ]
      },
      "properties": {
        "risk_score": 0.667,
        "risk_level": "High",
        "active_defects_nearby": 1,
        "defect_severity_index": 7.0
      }
    },
    {
      "type": "Feature",
      "geometry": {
        "type": "Point",
        "coordinates": [
          81.9625,
          25.497917
        ]
      },
      "properties": {
        "risk_score": 0.434,
        "risk_level": "Medium",
        "active_defects_nearby": 0,
        "defect_severity_index": 0.0
      }
    },
    {
      "type": "Feature",
      "geometry": {
        "type": "Point",
        "coordinates": [
          81.975,
          25.497917
        ]
      },
      "properties": {
        "risk_score": 0.398,
        "risk_level": "Medium",
        "active_defects_nearby": 0,
        "defect_severity_index": 0.0
      }
    },
    {
      "type": "Feature",
      "geometry": {
        "type": "Point",
        "coordinates": [
          81.9875,
          25.497917
        ]
      },
      "properties": {
        "risk_score": 0.39,
        "risk_level": "Medium",
        "active_defects_nearby": 0,
        "defect_severity_index": 0.0
      }
    },
    {
      "type": "Feature",
      "geometry": {
        "type": "Point",
        "coordinates": [
          82.0,
          25.497917
        ]
      },
      "properties": {
        "risk_score": 0.39,
        "risk_level": "Medium",
        "active_defects_nearby": 0,
        "defect_severity_index": 0.0
      }
    },
    {
      "type": "Feature",
      "geometry": {
        "type": "Point",
        "coordinates": [
          81.7,
          25.508333
        ]
      },
      "properties": {
        "risk_score": 0.348,
        "risk_level": "Medium",
        "active_defects_nearby": 0,
        "defect_severity_index": 0.0
      }
    },
    {
      "type": "Feature",
      "geometry": {
        "type": "Point",
        "coordinates": [
          81.7125,
          25.508333
        ]
      },
      "properties": {
        "risk_score": 0.348,
        "risk_level": "Medium",
        "active_defects_nearby": 0,
        "defect_severity_index": 0.0
      }
    },
    {
      "type": "Feature",
      "geometry": {
        "type": "Point",
        "coordinates": [
          81.725,
          25.508333
        ]
      },
      "properties": {
        "risk_score": 0.348,
        "risk_level": "Medium",
        "active_defects_nearby": 0,
        "defect_severity_index": 0.0
      }
    },
    {
      "type": "Feature",
      "geometry": {
        "type": "Point",
        "coordinates": [
          81.7375,
          25.508333
        ]
      },
      "properties": {
        "risk_score": 0.348,
        "risk_level": "Medium",
        "active_defects_nearby": 0,
        "defect_severity_index": 0.0
      }
    },
    {
      "type": "Feature",
      "geometry": {
        "type": "Point",
        "coordinates": [
          81.75,
          25.508333
        ]
      },
      "properties": {
        "risk_score": 0.348,
        "risk_level": "Medium",
        "active_defects_nearby": 0,
        "defect_severity_index": 0.0
      }
    },
    {
      "type": "Feature",
      "geometry": {
        "type": "Point",
        "coordinates": [
          81.7625,
          25.508333
        ]
      },
      "properties": {
        "risk_score": 0.348,
        "risk_level": "Medium",
        "active_defects_nearby": 0,
        "defect_severity_index": 0.0
      }
    },
    {
      "type": "Feature",
      "geometry": {
        "type": "Point",
        "coordinates": [
          81.775,
          25.508333
        ]
      },
      "properties": {
        "risk_score": 0.348,
        "risk_level": "Medium",
        "active_defects_nearby": 0,
        "defect_severity_index": 0.0
      }
    },
    {
      "type": "Feature",
      "geometry": {
        "type": "Point",
        "coordinates": [
          81.7875,
          25.508333
        ]
      },
      "properties": {
        "risk_score": 0.312,
        "risk_level": "Medium",
        "active_defects_nearby": 0,
        "defect_severity_index": 0.0
      }
    },
    {
      "type": "Feature",
      "geometry": {
        "type": "Point",
        "coordinates": [
          81.8,
          25.508333
        ]
      },
      "properties": {
        "risk_score": 0.312,
        "risk_level": "Medium",
        "active_defects_nearby": 0,
        "defect_severity_index": 0.0
      }
    },
    {
      "type": "Feature",
      "geometry": {
        "type": "Point",
        "coordinates": [
          81.8125,
          25.508333
        ]
      },
      "properties": {
        "risk_score": 0.324,
        "risk_level": "Medium",
        "active_defects_nearby": 0,
        "defect_severity_index": 0.0
      }
    },
    {
      "type": "Feature",
      "geometry": {
        "type": "Point",
        "coordinates": [
          81.825,
          25.508333
        ]
      },
      "properties": {
        "risk_score": 0.362,
        "risk_level": "Medium",
        "active_defects_nearby": 0,
        "defect_severity_index": 0.0
      }
    },
    {
      "type": "Feature",
      "geometry": {
        "type": "Point",
        "coordinates": [
          81.8375,
          25.508333
        ]
      },
      "properties": {
        "risk_score": 0.399,
        "risk_level": "Medium",
        "active_defects_nearby": 0,
        "defect_severity_index": 0.0
      }
    },
    {
      "type": "Feature",
      "geometry": {
        "type": "Point",
        "coordinates": [
          81.85,
          25.508333
        ]
      },
      "properties": {
        "risk_score": 0.95,
        "risk_level": "Critical",
        "active_defects_nearby": 11,
        "defect_severity_index": 10.0
      }
    },
    {
      "type": "Feature",
      "geometry": {
        "type": "Point",
        "coordinates": [
          81.8625,
          25.508333
        ]
      },
      "properties": {
        "risk_score": 0.95,
        "risk_level": "Critical",
        "active_defects_nearby": 18,
        "defect_severity_index": 10.0
      }
    },
    {
      "type": "Feature",
      "geometry": {
        "type": "Point",
        "coordinates": [
          81.875,
          25.508333
        ]
      },
      "properties": {
        "risk_score": 0.95,
        "risk_level": "Critical",
        "active_defects_nearby": 6,
        "defect_severity_index": 10.0
      }
    },
    {
      "type": "Feature",
      "geometry": {
        "type": "Point",
        "coordinates": [
          81.8875,
          25.508333
        ]
      },
      "properties": {
        "risk_score": 0.422,
        "risk_level": "Medium",
        "active_defects_nearby": 0,
        "defect_severity_index": 0.0
      }
    },
    {
      "type": "Feature",
      "geometry": {
        "type": "Point",
        "coordinates": [
          81.9,
          25.508333
        ]
      },
      "properties": {
        "risk_score": 0.449,
        "risk_level": "Medium",
        "active_defects_nearby": 0,
        "defect_severity_index": 0.0
      }
    },
    {
      "type": "Feature",
      "geometry": {
        "type": "Point",
        "coordinates": [
          81.9125,
          25.508333
        ]
      },
      "properties": {
        "risk_score": 0.487,
        "risk_level": "Medium",
        "active_defects_nearby": 0,
        "defect_severity_index": 0.0
      }
    },
    {
      "type": "Feature",
      "geometry": {
        "type": "Point",
        "coordinates": [
          81.925,
          25.508333
        ]
      },
      "properties": {
        "risk_score": 0.95,
        "risk_level": "Critical",
        "active_defects_nearby": 13,
        "defect_severity_index": 10.0
      }
    },
    {
      "type": "Feature",
      "geometry": {
        "type": "Point",
        "coordinates": [
          81.9375,
          25.508333
        ]
      },
      "properties": {
        "risk_score": 0.95,
        "risk_level": "Critical",
        "active_defects_nearby": 12,
        "defect_severity_index": 10.0
      }
    },
    {
      "type": "Feature",
      "geometry": {
        "type": "Point",
        "coordinates": [
          81.95,
          25.508333
        ]
      },
      "properties": {
        "risk_score": 0.799,
        "risk_level": "Critical",
        "active_defects_nearby": 2,
        "defect_severity_index": 10.0
      }
    },
    {
      "type": "Feature",
      "geometry": {
        "type": "Point",
        "coordinates": [
          81.9625,
          25.508333
        ]
      },
      "properties": {
        "risk_score": 0.442,
        "risk_level": "Medium",
        "active_defects_nearby": 0,
        "defect_severity_index": 0.0
      }
    },
    {
      "type": "Feature",
      "geometry": {
        "type": "Point",
        "coordinates": [
          81.975,
          25.508333
        ]
      },
      "properties": {
        "risk_score": 0.404,
        "risk_level": "Medium",
        "active_defects_nearby": 0,
        "defect_severity_index": 0.0
      }
    },
    {
      "type": "Feature",
      "geometry": {
        "type": "Point",
        "coordinates": [
          81.9875,
          25.508333
        ]
      },
      "properties": {
        "risk_score": 0.39,
        "risk_level": "Medium",
        "active_defects_nearby": 0,
        "defect_severity_index": 0.0
      }
    },
    {
      "type": "Feature",
      "geometry": {
        "type": "Point",
        "coordinates": [
          82.0,
          25.508333
        ]
      },
      "properties": {
        "risk_score": 0.39,
        "risk_level": "Medium",
        "active_defects_nearby": 0,
        "defect_severity_index": 0.0
      }
    },
    {
      "type": "Feature",
      "geometry": {
        "type": "Point",
        "coordinates": [
          81.7,
          25.51875
        ]
      },
      "properties": {
        "risk_score": 0.348,
        "risk_level": "Medium",
        "active_defects_nearby": 0,
        "defect_severity_index": 0.0
      }
    },
    {
      "type": "Feature",
      "geometry": {
        "type": "Point",
        "coordinates": [
          81.7125,
          25.51875
        ]
      },
      "properties": {
        "risk_score": 0.348,
        "risk_level": "Medium",
        "active_defects_nearby": 0,
        "defect_severity_index": 0.0
      }
    },
    {
      "type": "Feature",
      "geometry": {
        "type": "Point",
        "coordinates": [
          81.725,
          25.51875
        ]
      },
      "properties": {
        "risk_score": 0.348,
        "risk_level": "Medium",
        "active_defects_nearby": 0,
        "defect_severity_index": 0.0
      }
    },
    {
      "type": "Feature",
      "geometry": {
        "type": "Point",
        "coordinates": [
          81.7375,
          25.51875
        ]
      },
      "properties": {
        "risk_score": 0.348,
        "risk_level": "Medium",
        "active_defects_nearby": 0,
        "defect_severity_index": 0.0
      }
    },
    {
      "type": "Feature",
      "geometry": {
        "type": "Point",
        "coordinates": [
          81.75,
          25.51875
        ]
      },
      "properties": {
        "risk_score": 0.348,
        "risk_level": "Medium",
        "active_defects_nearby": 0,
        "defect_severity_index": 0.0
      }
    },
    {
      "type": "Feature",
      "geometry": {
        "type": "Point",
        "coordinates": [
          81.7625,
          25.51875
        ]
      },
      "properties": {
        "risk_score": 0.348,
        "risk_level": "Medium",
        "active_defects_nearby": 0,
        "defect_severity_index": 0.0
      }
    },
    {
      "type": "Feature",
      "geometry": {
        "type": "Point",
        "coordinates": [
          81.775,
          25.51875
        ]
      },
      "properties": {
        "risk_score": 0.312,
        "risk_level": "Medium",
        "active_defects_nearby": 0,
        "defect_severity_index": 0.0
      }
    },
    {
      "type": "Feature",
      "geometry": {
        "type": "Point",
        "coordinates": [
          81.7875,
          25.51875
        ]
      },
      "properties": {
        "risk_score": 0.312,
        "risk_level": "Medium",
        "active_defects_nearby": 0,
        "defect_severity_index": 0.0
      }
    },
    {
      "type": "Feature",
      "geometry": {
        "type": "Point",
        "coordinates": [
          81.8,
          25.51875
        ]
      },
      "properties": {
        "risk_score": 0.312,
        "risk_level": "Medium",
        "active_defects_nearby": 0,
        "defect_severity_index": 0.0
      }
    },
    {
      "type": "Feature",
      "geometry": {
        "type": "Point",
        "coordinates": [
          81.8125,
          25.51875
        ]
      },
      "properties": {
        "risk_score": 0.323,
        "risk_level": "Medium",
        "active_defects_nearby": 0,
        "defect_severity_index": 0.0
      }
    },
    {
      "type": "Feature",
      "geometry": {
        "type": "Point",
        "coordinates": [
          81.825,
          25.51875
        ]
      },
      "properties": {
        "risk_score": 0.36,
        "risk_level": "Medium",
        "active_defects_nearby": 0,
        "defect_severity_index": 0.0
      }
    },
    {
      "type": "Feature",
      "geometry": {
        "type": "Point",
        "coordinates": [
          81.8375,
          25.51875
        ]
      },
      "properties": {
        "risk_score": 0.396,
        "risk_level": "Medium",
        "active_defects_nearby": 0,
        "defect_severity_index": 0.0
      }
    },
    {
      "type": "Feature",
      "geometry": {
        "type": "Point",
        "coordinates": [
          81.85,
          25.51875
        ]
      },
      "properties": {
        "risk_score": 0.95,
        "risk_level": "Critical",
        "active_defects_nearby": 12,
        "defect_severity_index": 10.0
      }
    },
    {
      "type": "Feature",
      "geometry": {
        "type": "Point",
        "coordinates": [
          81.8625,
          25.51875
        ]
      },
      "properties": {
        "risk_score": 0.95,
        "risk_level": "Critical",
        "active_defects_nearby": 20,
        "defect_severity_index": 10.0
      }
    },
    {
      "type": "Feature",
      "geometry": {
        "type": "Point",
        "coordinates": [
          81.875,
          25.51875
        ]
      },
      "properties": {
        "risk_score": 0.95,
        "risk_level": "Critical",
        "active_defects_nearby": 16,
        "defect_severity_index": 10.0
      }
    },
    {
      "type": "Feature",
      "geometry": {
        "type": "Point",
        "coordinates": [
          81.8875,
          25.51875
        ]
      },
      "properties": {
        "risk_score": 0.559,
        "risk_level": "High",
        "active_defects_nearby": 1,
        "defect_severity_index": 3.0
      }
    },
    {
      "type": "Feature",
      "geometry": {
        "type": "Point",
        "coordinates": [
          81.9,
          25.51875
        ]
      },
      "properties": {
        "risk_score": 0.445,
        "risk_level": "Medium",
        "active_defects_nearby": 0,
        "defect_severity_index": 0.0
      }
    },
    {
      "type": "Feature",
      "geometry": {
        "type": "Point",
        "coordinates": [
          81.9125,
          25.51875
        ]
      },
      "properties": {
        "risk_score": 0.61,
        "risk_level": "High",
        "active_defects_nearby": 1,
        "defect_severity_index": 3.5
      }
    },
    {
      "type": "Feature",
      "geometry": {
        "type": "Point",
        "coordinates": [
          81.925,
          25.51875
        ]
      },
      "properties": {
        "risk_score": 0.95,
        "risk_level": "Critical",
        "active_defects_nearby": 7,
        "defect_severity_index": 10.0
      }
    },
    {
      "type": "Feature",
      "geometry": {
        "type": "Point",
        "coordinates": [
          81.9375,
          25.51875
        ]
      },
      "properties": {
        "risk_score": 0.95,
        "risk_level": "Critical",
        "active_defects_nearby": 10,
        "defect_severity_index": 10.0
      }
    },
    {
      "type": "Feature",
      "geometry": {
        "type": "Point",
        "coordinates": [
          81.95,
          25.51875
        ]
      },
      "properties": {
        "risk_score": 0.683,
        "risk_level": "High",
        "active_defects_nearby": 2,
        "defect_severity_index": 4.5
      }
    },
    {
      "type": "Feature",
      "geometry": {
        "type": "Point",
        "coordinates": [
          81.9625,
          25.51875
        ]
      },
      "properties": {
        "risk_score": 0.438,
        "risk_level": "Medium",
        "active_defects_nearby": 0,
        "defect_severity_index": 0.0
      }
    },
    {
      "type": "Feature",
      "geometry": {
        "type": "Point",
        "coordinates": [
          81.975,
          25.51875
        ]
      },
      "properties": {
        "risk_score": 0.401,
        "risk_level": "Medium",
        "active_defects_nearby": 0,
        "defect_severity_index": 0.0
      }
    },
    {
      "type": "Feature",
      "geometry": {
        "type": "Point",
        "coordinates": [
          81.9875,
          25.51875
        ]
      },
      "properties": {
        "risk_score": 0.39,
        "risk_level": "Medium",
        "active_defects_nearby": 0,
        "defect_severity_index": 0.0
      }
    },
    {
      "type": "Feature",
      "geometry": {
        "type": "Point",
        "coordinates": [
          82.0,
          25.51875
        ]
      },
      "properties": {
        "risk_score": 0.39,
        "risk_level": "Medium",
        "active_defects_nearby": 0,
        "defect_severity_index": 0.0
      }
    },
    {
      "type": "Feature",
      "geometry": {
        "type": "Point",
        "coordinates": [
          81.7,
          25.529167
        ]
      },
      "properties": {
        "risk_score": 0.348,
        "risk_level": "Medium",
        "active_defects_nearby": 0,
        "defect_severity_index": 0.0
      }
    },
    {
      "type": "Feature",
      "geometry": {
        "type": "Point",
        "coordinates": [
          81.7125,
          25.529167
        ]
      },
      "properties": {
        "risk_score": 0.348,
        "risk_level": "Medium",
        "active_defects_nearby": 0,
        "defect_severity_index": 0.0
      }
    },
    {
      "type": "Feature",
      "geometry": {
        "type": "Point",
        "coordinates": [
          81.725,
          25.529167
        ]
      },
      "properties": {
        "risk_score": 0.348,
        "risk_level": "Medium",
        "active_defects_nearby": 0,
        "defect_severity_index": 0.0
      }
    },
    {
      "type": "Feature",
      "geometry": {
        "type": "Point",
        "coordinates": [
          81.7375,
          25.529167
        ]
      },
      "properties": {
        "risk_score": 0.348,
        "risk_level": "Medium",
        "active_defects_nearby": 0,
        "defect_severity_index": 0.0
      }
    },
    {
      "type": "Feature",
      "geometry": {
        "type": "Point",
        "coordinates": [
          81.75,
          25.529167
        ]
      },
      "properties": {
        "risk_score": 0.348,
        "risk_level": "Medium",
        "active_defects_nearby": 0,
        "defect_severity_index": 0.0
      }
    },
    {
      "type": "Feature",
      "geometry": {
        "type": "Point",
        "coordinates": [
          81.7625,
          25.529167
        ]
      },
      "properties": {
        "risk_score": 0.348,
        "risk_level": "Medium",
        "active_defects_nearby": 0,
        "defect_severity_index": 0.0
      }
    },
    {
      "type": "Feature",
      "geometry": {
        "type": "Point",
        "coordinates": [
          81.775,
          25.529167
        ]
      },
      "properties": {
        "risk_score": 0.312,
        "risk_level": "Medium",
        "active_defects_nearby": 0,
        "defect_severity_index": 0.0
      }
    },
    {
      "type": "Feature",
      "geometry": {
        "type": "Point",
        "coordinates": [
          81.7875,
          25.529167
        ]
      },
      "properties": {
        "risk_score": 0.312,
        "risk_level": "Medium",
        "active_defects_nearby": 0,
        "defect_severity_index": 0.0
      }
    },
    {
      "type": "Feature",
      "geometry": {
        "type": "Point",
        "coordinates": [
          81.8,
          25.529167
        ]
      },
      "properties": {
        "risk_score": 0.312,
        "risk_level": "Medium",
        "active_defects_nearby": 0,
        "defect_severity_index": 0.0
      }
    },
    {
      "type": "Feature",
      "geometry": {
        "type": "Point",
        "coordinates": [
          81.8125,
          25.529167
        ]
      },
      "properties": {
        "risk_score": 0.313,
        "risk_level": "Medium",
        "active_defects_nearby": 0,
        "defect_severity_index": 0.0
      }
    },
    {
      "type": "Feature",
      "geometry": {
        "type": "Point",
        "coordinates": [
          81.825,
          25.529167
        ]
      },
      "properties": {
        "risk_score": 0.347,
        "risk_level": "Medium",
        "active_defects_nearby": 0,
        "defect_severity_index": 0.0
      }
    },
    {
      "type": "Feature",
      "geometry": {
        "type": "Point",
        "coordinates": [
          81.8375,
          25.529167
        ]
      },
      "properties": {
        "risk_score": 0.426,
        "risk_level": "Medium",
        "active_defects_nearby": 0,
        "defect_severity_index": 0.0
      }
    },
    {
      "type": "Feature",
      "geometry": {
        "type": "Point",
        "coordinates": [
          81.85,
          25.529167
        ]
      },
      "properties": {
        "risk_score": 0.778,
        "risk_level": "Critical",
        "active_defects_nearby": 2,
        "defect_severity_index": 9.75
      }
    },
    {
      "type": "Feature",
      "geometry": {
        "type": "Point",
        "coordinates": [
          81.8625,
          25.529167
        ]
      },
      "properties": {
        "risk_score": 0.95,
        "risk_level": "Critical",
        "active_defects_nearby": 17,
        "defect_severity_index": 10.0
      }
    },
    {
      "type": "Feature",
      "geometry": {
        "type": "Point",
        "coordinates": [
          81.875,
          25.529167
        ]
      },
      "properties": {
        "risk_score": 0.95,
        "risk_level": "Critical",
        "active_defects_nearby": 14,
        "defect_severity_index": 10.0
      }
    },
    {
      "type": "Feature",
      "geometry": {
        "type": "Point",
        "coordinates": [
          81.8875,
          25.529167
        ]
      },
      "properties": {
        "risk_score": 0.571,
        "risk_level": "High",
        "active_defects_nearby": 1,
        "defect_severity_index": 3.5
      }
    },
    {
      "type": "Feature",
      "geometry": {
        "type": "Point",
        "coordinates": [
          81.9,
          25.529167
        ]
      },
      "properties": {
        "risk_score": 0.404,
        "risk_level": "Medium",
        "active_defects_nearby": 0,
        "defect_severity_index": 0.0
      }
    },
    {
      "type": "Feature",
      "geometry": {
        "type": "Point",
        "coordinates": [
          81.9125,
          25.529167
        ]
      },
      "properties": {
        "risk_score": 0.457,
        "risk_level": "Medium",
        "active_defects_nearby": 0,
        "defect_severity_index": 0.0
      }
    },
    {
      "type": "Feature",
      "geometry": {
        "type": "Point",
        "coordinates": [
          81.925,
          25.529167
        ]
      },
      "properties": {
        "risk_score": 0.674,
        "risk_level": "High",
        "active_defects_nearby": 2,
        "defect_severity_index": 4.0
      }
    },
    {
      "type": "Feature",
      "geometry": {
        "type": "Point",
        "coordinates": [
          81.9375,
          25.529167
        ]
      },
      "properties": {
        "risk_score": 0.472,
        "risk_level": "Medium",
        "active_defects_nearby": 0,
        "defect_severity_index": 0.0
      }
    },
    {
      "type": "Feature",
      "geometry": {
        "type": "Point",
        "coordinates": [
          81.95,
          25.529167
        ]
      },
      "properties": {
        "risk_score": 0.452,
        "risk_level": "Medium",
        "active_defects_nearby": 0,
        "defect_severity_index": 0.0
      }
    },
    {
      "type": "Feature",
      "geometry": {
        "type": "Point",
        "coordinates": [
          81.9625,
          25.529167
        ]
      },
      "properties": {
        "risk_score": 0.423,
        "risk_level": "Medium",
        "active_defects_nearby": 0,
        "defect_severity_index": 0.0
      }
    },
    {
      "type": "Feature",
      "geometry": {
        "type": "Point",
        "coordinates": [
          81.975,
          25.529167
        ]
      },
      "properties": {
        "risk_score": 0.39,
        "risk_level": "Medium",
        "active_defects_nearby": 0,
        "defect_severity_index": 0.0
      }
    },
    {
      "type": "Feature",
      "geometry": {
        "type": "Point",
        "coordinates": [
          81.9875,
          25.529167
        ]
      },
      "properties": {
        "risk_score": 0.39,
        "risk_level": "Medium",
        "active_defects_nearby": 0,
        "defect_severity_index": 0.0
      }
    },
    {
      "type": "Feature",
      "geometry": {
        "type": "Point",
        "coordinates": [
          82.0,
          25.529167
        ]
      },
      "properties": {
        "risk_score": 0.39,
        "risk_level": "Medium",
        "active_defects_nearby": 0,
        "defect_severity_index": 0.0
      }
    },
    {
      "type": "Feature",
      "geometry": {
        "type": "Point",
        "coordinates": [
          81.7,
          25.539583
        ]
      },
      "properties": {
        "risk_score": 0.348,
        "risk_level": "Medium",
        "active_defects_nearby": 0,
        "defect_severity_index": 0.0
      }
    },
    {
      "type": "Feature",
      "geometry": {
        "type": "Point",
        "coordinates": [
          81.7125,
          25.539583
        ]
      },
      "properties": {
        "risk_score": 0.348,
        "risk_level": "Medium",
        "active_defects_nearby": 0,
        "defect_severity_index": 0.0
      }
    },
    {
      "type": "Feature",
      "geometry": {
        "type": "Point",
        "coordinates": [
          81.725,
          25.539583
        ]
      },
      "properties": {
        "risk_score": 0.348,
        "risk_level": "Medium",
        "active_defects_nearby": 0,
        "defect_severity_index": 0.0
      }
    },
    {
      "type": "Feature",
      "geometry": {
        "type": "Point",
        "coordinates": [
          81.7375,
          25.539583
        ]
      },
      "properties": {
        "risk_score": 0.348,
        "risk_level": "Medium",
        "active_defects_nearby": 0,
        "defect_severity_index": 0.0
      }
    },
    {
      "type": "Feature",
      "geometry": {
        "type": "Point",
        "coordinates": [
          81.75,
          25.539583
        ]
      },
      "properties": {
        "risk_score": 0.348,
        "risk_level": "Medium",
        "active_defects_nearby": 0,
        "defect_severity_index": 0.0
      }
    },
    {
      "type": "Feature",
      "geometry": {
        "type": "Point",
        "coordinates": [
          81.7625,
          25.539583
        ]
      },
      "properties": {
        "risk_score": 0.312,
        "risk_level": "Medium",
        "active_defects_nearby": 0,
        "defect_severity_index": 0.0
      }
    },
    {
      "type": "Feature",
      "geometry": {
        "type": "Point",
        "coordinates": [
          81.775,
          25.539583
        ]
      },
      "properties": {
        "risk_score": 0.312,
        "risk_level": "Medium",
        "active_defects_nearby": 0,
        "defect_severity_index": 0.0
      }
    },
    {
      "type": "Feature",
      "geometry": {
        "type": "Point",
        "coordinates": [
          81.7875,
          25.539583
        ]
      },
      "properties": {
        "risk_score": 0.312,
        "risk_level": "Medium",
        "active_defects_nearby": 0,
        "defect_severity_index": 0.0
      }
    },
    {
      "type": "Feature",
      "geometry": {
        "type": "Point",
        "coordinates": [
          81.8,
          25.539583
        ]
      },
      "properties": {
        "risk_score": 0.312,
        "risk_level": "Medium",
        "active_defects_nearby": 0,
        "defect_severity_index": 0.0
      }
    },
    {
      "type": "Feature",
      "geometry": {
        "type": "Point",
        "coordinates": [
          81.8125,
          25.539583
        ]
      },
      "properties": {
        "risk_score": 0.312,
        "risk_level": "Medium",
        "active_defects_nearby": 0,
        "defect_severity_index": 0.0
      }
    },
    {
      "type": "Feature",
      "geometry": {
        "type": "Point",
        "coordinates": [
          81.825,
          25.539583
        ]
      },
      "properties": {
        "risk_score": 0.38,
        "risk_level": "Medium",
        "active_defects_nearby": 0,
        "defect_severity_index": 0.0
      }
    },
    {
      "type": "Feature",
      "geometry": {
        "type": "Point",
        "coordinates": [
          81.8375,
          25.539583
        ]
      },
      "properties": {
        "risk_score": 0.414,
        "risk_level": "Medium",
        "active_defects_nearby": 0,
        "defect_severity_index": 0.0
      }
    },
    {
      "type": "Feature",
      "geometry": {
        "type": "Point",
        "coordinates": [
          81.85,
          25.539583
        ]
      },
      "properties": {
        "risk_score": 0.644,
        "risk_level": "High",
        "active_defects_nearby": 1,
        "defect_severity_index": 7.0
      }
    },
    {
      "type": "Feature",
      "geometry": {
        "type": "Point",
        "coordinates": [
          81.8625,
          25.539583
        ]
      },
      "properties": {
        "risk_score": 0.901,
        "risk_level": "Critical",
        "active_defects_nearby": 4,
        "defect_severity_index": 10.0
      }
    },
    {
      "type": "Feature",
      "geometry": {
        "type": "Point",
        "coordinates": [
          81.875,
          25.539583
        ]
      },
      "properties": {
        "risk_score": 0.583,
        "risk_level": "High",
        "active_defects_nearby": 1,
        "defect_severity_index": 3.5
      }
    },
    {
      "type": "Feature",
      "geometry": {
        "type": "Point",
        "coordinates": [
          81.8875,
          25.539583
        ]
      },
      "properties": {
        "risk_score": 0.427,
        "risk_level": "Medium",
        "active_defects_nearby": 0,
        "defect_severity_index": 0.0
      }
    },
    {
      "type": "Feature",
      "geometry": {
        "type": "Point",
        "coordinates": [
          81.9,
          25.539583
        ]
      },
      "properties": {
        "risk_score": 0.394,
        "risk_level": "Medium",
        "active_defects_nearby": 0,
        "defect_severity_index": 0.0
      }
    },
    {
      "type": "Feature",
      "geometry": {
        "type": "Point",
        "coordinates": [
          81.9125,
          25.539583
        ]
      },
      "properties": {
        "risk_score": 0.428,
        "risk_level": "Medium",
        "active_defects_nearby": 0,
        "defect_severity_index": 0.0
      }
    },
    {
      "type": "Feature",
      "geometry": {
        "type": "Point",
        "coordinates": [
          81.925,
          25.539583
        ]
      },
      "properties": {
        "risk_score": 0.44,
        "risk_level": "Medium",
        "active_defects_nearby": 0,
        "defect_severity_index": 0.0
      }
    },
    {
      "type": "Feature",
      "geometry": {
        "type": "Point",
        "coordinates": [
          81.9375,
          25.539583
        ]
      },
      "properties": {
        "risk_score": 0.439,
        "risk_level": "Medium",
        "active_defects_nearby": 0,
        "defect_severity_index": 0.0
      }
    },
    {
      "type": "Feature",
      "geometry": {
        "type": "Point",
        "coordinates": [
          81.95,
          25.539583
        ]
      },
      "properties": {
        "risk_score": 0.424,
        "risk_level": "Medium",
        "active_defects_nearby": 0,
        "defect_severity_index": 0.0
      }
    },
    {
      "type": "Feature",
      "geometry": {
        "type": "Point",
        "coordinates": [
          81.9625,
          25.539583
        ]
      },
      "properties": {
        "risk_score": 0.401,
        "risk_level": "Medium",
        "active_defects_nearby": 0,
        "defect_severity_index": 0.0
      }
    },
    {
      "type": "Feature",
      "geometry": {
        "type": "Point",
        "coordinates": [
          81.975,
          25.539583
        ]
      },
      "properties": {
        "risk_score": 0.39,
        "risk_level": "Medium",
        "active_defects_nearby": 0,
        "defect_severity_index": 0.0
      }
    },
    {
      "type": "Feature",
      "geometry": {
        "type": "Point",
        "coordinates": [
          81.9875,
          25.539583
        ]
      },
      "properties": {
        "risk_score": 0.39,
        "risk_level": "Medium",
        "active_defects_nearby": 0,
        "defect_severity_index": 0.0
      }
    },
    {
      "type": "Feature",
      "geometry": {
        "type": "Point",
        "coordinates": [
          82.0,
          25.539583
        ]
      },
      "properties": {
        "risk_score": 0.39,
        "risk_level": "Medium",
        "active_defects_nearby": 0,
        "defect_severity_index": 0.0
      }
    },
    {
      "type": "Feature",
      "geometry": {
        "type": "Point",
        "coordinates": [
          81.7,
          25.55
        ]
      },
      "properties": {
        "risk_score": 0.348,
        "risk_level": "Medium",
        "active_defects_nearby": 0,
        "defect_severity_index": 0.0
      }
    },
    {
      "type": "Feature",
      "geometry": {
        "type": "Point",
        "coordinates": [
          81.7125,
          25.55
        ]
      },
      "properties": {
        "risk_score": 0.348,
        "risk_level": "Medium",
        "active_defects_nearby": 0,
        "defect_severity_index": 0.0
      }
    },
    {
      "type": "Feature",
      "geometry": {
        "type": "Point",
        "coordinates": [
          81.725,
          25.55
        ]
      },
      "properties": {
        "risk_score": 0.348,
        "risk_level": "Medium",
        "active_defects_nearby": 0,
        "defect_severity_index": 0.0
      }
    },
    {
      "type": "Feature",
      "geometry": {
        "type": "Point",
        "coordinates": [
          81.7375,
          25.55
        ]
      },
      "properties": {
        "risk_score": 0.348,
        "risk_level": "Medium",
        "active_defects_nearby": 0,
        "defect_severity_index": 0.0
      }
    },
    {
      "type": "Feature",
      "geometry": {
        "type": "Point",
        "coordinates": [
          81.75,
          25.55
        ]
      },
      "properties": {
        "risk_score": 0.348,
        "risk_level": "Medium",
        "active_defects_nearby": 0,
        "defect_severity_index": 0.0
      }
    },
    {
      "type": "Feature",
      "geometry": {
        "type": "Point",
        "coordinates": [
          81.7625,
          25.55
        ]
      },
      "properties": {
        "risk_score": 0.312,
        "risk_level": "Medium",
        "active_defects_nearby": 0,
        "defect_severity_index": 0.0
      }
    },
    {
      "type": "Feature",
      "geometry": {
        "type": "Point",
        "coordinates": [
          81.775,
          25.55
        ]
      },
      "properties": {
        "risk_score": 0.312,
        "risk_level": "Medium",
        "active_defects_nearby": 0,
        "defect_severity_index": 0.0
      }
    },
    {
      "type": "Feature",
      "geometry": {
        "type": "Point",
        "coordinates": [
          81.7875,
          25.55
        ]
      },
      "properties": {
        "risk_score": 0.312,
        "risk_level": "Medium",
        "active_defects_nearby": 0,
        "defect_severity_index": 0.0
      }
    },
    {
      "type": "Feature",
      "geometry": {
        "type": "Point",
        "coordinates": [
          81.8,
          25.55
        ]
      },
      "properties": {
        "risk_score": 0.36,
        "risk_level": "Medium",
        "active_defects_nearby": 0,
        "defect_severity_index": 0.0
      }
    },
    {
      "type": "Feature",
      "geometry": {
        "type": "Point",
        "coordinates": [
          81.8125,
          25.55
        ]
      },
      "properties": {
        "risk_score": 0.36,
        "risk_level": "Medium",
        "active_defects_nearby": 0,
        "defect_severity_index": 0.0
      }
    },
    {
      "type": "Feature",
      "geometry": {
        "type": "Point",
        "coordinates": [
          81.825,
          25.55
        ]
      },
      "properties": {
        "risk_score": 0.363,
        "risk_level": "Medium",
        "active_defects_nearby": 0,
        "defect_severity_index": 0.0
      }
    },
    {
      "type": "Feature",
      "geometry": {
        "type": "Point",
        "coordinates": [
          81.8375,
          25.55
        ]
      },
      "properties": {
        "risk_score": 0.392,
        "risk_level": "Medium",
        "active_defects_nearby": 0,
        "defect_severity_index": 0.0
      }
    },
    {
      "type": "Feature",
      "geometry": {
        "type": "Point",
        "coordinates": [
          81.85,
          25.55
        ]
      },
      "properties": {
        "risk_score": 0.415,
        "risk_level": "Medium",
        "active_defects_nearby": 0,
        "defect_severity_index": 0.0
      }
    },
    {
      "type": "Feature",
      "geometry": {
        "type": "Point",
        "coordinates": [
          81.8625,
          25.55
        ]
      },
      "properties": {
        "risk_score": 0.426,
        "risk_level": "Medium",
        "active_defects_nearby": 0,
        "defect_severity_index": 0.0
      }
    },
    {
      "type": "Feature",
      "geometry": {
        "type": "Point",
        "coordinates": [
          81.875,
          25.55
        ]
      },
      "properties": {
        "risk_score": 0.421,
        "risk_level": "Medium",
        "active_defects_nearby": 0,
        "defect_severity_index": 0.0
      }
    },
    {
      "type": "Feature",
      "geometry": {
        "type": "Point",
        "coordinates": [
          81.8875,
          25.55
        ]
      },
      "properties": {
        "risk_score": 0.403,
        "risk_level": "Medium",
        "active_defects_nearby": 0,
        "defect_severity_index": 0.0
      }
    },
    {
      "type": "Feature",
      "geometry": {
        "type": "Point",
        "coordinates": [
          81.9,
          25.55
        ]
      },
      "properties": {
        "risk_score": 0.375,
        "risk_level": "Medium",
        "active_defects_nearby": 0,
        "defect_severity_index": 0.0
      }
    },
    {
      "type": "Feature",
      "geometry": {
        "type": "Point",
        "coordinates": [
          81.9125,
          25.55
        ]
      },
      "properties": {
        "risk_score": 0.397,
        "risk_level": "Medium",
        "active_defects_nearby": 0,
        "defect_severity_index": 0.0
      }
    },
    {
      "type": "Feature",
      "geometry": {
        "type": "Point",
        "coordinates": [
          81.925,
          25.55
        ]
      },
      "properties": {
        "risk_score": 0.406,
        "risk_level": "Medium",
        "active_defects_nearby": 0,
        "defect_severity_index": 0.0
      }
    },
    {
      "type": "Feature",
      "geometry": {
        "type": "Point",
        "coordinates": [
          81.9375,
          25.55
        ]
      },
      "properties": {
        "risk_score": 0.405,
        "risk_level": "Medium",
        "active_defects_nearby": 0,
        "defect_severity_index": 0.0
      }
    },
    {
      "type": "Feature",
      "geometry": {
        "type": "Point",
        "coordinates": [
          81.95,
          25.55
        ]
      },
      "properties": {
        "risk_score": 0.394,
        "risk_level": "Medium",
        "active_defects_nearby": 0,
        "defect_severity_index": 0.0
      }
    },
    {
      "type": "Feature",
      "geometry": {
        "type": "Point",
        "coordinates": [
          81.9625,
          25.55
        ]
      },
      "properties": {
        "risk_score": 0.39,
        "risk_level": "Medium",
        "active_defects_nearby": 0,
        "defect_severity_index": 0.0
      }
    },
    {
      "type": "Feature",
      "geometry": {
        "type": "Point",
        "coordinates": [
          81.975,
          25.55
        ]
      },
      "properties": {
        "risk_score": 0.39,
        "risk_level": "Medium",
        "active_defects_nearby": 0,
        "defect_severity_index": 0.0
      }
    },
    {
      "type": "Feature",
      "geometry": {
        "type": "Point",
        "coordinates": [
          81.9875,
          25.55
        ]
      },
      "properties": {
        "risk_score": 0.39,
        "risk_level": "Medium",
        "active_defects_nearby": 0,
        "defect_severity_index": 0.0
      }
    },
    {
      "type": "Feature",
      "geometry": {
        "type": "Point",
        "coordinates": [
          82.0,
          25.55
        ]
      },
      "properties": {
        "risk_score": 0.39,
        "risk_level": "Medium",
        "active_defects_nearby": 0,
        "defect_severity_index": 0.0
      }
    }
  ]
}