id,defect_type,lat,lng,nearest_cluster,severity,status,department_id,photo_url,created_at,resolved_at,is_active
REP-PRG-10000,Pothole,25.388974,81.863894,Naini Industrial Area,Moderate,AI Verified,PWD_Road_Maintenance,https://storage.roadguard.ai/prayagraj/defects/img_10000.jpg,2026-01-28T03:51:22,,1
REP-PRG-10001,Streetlight Defect,25.435182,81.892184,Sangam / Daraganj,Low,Reported,UPPCL_Streetlight_Cell,https://storage.roadguard.ai/prayagraj/defects/img_10001.jpg,2026-03-02T02:23:57,,1
REP-PRG-10002,Streetlight Defect,25.450727,81.833027,Civil Lines,High,Assigned,UPPCL_Streetlight_Cell,https://storage.roadguard.ai/prayagraj/defects/img_10002.jpg,2026-04-18T16:01:33,,1
REP-PRG-10003,Streetlight Defect,25.522634,81.936139,NH-19 Bypass (Varanasi-Kanpur),High,Reported,UPPCL_Streetlight_Cell,https://storage.roadguard.ai/prayagraj/defects/img_10003.jpg,2026-02-10T23:23:12,,1
REP-PRG-10004,Pothole,25.416244,81.82434,Kareli Urban Zone,Moderate,In Progress,PWD_Road_Maintenance,https://storage.roadguard.ai/prayagraj/defects/img_10004.jpg,2026-01-27T11:22:36,,1
REP-PRG-10005,Pothole,25.488293,81.859274,Teliyarganj / MNNIT Area,High,Assigned,PWD_Road_Maintenance,https://storage.roadguard.ai/prayagraj/defects/img_10005.jpg,2026-01-13T00:43:37,,1
REP-PRG-10006,Drainage Issues,25.386936,81.849694,Naini Industrial Area,Moderate,Assigned,Jal_Sansthan_Drainage_Div,https://storage.roadguard.ai/prayagraj/defects/img_10006.jpg,2026-06-11T06:31:10,,1
REP-PRG-10007,Streetlight Defect,25.414201,81.765502,Jhalwa / IIIT-A Corridor,High,Reported,UPPCL_Streetlight_Cell,https://storage.roadguard.ai/prayagraj/defects/img_10007.jpg,2026-02-28T18:32:10,,1
REP-PRG-10008,Drainage Issues,25.421897,81.882514,Sangam / Daraganj,High,AI Verified,Jal_Sansthan_Drainage_Div,https://storage.roadguard.ai/prayagraj/defects/img_10008.jpg,2026-04-28T07:08:40,,1
REP-PRG-10009,Pothole,25.420736,81.758702,Jhalwa / IIIT-A Corridor,Moderate,Assigned,PWD_Road_Maintenance,https://storage.roadguard.ai/prayagraj/defects/img_10009.jpg,2026-06-30T07:35:39,,1
REP-PRG-10010,Streetlight Defect,25.441725,81.878194,Sangam / Daraganj,Low,Assigned,UPPCL_Streetlight_Cell,https://storage.roadguard.ai/prayagraj/defects/img_10010.jpg,2026-02-12T00:49:49,,1
REP-PRG-10011,Pothole,25.49254,81.851602,Teliyarganj / MNNIT Area,Critical,Assigned,PWD_Road_Maintenance,https://storage.roadguard.ai/prayagraj/defects/img_10011.jpg,2026-02-26T19:48:24,,1
REP-PRG-10012,Pothole,25.444645,81.838887,MG Marg Corridor,Low,AI Verified,PWD_Road_Maintenance,https://storage.roadguard.ai/prayagraj/defects/img_10012.jpg,2026-03-10T10:24:35,,1
REP-PRG-10013,Drainage Issues,25.502792,81.861006,Curzon Bridge / Phaphamau,Moderate,Assigned,Jal_Sansthan_Drainage_Div,https://storage.roadguard.ai/prayagraj/defects/img_10013.jpg,2026-02-25T07:51:49,,1
REP-PRG-10014,Pothole,25.434695,81.845666,Rambagh Railway Station Area,Critical,AI Verified,PWD_Road_Maintenance,https://storage.roadguard.ai/prayagraj/defects/img_10014.jpg,2026-03-09T13:05:01,,1
REP-PRG-10015,Garbage Accumulation,25.520186,81.879818,Phaphamau NH-19 Junction,Moderate,Assigned,Prayagraj_Nagar_Nigam_Sanitation,https://storage.roadguard.ai/prayagraj/defects/img_10015.jpg,2026-04-21T05:14:44,,1
REP-PRG-10016,Pothole,25.491892,81.854538,Teliyarganj / MNNIT Area,Critical,Reported,PWD_Road_Maintenance,https://storage.roadguard.ai/prayagraj/defects/img_10016.jpg,2026-05-07T11:18:35,,1
REP-PRG-10017,Drainage Issues,25.45558,81.828233,MG Marg Corridor,Low,AI Verified,Jal_Sansthan_Drainage_Div,https://storage.roadguard.ai/prayagraj/defects/img_10017.jpg,2026-06-24T23:22:13,,1
REP-PRG-10018,Pothole,25.431671,81.864323,Sangam / Daraganj,Moderate,AI Verified,PWD_Road_Maintenance,https://storage.roadguard.ai/prayagraj/defects/img_10018.jpg,2026-03-07T04:08:32,,1
REP-PRG-10019,Garbage Accumulation,25.441975,81.836475,Civil Lines,Low,In Progress,Prayagraj_Nagar_Nigam_Sanitation,https://storage.roadguard.ai/prayagraj/defects/img_10019.jpg,2026-03-11T07:20:12,,1
REP-PRG-10020,Pothole,25.425908,81.821371,Kareli Urban Zone,Moderate,AI Verified,PWD_Road_Maintenance,https://storage.roadguard.ai/prayagraj/defects/img_10020.jpg,2026-03-10T02:13:32,,1
REP-PRG-10021,Streetlight Defect,25.438075,81.887591,Shastri Bridge (Ganga),Low,Assigned,UPPCL_Streetlight_Cell,https://storage.roadguard.ai/prayagraj/defects/img_10021.jpg,2026-06-14T02:29:00,,1
REP-PRG-10022,Pothole,25.500172,81.852241,Curzon Bridge / Phaphamau,High,Assigned,PWD_Road_Maintenance,https://storage.roadguard.ai/prayagraj/defects/img_10022.jpg,2026-05-16T08:01:14,,1
REP-PRG-10023,Streetlight Defect,25.416315,81.828457,Kareli Urban Zone,Low,AI Verified,UPPCL_Streetlight_Cell,https://storage.roadguard.ai/prayagraj/defects/img_10023.jpg,2026-03-20T16:43:05,,1
REP-PRG-10024,Pothole,25.451749,81.823896,MG Marg Corridor,Moderate,Reported,PWD_Road_Maintenance,https://storage.roadguard.ai/prayagraj/defects/img_10024.jpg,2026-05-05T10:31:11,,1
REP-PRG-10025,Pothole,25.420593,81.851919,Naini Old Bridge (Yamuna),Moderate,Assigned,PWD_Road_Maintenance,https://storage.roadguard.ai/prayagraj/defects/img_10025.jpg,2026-03-10T03:12:43,,1
REP-PRG-10026,Drainage Issues,25.444585,81.744893,GT Road / Bamrauli Corridor,Critical,In Progress,Jal_Sansthan_Drainage_Div,https://storage.roadguard.ai/prayagraj/defects/img_10026.jpg,2026-06-26T15:19:25,,1
REP-PRG-10027,Pothole,25.453248,81.86645,Georgetown,High,AI Verified,PWD_Road_Maintenance,https://storage.roadguard.ai/prayagraj/defects/img_10027.jpg,2026-05-14T00:26:17,,1
REP-PRG-10028,Pothole,25.378286,81.862526,Naini Industrial Area,Low,Reported,PWD_Road_Maintenance,https://storage.roadguard.ai/prayagraj/defects/img_10028.jpg,2026-05-22T16:22:41,,1
REP-PRG-10029,Pothole,25.52765,81.872804,Phaphamau NH-19 Junction,High,Reported,PWD_Road_Maintenance,https://storage.roadguard.ai/prayagraj/defects/img_10029.jpg,2026-01-18T09:08:37,,1
REP-PRG-10030,Pothole,25.416167,81.818515,Kareli Urban Zone,Moderate,Assigned,PWD_Road_Maintenance,https://storage.roadguard.ai/prayagraj/defects/img_10030.jpg,2026-02-25T03:37:58,,1
REP-PRG-10031,Garbage Accumulation,25.409149,81.84543,Naini Old Bridge (Yamuna),Critical,Assigned,Prayagraj_Nagar_Nigam_Sanitation,https://storage.roadguard.ai/prayagraj/defects/img_10031.jpg,2026-03-05T01:13:13,,1
REP-PRG-10032,Pothole,25.4565,81.75085,GT Road / Bamrauli Corridor,Low,AI Verified,PWD_Road_Maintenance,https://storage.roadguard.ai/prayagraj/defects/img_10032.jpg,2026-04-19T22:58:03,,1
REP-PRG-10033,Drainage Issues,25.509424,81.938028,NH-19 Bypass (Varanasi-Kanpur),Low,Assigned,Jal_Sansthan_Drainage_Div,https://storage.roadguard.ai/prayagraj/defects/img_10033.jpg,2026-06-15T11:34:59,,1
REP-PRG-10034,Pothole,25.451893,81.832839,MG Marg Corridor,Moderate,In Progress,PWD_Road_Maintenance,https://storage.roadguard.ai/prayagraj/defects/img_10034.jpg,2026-03-05T14:58:32,,1
REP-PRG-10035,Streetlight Defect,25.514891,81.870304,Curzon Bridge / Phaphamau,Low,AI Verified,UPPCL_Streetlight_Cell,https://storage.roadguard.ai/prayagraj/defects/img_10035.jpg,2026-04-29T17:05:42,,1
REP-PRG-10036,Streetlight Defect,25.429713,81.892517,Sangam / Daraganj,High,Assigned,UPPCL_Streetlight_Cell,https://storage.roadguard.ai/prayagraj/defects/img_10036.jpg,2026-01-14T07:44:37,,1
REP-PRG-10037,Drainage Issues,25.431642,81.841475,Civil Lines,Critical,In Progress,Jal_Sansthan_Drainage_Div,https://storage.roadguard.ai/prayagraj/defects/img_10037.jpg,2026-02-12T22:47:49,,1
REP-PRG-10038,Streetlight Defect,25.440196,81.845608,Rambagh Railway Station Area,High,Resolved,UPPCL_Streetlight_Cell,https://storage.roadguard.ai/prayagraj/defects/img_10038.jpg,2026-02-12T21:47:52,2026-02-14T21:47:52,0
REP-PRG-10039,Pothole,25.492734,81.847099,Teliyarganj / MNNIT Area,High,AI Verified,PWD_Road_Maintenance,https://storage.roadguard.ai/prayagraj/defects/img_10039.jpg,2026-04-20T04:14:05,,1
REP-PRG-10040,Pothole,25.437743,81.850857,Rambagh Railway Station Area,Moderate,Resolved,PWD_Road_Maintenance,https://storage.roadguard.ai/prayagraj/defects/img_10040.jpg,2026-05-30T03:44:26,2026-06-01T03:44:26,0
REP-PRG-10041,Pothole,25.431823,81.815854,Kareli Urban Zone,Moderate,Assigned,PWD_Road_Maintenance,https://storage.roadguard.ai/prayagraj/defects/img_10041.jpg,2026-05-16T13:43:55,,1
REP-PRG-10042,Drainage Issues,25.442532,81.833986,MG Marg Corridor,Low,AI Verified,Jal_Sansthan_Drainage_Div,https://storage.roadguard.ai/prayagraj/defects/img_10042.jpg,2026-06-02T10:28:27,,1
REP-PRG-10043,Pothole,25.532323,81.86763,Phaphamau NH-19 Junction,Critical,Assigned,PWD_Road_Maintenance,https://storage.roadguard.ai/prayagraj/defects/img_10043.jpg,2026-05-30T05:38:44,,1
REP-PRG-10044,Streetlight Defect,25.444762,81.842106,MG Marg Corridor,Moderate,Assigned,UPPCL_Streetlight_Cell,https://storage.roadguard.ai/prayagraj/defects/img_10044.jpg,2026-05-14T19:31:07,,1
REP-PRG-10045,Pothole,25.460777,81.862749,Katra / Allahabad Univ,High,AI Verified,PWD_Road_Maintenance,https://storage.roadguard.ai/prayagraj/defects/img_10045.jpg,2026-04-12T12:45:54,,1
REP-PRG-10046,Streetlight Defect,25.439384,81.856379,Georgetown,Critical,Resolved,UPPCL_Streetlight_Cell,https://storage.roadguard.ai/prayagraj/defects/img_10046.jpg,2026-01-04T00:41:08,2026-01-15T00:41:08,0
REP-PRG-10047,Pothole,25.381863,81.853292,Naini Industrial Area,Moderate,AI Verified,PWD_Road_Maintenance,https://storage.roadguard.ai/prayagraj/defects/img_10047.jpg,2026-03-31T10:30:16,,1
REP-PRG-10048,Pothole,25.527369,81.867088,Phaphamau NH-19 Junction,Low,In Progress,PWD_Road_Maintenance,https://storage.roadguard.ai/prayagraj/defects/img_10048.jpg,2026-06-30T19:00:51,,1
REP-PRG-10049,Pothole,25.447041,81.826123,Prayagraj Junction (Civil Lines side),High,AI Verified,PWD_Road_Maintenance,https://storage.roadguard.ai/prayagraj/defects/img_10049.jpg,2026-06-19T11:46:17,,1
REP-PRG-10050,Pothole,25.406677,81.851635,Naini Old Bridge (Yamuna),Critical,Assigned,PWD_Road_Maintenance,https://storage.roadguard.ai/prayagraj/defects/img_10050.jpg,2026-02-09T17:54:57,,1
REP-PRG-10051,Streetlight Defect,25.442258,81.852582,Georgetown,High,AI Verified,UPPCL_Streetlight_Cell,https://storage.roadguard.ai/prayagraj/defects/img_10051.jpg,2026-06-12T17:36:40,,1
REP-PRG-10052,Streetlight Defect,25.44571,81.831232,Prayagraj Junction (Civil Lines side),Critical,In Progress,UPPCL_Streetlight_Cell,https://storage.roadguard.ai/prayagraj/defects/img_10052.jpg,2026-01-25T07:05:36,,1
REP-PRG-10053,Garbage Accumulation,25.465089,81.741397,GT Road / Bamrauli Corridor,Low,AI Verified,Prayagraj_Nagar_Nigam_Sanitation,https://storage.roadguard.ai/prayagraj/defects/img_10053.jpg,2026-02-04T07:11:47,,1
REP-PRG-10054,Pothole,25.46206,81.854404,Katra / Allahabad Univ,Moderate,Assigned,PWD_Road_Maintenance,https://storage.roadguard.ai/prayagraj/defects/img_10054.jpg,2026-05-24T08:21:07,,1
REP-PRG-10055,Pothole,25.36965,81.864788,Naini Industrial Area,Critical,Resolved,PWD_Road_Maintenance,https://storage.roadguard.ai/prayagraj/defects/img_10055.jpg,2026-05-20T09:18:42,2026-05-27T09:18:42,0
REP-PRG-10056,Streetlight Defect,25.418482,81.874706,Naini Old Bridge (Yamuna),Low,AI Verified,UPPCL_Streetlight_Cell,https://storage.roadguard.ai/prayagraj/defects/img_10056.jpg,2026-01-11T21:01:38,,1
REP-PRG-10057,Garbage Accumulation,25.510461,81.860412,Curzon Bridge / Phaphamau,High,AI Verified,Prayagraj_Nagar_Nigam_Sanitation,https://storage.roadguard.ai/prayagraj/defects/img_10057.jpg,2026-05-24T22:47:44,,1
REP-PRG-10058,Drainage Issues,25.417722,81.845651,Naini Old Bridge (Yamuna),Moderate,AI Verified,Jal_Sansthan_Drainage_Div,https://storage.roadguard.ai/prayagraj/defects/img_10058.jpg,2026-02-15T23:00:40,,1
REP-PRG-10059,Pothole,25.461743,81.840915,Civil Lines,Critical,In Progress,PWD_Road_Maintenance,https://storage.roadguard.ai/prayagraj/defects/img_10059.jpg,2026-04-16T17:02:07,,1
REP-PRG-10060,Pothole,25.466328,81.847725,Katra / Allahabad Univ,High,AI Verified,PWD_Road_Maintenance,https://storage.roadguard.ai/prayagraj/defects/img_10060.jpg,2026-01-11T01:08:14,,1
REP-PRG-10061,Pothole,25.536222,81.853785,Phaphamau NH-19 Junction,Critical,AI Verified,PWD_Road_Maintenance,https://storage.roadguard.ai/prayagraj/defects/img_10061.jpg,2026-02-28T16:06:59,,1
REP-PRG-10062,Garbage Accumulation,25.457295,81.852424,Civil Lines,Moderate,AI Verified,Prayagraj_Nagar_Nigam_Sanitation,https://storage.roadguard.ai/prayagraj/defects/img_10062.jpg,2026-01-18T18:09:45,,1
REP-PRG-10063,Streetlight Defect,25.420076,81.76547,Jhalwa / IIIT-A Corridor,Moderate,Resolved,UPPCL_Streetlight_Cell,https://storage.roadguard.ai/prayagraj/defects/img_10063.jpg,2026-05-18T20:03:24,2026-05-20T20:03:24,0
REP-PRG-10064,Drainage Issues,25.385797,81.860972,Naini Industrial Area,Moderate,Assigned,Jal_Sansthan_Drainage_Div,https://storage.roadguard.ai/prayagraj/defects/img_10064.jpg,2026-03-09T09:23:34,,1
REP-PRG-10065,Streetlight Defect,25.372595,81.865549,Naini Industrial Area,Moderate,In Progress,UPPCL_Streetlight_Cell,https://storage.roadguard.ai/prayagraj/defects/img_10065.jpg,2026-04-23T06:04:17,,1
REP-PRG-10066,Pothole,25.438502,81.831789,Prayagraj Junction (Civil Lines side),Critical,AI Verified,PWD_Road_Maintenance,https://storage.roadguard.ai/prayagraj/defects/img_10066.jpg,2026-01-12T23:52:34,,1
REP-PRG-10067,Streetlight Defect,25.445245,81.847299,Civil Lines,High,Assigned,UPPCL_Streetlight_Cell,https://storage.roadguard.ai/prayagraj/defects/img_10067.jpg,2026-06-21T15:10:25,,1
REP-PRG-10068,Streetlight Defect,25.421734,81.767424,Jhalwa / IIIT-A Corridor,Critical,Resolved,UPPCL_Streetlight_Cell,https://storage.roadguard.ai/prayagraj/defects/img_10068.jpg,2026-06-09T19:25:45,2026-06-21T19:25:45,0
REP-PRG-10069,Garbage Accumulation,25.391508,81.855153,Naini Industrial Area,Moderate,AI Verified,Prayagraj_Nagar_Nigam_Sanitation,https://storage.roadguard.ai/prayagraj/defects/img_10069.jpg,2026-04-15T19:52:33,,1
REP-PRG-10070,Garbage Accumulation,25.49382,81.873457,Teliyarganj / MNNIT Area,Moderate,AI Verified,Prayagraj_Nagar_Nigam_Sanitation,https://storage.roadguard.ai/prayagraj/defects/img_10070.jpg,2026-06-20T21:48:15,,1
REP-PRG-10071,Streetlight Defect,25.42614,81.891477,Shastri Bridge (Ganga),Moderate,Assigned,UPPCL_Streetlight_Cell,https://storage.roadguard.ai/prayagraj/defects/img_10071.jpg,2026-01-01T19:03:49,,1
REP-PRG-10072,Pothole,25.447079,81.865255,Georgetown,High,Assigned,PWD_Road_Maintenance,https://storage.roadguard.ai/prayagraj/defects/img_10072.jpg,2026-03-25T00:55:46,,1
REP-PRG-10073,Streetlight Defect,25.500104,81.919436,NH-19 Bypass (Varanasi-Kanpur),Moderate,AI Verified,UPPCL_Streetlight_Cell,https://storage.roadguard.ai/prayagraj/defects/img_10073.jpg,2026-02-14T07:59:16,,1
REP-PRG-10074,Pothole,25.434176,81.882376,Sangam / Daraganj,High,Assigned,PWD_Road_Maintenance,https://storage.roadguard.ai/prayagraj/defects/img_10074.jpg,2026-01-24T16:33:04,,1
REP-PRG-10075,Pothole,25.447004,81.861772,Georgetown,Low,Reported,PWD_Road_Maintenance,https://storage.roadguard.ai/prayagraj/defects/img_10075.jpg,2026-03-05T01:17:57,,1
REP-PRG-10076,Streetlight Defect,25.42456,81.881858,Sangam / Daraganj,Critical,Assigned,UPPCL_Streetlight_Cell,https://storage.roadguard.ai/prayagraj/defects/img_10076.jpg,2026-06-28T21:58:48,,1
REP-PRG-10077,Pothole,25.441845,81.842285,Rambagh Railway Station Area,Low,Assigned,PWD_Road_Maintenance,https://storage.roadguard.ai/prayagraj/defects/img_10077.jpg,2026-01-28T23:28:44,,1
REP-PRG-10078,Pothole,25.539926,81.868791,Phaphamau NH-19 Junction,Critical,Assigned,PWD_Road_Maintenance,https://storage.roadguard.ai/prayagraj/defects/img_10078.jpg,2026-01-14T04:17:40,,1
REP-PRG-10079,Drainage Issues,25.51547,81.870252,Phaphamau NH-19 Junction,Low,Reported,Jal_Sansthan_Drainage_Div,https://storage.roadguard.ai/prayagraj/defects/img_10079.jpg,2026-04-30T03:20:16,,1
REP-PRG-10080,Drainage Issues,25.412203,81.826297,Kareli Urban Zone,Critical,Assigned,Jal_Sansthan_Drainage_Div,https://storage.roadguard.ai/prayagraj/defects/img_10080.jpg,2026-05-10T23:32:13,,1
REP-PRG-10081,Drainage Issues,25.519269,81.923435,NH-19 Bypass (Varanasi-Kanpur),High,AI Verified,Jal_Sansthan_Drainage_Div,https://storage.roadguard.ai/prayagraj/defects/img_10081.jpg,2026-03-08T17:00:06,,1
REP-PRG-10082,Garbage Accumulation,25.467707,81.858302,Katra / Allahabad Univ,Moderate,Assigned,Prayagraj_Nagar_Nigam_Sanitation,https://storage.roadguard.ai/prayagraj/defects/img_10082.jpg,2026-03-13T00:00:54,,1
REP-PRG-10083,Garbage Accumulation,25.436576,81.895174,Sangam / Daraganj,Moderate,AI Verified,Prayagraj_Nagar_Nigam_Sanitation,https://storage.roadguard.ai/prayagraj/defects/img_10083.jpg,2026-05-19T10:56:01,,1
REP-PRG-10084,Pothole,25.416037,81.84897,Naini Old Bridge (Yamuna),Moderate,AI Verified,PWD_Road_Maintenance,https://storage.roadguard.ai/prayagraj/defects/img_10084.jpg,2026-02-24T10:20:18,,1
REP-PRG-10085,Pothole,25.442884,81.733474,GT Road / Bamrauli Corridor,Moderate,AI Verified,PWD_Road_Maintenance,https://storage.roadguard.ai/prayagraj/defects/img_10085.jpg,2026-02-22T23:17:49,,1
REP-PRG-10086,Drainage Issues,25.491383,81.865729,Teliyarganj / MNNIT Area,Moderate,Assigned,Jal_Sansthan_Drainage_Div,https://storage.roadguard.ai/prayagraj/defects/img_10086.jpg,2026-05-28T21:50:57,,1
REP-PRG-10087,Pothole,25.441714,81.854617,Rambagh Railway Station Area,Moderate,In Progress,PWD_Road_Maintenance,https://storage.roadguard.ai/prayagraj/defects/img_10087.jpg,2026-04-19T03:35:45,,1
REP-PRG-10088,Streetlight Defect,25.525104,81.876628,Phaphamau NH-19 Junction,Moderate,AI Verified,UPPCL_Streetlight_Cell,https://storage.roadguard.ai/prayagraj/defects/img_10088.jpg,2026-04-10T20:14:17,,1
REP-PRG-10089,Garbage Accumulation,25.489883,81.884761,Teliyarganj / MNNIT Area,High,Resolved,Prayagraj_Nagar_Nigam_Sanitation,https://storage.roadguard.ai/prayagraj/defects/img_10089.jpg,2026-06-10T03:26:48,2026-06-12T03:26:48,0
REP-PRG-10090,Streetlight Defect,25.497005,81.856143,Teliyarganj / MNNIT Area,High,Reported,UPPCL_Streetlight_Cell,https://storage.roadguard.ai/prayagraj/defects/img_10090.jpg,2026-04-20T12:56:26,,1
REP-PRG-10091,Pothole,25.501433,81.93386,NH-19 Bypass (Varanasi-Kanpur),Moderate,AI Verified,PWD_Road_Maintenance,https://storage.roadguard.ai/prayagraj/defects/img_10091.jpg,2026-04-27T19:54:00,,1
REP-PRG-10092,Garbage Accumulation,25.418212,81.825712,Kareli Urban Zone,Moderate,In Progress,Prayagraj_Nagar_Nigam_Sanitation,https://storage.roadguard.ai/prayagraj/defects/img_10092.jpg,2026-04-18T17:11:05,,1
REP-PRG-10093,Streetlight Defect,25.433786,81.879417,Sangam / Daraganj,High,Reported,UPPCL_Streetlight_Cell,https://storage.roadguard.ai/prayagraj/defects/img_10093.jpg,2026-03-31T16:09:49,,1
REP-PRG-10094,Garbage Accumulation,25.423226,81.867881,Sangam / Daraganj,High,In Progress,Prayagraj_Nagar_Nigam_Sanitation,https://storage.roadguard.ai/prayagraj/defects/img_10094.jpg,2026-03-05T15:15:30,,1
REP-PRG-10095,Streetlight Defect,25.449028,81.841751,Civil Lines,Moderate,AI Verified,UPPCL_Streetlight_Cell,https://storage.roadguard.ai/prayagraj/defects/img_10095.jpg,2026-01-31T04:32:00,,1
REP-PRG-10096,Streetlight Defect,25.513713,81.848034,Curzon Bridge / Phaphamau,Moderate,AI Verified,UPPCL_Streetlight_Cell,https://storage.roadguard.ai/prayagraj/defects/img_10096.jpg,2026-06-06T06:06:33,,1
REP-PRG-10097,Garbage Accumulation,25.386385,81.868083,Naini Industrial Area,Low,AI Verified,Prayagraj_Nagar_Nigam_Sanitation,https://storage.roadguard.ai/prayagraj/defects/img_10097.jpg,2026-05-29T08:56:05,,1
REP-PRG-10098,Streetlight Defect,25.437929,81.86023,Georgetown,Critical,AI Verified,UPPCL_Streetlight_Cell,https://storage.roadguard.ai/prayagraj/defects/img_10098.jpg,2026-02-20T10:46:01,,1
REP-PRG-10099,Pothole,25.525466,81.855856,Phaphamau NH-19 Junction,High,In Progress,PWD_Road_Maintenance,https://storage.roadguard.ai/prayagraj/defects/img_10099.jpg,2026-06-03T12:24:26,,1
REP-PRG-10100,Pothole,25.451862,81.842486,MG Marg Corridor,Moderate,AI Verified,PWD_Road_Maintenance,https://storage.roadguard.ai/prayagraj/defects/img_10100.jpg,2026-05-11T07:34:34,,1
REP-PRG-10101,Pothole,25.428664,81.82843,Kareli Urban Zone,Moderate,AI Verified,PWD_Road_Maintenance,https://storage.roadguard.ai/prayagraj/defects/img_10101.jpg,2026-04-21T21:11:12,,1
REP-PRG-10102,Garbage Accumulation,25.498979,81.922497,NH-19 Bypass (Varanasi-Kanpur),Moderate,Assigned,Prayagraj_Nagar_Nigam_Sanitation,https://storage.roadguard.ai/prayagraj/defects/img_10102.jpg,2026-06-16T17:50:00,,1
REP-PRG-10103,Streetlight Defect,25.44362,81.85211,Rambagh Railway Station Area,High,Assigned,UPPCL_Streetlight_Cell,https://storage.roadguard.ai/prayagraj/defects/img_10103.jpg,2026-03-24T16:56:17,,1
REP-PRG-10104,Pothole,25.43412,81.910822,Sangam / Daraganj,Moderate,In Progress,PWD_Road_Maintenance,https://storage.roadguard.ai/prayagraj/defects/img_10104.jpg,2026-05-27T06:13:17,,1
REP-PRG-10105,Pothole,25.496567,81.872085,Teliyarganj / MNNIT Area,Moderate,AI Verified,PWD_Road_Maintenance,https://storage.roadguard.ai/prayagraj/defects/img_10105.jpg,2026-05-05T15:43:22,,1
REP-PRG-10106,Garbage Accumulation,25.435632,81.775211,Jhalwa / IIIT-A Corridor,Moderate,In Progress,Prayagraj_Nagar_Nigam_Sanitation,https://storage.roadguard.ai/prayagraj/defects/img_10106.jpg,2026-06-29T18:03:31,,1
REP-PRG-10107,Streetlight Defect,25.450078,81.840972,Civil Lines,Low,AI Verified,UPPCL_Streetlight_Cell,https://storage.roadguard.ai/prayagraj/defects/img_10107.jpg,2026-04-16T01:47:18,,1
REP-PRG-10108,Garbage Accumulation,25.518817,81.863105,Phaphamau NH-19 Junction,High,AI Verified,Prayagraj_Nagar_Nigam_Sanitation,https://storage.roadguard.ai/prayagraj/defects/img_10108.jpg,2026-01-05T11:23:16,,1
REP-PRG-10109,Pothole,25.441117,81.859655,Georgetown,High,AI Verified,PWD_Road_Maintenance,https://storage.roadguard.ai/prayagraj/defects/img_10109.jpg,2026-05-29T21:26:08,,1
REP-PRG-10110,Streetlight Defect,25.458017,81.833062,Rambagh Railway Station Area,Moderate,Resolved,UPPCL_Streetlight_Cell,https://storage.roadguard.ai/prayagraj/defects/img_10110.jpg,2026-05-21T20:02:37,2026-05-28T20:02:37,0
REP-PRG-10111,Pothole,25.51549,81.917098,NH-19 Bypass (Varanasi-Kanpur),Moderate,Reported,PWD_Road_Maintenance,https://storage.roadguard.ai/prayagraj/defects/img_10111.jpg,2026-02-19T19:29:19,,1
REP-PRG-10112,Garbage Accumulation,25.381225,81.873712,Naini Industrial Area,Critical,Assigned,Prayagraj_Nagar_Nigam_Sanitation,https://storage.roadguard.ai/prayagraj/defects/img_10112.jpg,2026-02-19T15:52:41,,1
REP-PRG-10113,Pothole,25.440014,81.839378,Rambagh Railway Station Area,Moderate,In Progress,PWD_Road_Maintenance,https://storage.roadguard.ai/prayagraj/defects/img_10113.jpg,2026-06-02T18:18:13,,1
REP-PRG-10114,Drainage Issues,25.379278,81.870437,Naini Industrial Area,Moderate,AI Verified,Jal_Sansthan_Drainage_Div,https://storage.roadguard.ai/prayagraj/defects/img_10114.jpg,2026-03-19T08:30:54,,1
REP-PRG-10115,Pothole,25.412157,81.856732,Naini Old Bridge (Yamuna),Critical,Assigned,PWD_Road_Maintenance,https://storage.roadguard.ai/prayagraj/defects/img_10115.jpg,2026-06-28T12:35:51,,1
REP-PRG-10116,Pothole,25.439865,81.842787,Rambagh Railway Station Area,Low,AI Verified,PWD_Road_Maintenance,https://storage.roadguard.ai/prayagraj/defects/img_10116.jpg,2026-05-04T00:02:13,,1
REP-PRG-10117,Pothole,25.437152,81.825071,Kareli Urban Zone,Low,Resolved,PWD_Road_Maintenance,https://storage.roadguard.ai/prayagraj/defects/img_10117.jpg,2026-05-03T12:09:13,2026-05-06T12:09:13,0
REP-PRG-10118,Streetlight Defect,25.475799,81.864492,Teliyarganj / MNNIT Area,Moderate,Assigned,UPPCL_Streetlight_Cell,https://storage.roadguard.ai/prayagraj/defects/img_10118.jpg,2026-02-08T13:25:55,,1
REP-PRG-10119,Pothole,25.439706,81.865819,Georgetown,Moderate,Assigned,PWD_Road_Maintenance,https://storage.roadguard.ai/prayagraj/defects/img_10119.jpg,2026-04-18T06:04:31,,1
REP-PRG-10120,Garbage Accumulation,25.51866,81.864082,Phaphamau NH-19 Junction,Moderate,Resolved,Prayagraj_Nagar_Nigam_Sanitation,https://storage.roadguard.ai/prayagraj/defects/img_10120.jpg,2026-03-19T05:25:39,2026-03-27T05:25:39,0
REP-PRG-10121,Streetlight Defect,25.44904,81.865926,Georgetown,Low,Resolved,UPPCL_Streetlight_Cell,https://storage.roadguard.ai/prayagraj/defects/img_10121.jpg,2026-01-26T15:33:55,2026-02-07T15:33:55,0
REP-PRG-10122,Pothole,25.502398,81.855324,Curzon Bridge / Phaphamau,Low,AI Verified,PWD_Road_Maintenance,https://storage.roadguard.ai/prayagraj/defects/img_10122.jpg,2026-05-22T10:43:58,,1
REP-PRG-10123,Pothole,25.4352,81.884773,Shastri Bridge (Ganga),Moderate,Assigned,PWD_Road_Maintenance,https://storage.roadguard.ai/prayagraj/defects/img_10123.jpg,2026-03-16T09:11:18,,1
REP-PRG-10124,Pothole,25.539124,81.86824,Phaphamau NH-19 Junction,Moderate,In Progress,PWD_Road_Maintenance,https://storage.roadguard.ai/prayagraj/defects/img_10124.jpg,2026-01-19T16:29:55,,1
REP-PRG-10125,Garbage Accumulation,25.449913,81.862343,Katra / Allahabad Univ,High,Assigned,Prayagraj_Nagar_Nigam_Sanitation,https://storage.roadguard.ai/prayagraj/defects/img_10125.jpg,2026-02-20T23:28:43,,1
REP-PRG-10126,Streetlight Defect,25.401977,81.87326,Naini Industrial Area,High,Resolved,UPPCL_Streetlight_Cell,https://storage.roadguard.ai/prayagraj/defects/img_10126.jpg,2026-02-06T10:35:59,2026-02-08T10:35:59,0
REP-PRG-10127,Garbage Accumulation,25.426845,81.886126,Shastri Bridge (Ganga),Moderate,In Progress,Prayagraj_Nagar_Nigam_Sanitation,https://storage.roadguard.ai/prayagraj/defects/img_10127.jpg,2026-03-15T23:59:20,,1
REP-PRG-10128,Streetlight Defect,25.395135,81.859339,Naini Industrial Area,Moderate,AI Verified,UPPCL_Streetlight_Cell,https://storage.roadguard.ai/prayagraj/defects/img_10128.jpg,2026-03-12T02:13:17,,1
REP-PRG-10129,Streetlight Defect,25.443051,81.854197,Rambagh Railway Station Area,Moderate,In Progress,UPPCL_Streetlight_Cell,https://storage.roadguard.ai/prayagraj/defects/img_10129.jpg,2026-03-25T05:58:49,,1
REP-PRG-10130,Pothole,25.452585,81.854524,Katra / Allahabad Univ,Moderate,Assigned,PWD_Road_Maintenance,https://storage.roadguard.ai/prayagraj/defects/img_10130.jpg,2026-05-29T05:22:35,,1
REP-PRG-10131,Drainage Issues,25.42667,81.826705,Civil Lines,High,AI Verified,Jal_Sansthan_Drainage_Div,https://storage.roadguard.ai/prayagraj/defects/img_10131.jpg,2026-01-11T14:22:42,,1
REP-PRG-10132,Streetlight Defect,25.437479,81.838018,Rambagh Railway Station Area,Moderate,AI Verified,UPPCL_Streetlight_Cell,https://storage.roadguard.ai/prayagraj/defects/img_10132.jpg,2026-05-30T23:52:12,,1
REP-PRG-10133,Drainage Issues,25.452559,81.836559,Rambagh Railway Station Area,Moderate,AI Verified,Jal_Sansthan_Drainage_Div,https://storage.roadguard.ai/prayagraj/defects/img_10133.jpg,2026-03-24T11:48:30,,1
REP-PRG-10134,Pothole,25.43548,81.891046,Shastri Bridge (Ganga),High,AI Verified,PWD_Road_Maintenance,https://storage.roadguard.ai/prayagraj/defects/img_10134.jpg,2026-04-14T04:01:42,,1
REP-PRG-10135,Streetlight Defect,25.46053,81.826513,MG Marg Corridor,Moderate,AI Verified,UPPCL_Streetlight_Cell,https://storage.roadguard.ai/prayagraj/defects/img_10135.jpg,2026-04-15T02:44:09,,1
REP-PRG-10136,Garbage Accumulation,25.461905,81.834982,Civil Lines,Moderate,AI Verified,Prayagraj_Nagar_Nigam_Sanitation,https://storage.roadguard.ai/prayagraj/defects/img_10136.jpg,2026-02-19T02:52:32,,1
REP-PRG-10137,Streetlight Defect,25.420148,81.773697,Jhalwa / IIIT-A Corridor,Moderate,AI Verified,UPPCL_Streetlight_Cell,https://storage.roadguard.ai/prayagraj/defects/img_10137.jpg,2026-01-14T15:24:40,,1
REP-PRG-10138,Streetlight Defect,25.461592,81.850198,Katra / Allahabad Univ,Critical,AI Verified,UPPCL_Streetlight_Cell,https://storage.roadguard.ai/prayagraj/defects/img_10138.jpg,2026-06-29T01:38:52,,1
REP-PRG-10139,Pothole,25.385558,81.861917,Naini Industrial Area,High,In Progress,PWD_Road_Maintenance,https://storage.roadguard.ai/prayagraj/defects/img_10139.jpg,2026-02-10T19:18:50,,1
REP-PRG-10140,Streetlight Defect,25.453508,81.840197,Civil Lines,Low,Resolved,UPPCL_Streetlight_Cell,https://storage.roadguard.ai/prayagraj/defects/img_10140.jpg,2026-01-31T00:48:02,2026-02-03T00:48:02,0
REP-PRG-10141,Streetlight Defect,25.430688,81.845097,Naini Old Bridge (Yamuna),High,Assigned,UPPCL_Streetlight_Cell,https://storage.roadguard.ai/prayagraj/defects/img_10141.jpg,2026-03-11T23:07:39,,1
REP-PRG-10142,Drainage Issues,25.456564,81.832383,Rambagh Railway Station Area,Moderate,Assigned,Jal_Sansthan_Drainage_Div,https://storage.roadguard.ai/prayagraj/defects/img_10142.jpg,2026-04-09T14:56:23,,1
REP-PRG-10143,Garbage Accumulation,25.445786,81.832707,Prayagraj Junction (Civil Lines side),Low,Reported,Prayagraj_Nagar_Nigam_Sanitation,https://storage.roadguard.ai/prayagraj/defects/img_10143.jpg,2026-04-17T20:22:28,,1
REP-PRG-10144,Pothole,25.449248,81.823018,Prayagraj Junction (Civil Lines side),Low,Assigned,PWD_Road_Maintenance,https://storage.roadguard.ai/prayagraj/defects/img_10144.jpg,2026-06-01T05:06:51,,1
REP-PRG-10145,Drainage Issues,25.437835,81.844056,Rambagh Railway Station Area,Moderate,AI Verified,Jal_Sansthan_Drainage_Div,https://storage.roadguard.ai/prayagraj/defects/img_10145.jpg,2026-03-28T04:05:40,,1
REP-PRG-10146,Streetlight Defect,25.487285,81.869797,Teliyarganj / MNNIT Area,Moderate,AI Verified,UPPCL_Streetlight_Cell,https://storage.roadguard.ai/prayagraj/defects/img_10146.jpg,2026-06-28T16:41:40,,1
REP-PRG-10147,Pothole,25.494856,81.857457,Teliyarganj / MNNIT Area,High,Reported,PWD_Road_Maintenance,https://storage.roadguard.ai/prayagraj/defects/img_10147.jpg,2026-05-02T21:52:48,,1
REP-PRG-10148,Drainage Issues,25.499197,81.865458,Teliyarganj / MNNIT Area,High,Assigned,Jal_Sansthan_Drainage_Div,https://storage.roadguard.ai/prayagraj/defects/img_10148.jpg,2026-02-09T02:02:03,,1
REP-PRG-10149,Pothole,25.455503,81.843037,MG Marg Corridor,Critical,AI Verified,PWD_Road_Maintenance,https://storage.roadguard.ai/prayagraj/defects/img_10149.jpg,2026-01-27T00:01:51,,1
REP-PRG-10150,Streetlight Defect,25.378368,81.860519,Naini Industrial Area,Moderate,Assigned,UPPCL_Streetlight_Cell,https://storage.roadguard.ai/prayagraj/defects/img_10150.jpg,2026-04-16T07:50:23,,1
REP-PRG-10151,Pothole,25.423978,81.859883,Naini Old Bridge (Yamuna),High,AI Verified,PWD_Road_Maintenance,https://storage.roadguard.ai/prayagraj/defects/img_10151.jpg,2026-06-09T22:28:18,,1
REP-PRG-10152,Drainage Issues,25.429833,81.880939,Sangam / Daraganj,High,In Progress,Jal_Sansthan_Drainage_Div,https://storage.roadguard.ai/prayagraj/defects/img_10152.jpg,2026-04-08T19:31:45,,1
REP-PRG-10153,Drainage Issues,25.449721,81.843267,Rambagh Railway Station Area,Low,Reported,Jal_Sansthan_Drainage_Div,https://storage.roadguard.ai/prayagraj/defects/img_10153.jpg,2026-06-11T18:27:47,,1
REP-PRG-10154,Garbage Accumulation,25.529377,81.863382,Phaphamau NH-19 Junction,Moderate,Reported,Prayagraj_Nagar_Nigam_Sanitation,https://storage.roadguard.ai/prayagraj/defects/img_10154.jpg,2026-06-12T11:39:33,,1
REP-PRG-10155,Pothole,25.508259,81.93879,NH-19 Bypass (Varanasi-Kanpur),Moderate,Reported,PWD_Road_Maintenance,https://storage.roadguard.ai/prayagraj/defects/img_10155.jpg,2026-03-25T10:02:35,,1
REP-PRG-10156,Pothole,25.451603,81.865508,Georgetown,Moderate,AI Verified,PWD_Road_Maintenance,https://storage.roadguard.ai/prayagraj/defects/img_10156.jpg,2026-04-17T04:36:17,,1
REP-PRG-10157,Pothole,25.449444,81.890168,Shastri Bridge (Ganga),Low,In Progress,PWD_Road_Maintenance,https://storage.roadguard.ai/prayagraj/defects/img_10157.jpg,2026-06-08T16:46:06,,1
REP-PRG-10158,Drainage Issues,25.444956,81.845518,Rambagh Railway Station Area,Low,AI Verified,Jal_Sansthan_Drainage_Div,https://storage.roadguard.ai/prayagraj/defects/img_10158.jpg,2026-03-08T00:43:56,,1
REP-PRG-10159,Garbage Accumulation,25.462593,81.853959,Katra / Allahabad Univ,Critical,AI Verified,Prayagraj_Nagar_Nigam_Sanitation,https://storage.roadguard.ai/prayagraj/defects/img_10159.jpg,2026-03-16T03:54:03,,1
REP-PRG-10160,Pothole,25.439776,81.894761,Shastri Bridge (Ganga),Critical,Resolved,PWD_Road_Maintenance,https://storage.roadguard.ai/prayagraj/defects/img_10160.jpg,2026-03-19T07:15:46,2026-03-27T07:15:46,0
REP-PRG-10161,Streetlight Defect,25.453454,81.871739,Katra / Allahabad Univ,Moderate,Resolved,UPPCL_Streetlight_Cell,https://storage.roadguard.ai/prayagraj/defects/img_10161.jpg,2026-05-04T11:52:59,2026-05-09T11:52:59,0
REP-PRG-10162,Streetlight Defect,25.483952,81.853286,Teliyarganj / MNNIT Area,Moderate,Resolved,UPPCL_Streetlight_Cell,https://storage.roadguard.ai/prayagraj/defects/img_10162.jpg,2026-03-17T08:47:55,2026-03-29T08:47:55,0
REP-PRG-10163,Pothole,25.501265,81.869333,Teliyarganj / MNNIT Area,Moderate,Assigned,PWD_Road_Maintenance,https://storage.roadguard.ai/prayagraj/defects/img_10163.jpg,2026-01-14T06:04:42,,1
REP-PRG-10164,Drainage Issues,25.444493,81.853027,Rambagh Railway Station Area,Critical,In Progress,Jal_Sansthan_Drainage_Div,https://storage.roadguard.ai/prayagraj/defects/img_10164.jpg,2026-03-01T06:06:09,,1
REP-PRG-10165,Pothole,25.427902,81.762822,Jhalwa / IIIT-A Corridor,Low,AI Verified,PWD_Road_Maintenance,https://storage.roadguard.ai/prayagraj/defects/img_10165.jpg,2026-06-18T12:58:47,,1
REP-PRG-10166,Drainage Issues,25.385606,81.859583,Naini Industrial Area,High,AI Verified,Jal_Sansthan_Drainage_Div,https://storage.roadguard.ai/prayagraj/defects/img_10166.jpg,2026-04-23T09:12:53,,1
REP-PRG-10167,Garbage Accumulation,25.435801,81.768824,Jhalwa / IIIT-A Corridor,Low,AI Verified,Prayagraj_Nagar_Nigam_Sanitation,https://storage.roadguard.ai/prayagraj/defects/img_10167.jpg,2026-04-17T14:23:41,,1
REP-PRG-10168,Pothole,25.505396,81.855429,Curzon Bridge / Phaphamau,Moderate,Resolved,PWD_Road_Maintenance,https://storage.roadguard.ai/prayagraj/defects/img_10168.jpg,2026-05-17T02:16:11,2026-05-23T02:16:11,0
REP-PRG-10169,Pothole,25.442303,81.88549,Shastri Bridge (Ganga),High,AI Verified,PWD_Road_Maintenance,https://storage.roadguard.ai/prayagraj/defects/img_10169.jpg,2026-03-17T20:19:56,,1
REP-PRG-10170,Streetlight Defect,25.378422,81.866949,Naini Industrial Area,Low,In Progress,UPPCL_Streetlight_Cell,https://storage.roadguard.ai/prayagraj/defects/img_10170.jpg,2026-02-27T22:28:09,,1
REP-PRG-10171,Pothole,25.42996,81.765944,Jhalwa / IIIT-A Corridor,Moderate,AI Verified,PWD_Road_Maintenance,https://storage.roadguard.ai/prayagraj/defects/img_10171.jpg,2026-02-02T00:33:29,,1
REP-PRG-10172,Garbage Accumulation,25.424232,81.771856,Jhalwa / IIIT-A Corridor,High,Assigned,Prayagraj_Nagar_Nigam_Sanitation,https://storage.roadguard.ai/prayagraj/defects/img_10172.jpg,2026-06-13T21:31:29,,1
REP-PRG-10173,Garbage Accumulation,25.373415,81.85374,Naini Industrial Area,Moderate,Assigned,Prayagraj_Nagar_Nigam_Sanitation,https://storage.roadguard.ai/prayagraj/defects/img_10173.jpg,2026-05-24T19:56:32,,1
REP-PRG-10174,Streetlight Defect,25.519252,81.863292,Phaphamau NH-19 Junction,High,AI Verified,UPPCL_Streetlight_Cell,https://storage.roadguard.ai/prayagraj/defects/img_10174.jpg,2026-06-29T19:00:08,,1
REP-PRG-10175,Pothole,25.452487,81.751803,GT Road / Bamrauli Corridor,Low,Reported,PWD_Road_Maintenance,https://storage.roadguard.ai/prayagraj/defects/img_10175.jpg,2026-05-07T12:13:40,,1
REP-PRG-10176,Pothole,25.391861,81.86372,Naini Industrial Area,Moderate,AI Verified,PWD_Road_Maintenance,https://storage.roadguard.ai/prayagraj/defects/img_10176.jpg,2026-04-06T03:40:04,,1
REP-PRG-10177,Streetlight Defect,25.449848,81.73198,GT Road / Bamrauli Corridor,High,In Progress,UPPCL_Streetlight_Cell,https://storage.roadguard.ai/prayagraj/defects/img_10177.jpg,2026-06-17T11:36:18,,1
REP-PRG-10178,Streetlight Defect,25.439352,81.845691,Rambagh Railway Station Area,Critical,AI Verified,UPPCL_Streetlight_Cell,https://storage.roadguard.ai/prayagraj/defects/img_10178.jpg,2026-06-26T21:29:26,,1
REP-PRG-10179,Streetlight Defect,25.514582,81.851382,Curzon Bridge / Phaphamau,Critical,In Progress,UPPCL_Streetlight_Cell,https://storage.roadguard.ai/prayagraj/defects/img_10179.jpg,2026-01-26T21:22:27,,1
REP-PRG-10180,Pothole,25.432155,81.782262,Jhalwa / IIIT-A Corridor,Moderate,Resolved,PWD_Road_Maintenance,https://storage.roadguard.ai/prayagraj/defects/img_10180.jpg,2026-04-27T11:20:15,2026-05-09T11:20:15,0
REP-PRG-10181,Streetlight Defect,25.51113,81.861214,Curzon Bridge / Phaphamau,Moderate,Reported,UPPCL_Streetlight_Cell,https://storage.roadguard.ai/prayagraj/defects/img_10181.jpg,2026-03-27T16:52:05,,1
REP-PRG-10182,Garbage Accumulation,25.423521,81.85179,Naini Old Bridge (Yamuna),Moderate,In Progress,Prayagraj_Nagar_Nigam_Sanitation,https://storage.roadguard.ai/prayagraj/defects/img_10182.jpg,2026-05-22T15:32:32,,1
REP-PRG-10183,Garbage Accumulation,25.513793,81.858101,Curzon Bridge / Phaphamau,Moderate,In Progress,Prayagraj_Nagar_Nigam_Sanitation,https://storage.roadguard.ai/prayagraj/defects/img_10183.jpg,2026-06-02T08:06:11,,1
REP-PRG-10184,Drainage Issues,25.460781,81.848816,Katra / Allahabad Univ,Low,Reported,Jal_Sansthan_Drainage_Div,https://storage.roadguard.ai/prayagraj/defects/img_10184.jpg,2026-03-06T14:21:11,,1
REP-PRG-10185,Garbage Accumulation,25.385196,81.868984,Naini Industrial Area,Low,Reported,Prayagraj_Nagar_Nigam_Sanitation,https://storage.roadguard.ai/prayagraj/defects/img_10185.jpg,2026-03-03T05:26:22,,1
REP-PRG-10186,Pothole,25.431609,81.827674,Kareli Urban Zone,Moderate,Reported,PWD_Road_Maintenance,https://storage.roadguard.ai/prayagraj/defects/img_10186.jpg,2026-04-19T03:09:15,,1
REP-PRG-10187,Garbage Accumulation,25.402225,81.858861,Naini Industrial Area,Moderate,In Progress,Prayagraj_Nagar_Nigam_Sanitation,https://storage.roadguard.ai/prayagraj/defects/img_10187.jpg,2026-05-13T05:36:52,,1
REP-PRG-10188,Streetlight Defect,25.391979,81.866467,Naini Industrial Area,Moderate,Assigned,UPPCL_Streetlight_Cell,https://storage.roadguard.ai/prayagraj/defects/img_10188.jpg,2026-06-19T02:59:07,,1
REP-PRG-10189,Streetlight Defect,25.462518,81.852534,Georgetown,Critical,Reported,UPPCL_Streetlight_Cell,https://storage.roadguard.ai/prayagraj/defects/img_10189.jpg,2026-05-03T22:37:20,,1
REP-PRG-10190,Garbage Accumulation,25.443282,81.735205,GT Road / Bamrauli Corridor,Moderate,Resolved,Prayagraj_Nagar_Nigam_Sanitation,https://storage.roadguard.ai/prayagraj/defects/img_10190.jpg,2026-01-19T10:56:29,2026-01-26T10:56:29,0
REP-PRG-10191,Pothole,25.401009,81.850794,Naini Old Bridge (Yamuna),Moderate,Assigned,PWD_Road_Maintenance,https://storage.roadguard.ai/prayagraj/defects/img_10191.jpg,2026-05-21T19:50:22,,1
REP-PRG-10192,Drainage Issues,25.485927,81.864203,Teliyarganj / MNNIT Area,Moderate,AI Verified,Jal_Sansthan_Drainage_Div,https://storage.roadguard.ai/prayagraj/defects/img_10192.jpg,2026-06-04T23:39:47,,1
REP-PRG-10193,Garbage Accumulation,25.387734,81.880009,Naini Industrial Area,Low,Assigned,Prayagraj_Nagar_Nigam_Sanitation,https://storage.roadguard.ai/prayagraj/defects/img_10193.jpg,2026-05-22T15:49:43,,1
REP-PRG-10194,Streetlight Defect,25.457603,81.735385,GT Road / Bamrauli Corridor,Moderate,AI Verified,UPPCL_Streetlight_Cell,https://storage.roadguard.ai/prayagraj/defects/img_10194.jpg,2026-04-27T22:31:02,,1
REP-PRG-10195,Garbage Accumulation,25.442813,81.743935,GT Road / Bamrauli Corridor,Moderate,AI Verified,Prayagraj_Nagar_Nigam_Sanitation,https://storage.roadguard.ai/prayagraj/defects/img_10195.jpg,2026-03-07T21:37:40,,1
REP-PRG-10196,Garbage Accumulation,25.407438,81.869652,Naini Old Bridge (Yamuna),Moderate,Reported,Prayagraj_Nagar_Nigam_Sanitation,https://storage.roadguard.ai/prayagraj/defects/img_10196.jpg,2026-01-22T11:23:39,,1
REP-PRG-10197,Pothole,25.459436,81.736247,GT Road / Bamrauli Corridor,High,In Progress,PWD_Road_Maintenance,https://storage.roadguard.ai/prayagraj/defects/img_10197.jpg,2026-05-23T10:11:01,,1
REP-PRG-10198,Garbage Accumulation,25.406295,81.830831,Kareli Urban Zone,Moderate,In Progress,Prayagraj_Nagar_Nigam_Sanitation,https://storage.roadguard.ai/prayagraj/defects/img_10198.jpg,2026-04-19T09:52:23,,1
REP-PRG-10199,Streetlight Defect,25.444084,81.868903,Georgetown,Moderate,Assigned,UPPCL_Streetlight_Cell,https://storage.roadguard.ai/prayagraj/defects/img_10199.jpg,2026-02-24T13:38:00,,1
REP-PRG-10200,Pothole,25.426745,81.843205,Rambagh Railway Station Area,Low,In Progress,PWD_Road_Maintenance,https://storage.roadguard.ai/prayagraj/defects/img_10200.jpg,2026-04-05T12:10:58,,1
REP-PRG-10201,Streetlight Defect,25.460042,81.855376,Katra / Allahabad Univ,High,In Progress,UPPCL_Streetlight_Cell,https://storage.roadguard.ai/prayagraj/defects/img_10201.jpg,2026-06-10T06:20:22,,1
REP-PRG-10202,Streetlight Defect,25.448999,81.839883,Civil Lines,High,Assigned,UPPCL_Streetlight_Cell,https://storage.roadguard.ai/prayagraj/defects/img_10202.jpg,2026-01-08T14:34:07,,1
REP-PRG-10203,Garbage Accumulation,25.451459,81.853861,Katra / Allahabad Univ,Moderate,AI Verified,Prayagraj_Nagar_Nigam_Sanitation,https://storage.roadguard.ai/prayagraj/defects/img_10203.jpg,2026-01-02T14:36:17,,1
REP-PRG-10204,Streetlight Defect,25.418962,81.859116,Naini Old Bridge (Yamuna),Moderate,Reported,UPPCL_Streetlight_Cell,https://storage.roadguard.ai/prayagraj/defects/img_10204.jpg,2026-06-12T09:06:58,,1
REP-PRG-10205,Garbage Accumulation,25.435693,81.871003,Sangam / Daraganj,Moderate,AI Verified,Prayagraj_Nagar_Nigam_Sanitation,https://storage.roadguard.ai/prayagraj/defects/img_10205.jpg,2026-03-29T13:43:51,,1
REP-PRG-10206,Pothole,25.415727,81.780221,Jhalwa / IIIT-A Corridor,Moderate,Resolved,PWD_Road_Maintenance,https://storage.roadguard.ai/prayagraj/defects/img_10206.jpg,2026-06-02T11:05:35,2026-06-04T11:05:35,0
REP-PRG-10207,Pothole,25.420659,81.849012,Naini Old Bridge (Yamuna),High,Assigned,PWD_Road_Maintenance,https://storage.roadguard.ai/prayagraj/defects/img_10207.jpg,2026-03-12T00:07:59,,1
REP-PRG-10208,Streetlight Defect,25.462409,81.740925,GT Road / Bamrauli Corridor,Moderate,AI Verified,UPPCL_Streetlight_Cell,https://storage.roadguard.ai/prayagraj/defects/img_10208.jpg,2026-05-12T12:08:38,,1
REP-PRG-10209,Streetlight Defect,25.437434,81.77054,Jhalwa / IIIT-A Corridor,Moderate,Assigned,UPPCL_Streetlight_Cell,https://storage.roadguard.ai/prayagraj/defects/img_10209.jpg,2026-05-06T03:11:06,,1
REP-PRG-10210,Pothole,25.461486,81.873043,Georgetown,Moderate,Assigned,PWD_Road_Maintenance,https://storage.roadguard.ai/prayagraj/defects/img_10210.jpg,2026-01-02T15:26:34,,1
REP-PRG-10211,Drainage Issues,25.443008,81.866773,Georgetown,High,In Progress,Jal_Sansthan_Drainage_Div,https://storage.roadguard.ai/prayagraj/defects/img_10211.jpg,2026-03-16T19:56:47,,1
REP-PRG-10212,Pothole,25.390163,81.875949,Naini Industrial Area,High,AI Verified,PWD_Road_Maintenance,https://storage.roadguard.ai/prayagraj/defects/img_10212.jpg,2026-04-09T03:23:26,,1
REP-PRG-10213,Streetlight Defect,25.517281,81.870488,Phaphamau NH-19 Junction,High,In Progress,UPPCL_Streetlight_Cell,https://storage.roadguard.ai/prayagraj/defects/img_10213.jpg,2026-01-19T22:27:24,,1
REP-PRG-10214,Streetlight Defect,25.457467,81.82393,MG Marg Corridor,Moderate,Reported,UPPCL_Streetlight_Cell,https://storage.roadguard.ai/prayagraj/defects/img_10214.jpg,2026-03-23T04:57:45,,1
REP-PRG-10215,Streetlight Defect,25.440534,81.723686,GT Road / Bamrauli Corridor,High,AI Verified,UPPCL_Streetlight_Cell,https://storage.roadguard.ai/prayagraj/defects/img_10215.jpg,2026-01-30T22:44:48,,1
REP-PRG-10216,Drainage Issues,25.450445,81.84064,Civil Lines,Low,Resolved,Jal_Sansthan_Drainage_Div,https://storage.roadguard.ai/prayagraj/defects/img_10216.jpg,2026-04-28T21:10:28,2026-05-01T21:10:28,0
REP-PRG-10217,Drainage Issues,25.462019,81.740593,GT Road / Bamrauli Corridor,Moderate,Assigned,Jal_Sansthan_Drainage_Div,https://storage.roadguard.ai/prayagraj/defects/img_10217.jpg,2026-05-15T10:51:48,,1
REP-PRG-10218,Drainage Issues,25.505029,81.851959,Teliyarganj / MNNIT Area,High,AI Verified,Jal_Sansthan_Drainage_Div,https://storage.roadguard.ai/prayagraj/defects/img_10218.jpg,2026-02-13T10:46:51,,1
REP-PRG-10219,Streetlight Defect,25.433373,81.827556,Prayagraj Junction (Civil Lines side),Moderate,AI Verified,UPPCL_Streetlight_Cell,https://storage.roadguard.ai/prayagraj/defects/img_10219.jpg,2026-03-31T20:46:59,,1
REP-PRG-10220,Pothole,25.421073,81.854738,Naini Old Bridge (Yamuna),Low,AI Verified,PWD_Road_Maintenance,https://storage.roadguard.ai/prayagraj/defects/img_10220.jpg,2026-06-04T13:33:56,,1
REP-PRG-10221,Pothole,25.41346,81.879287,Sangam / Daraganj,High,AI Verified,PWD_Road_Maintenance,https://storage.roadguard.ai/prayagraj/defects/img_10221.jpg,2026-05-26T05:05:52,,1
REP-PRG-10222,Garbage Accumulation,25.499564,81.935357,NH-19 Bypass (Varanasi-Kanpur),Critical,Assigned,Prayagraj_Nagar_Nigam_Sanitation,https://storage.roadguard.ai/prayagraj/defects/img_10222.jpg,2026-06-09T19:46:03,,1
REP-PRG-10223,Pothole,25.422933,81.812481,Kareli Urban Zone,Low,AI Verified,PWD_Road_Maintenance,https://storage.roadguard.ai/prayagraj/defects/img_10223.jpg,2026-03-19T18:00:02,,1
REP-PRG-10224,Pothole,25.444889,81.829526,MG Marg Corridor,Low,AI Verified,PWD_Road_Maintenance,https://storage.roadguard.ai/prayagraj/defects/img_10224.jpg,2026-01-10T10:04:16,,1
REP-PRG-10225,Drainage Issues,25.427499,81.777641,Jhalwa / IIIT-A Corridor,Low,In Progress,Jal_Sansthan_Drainage_Div,https://storage.roadguard.ai/prayagraj/defects/img_10225.jpg,2026-01-25T06:23:30,,1
REP-PRG-10226,Pothole,25.439114,81.832032,Prayagraj Junction (Civil Lines side),Moderate,Resolved,PWD_Road_Maintenance,https://storage.roadguard.ai/prayagraj/defects/img_10226.jpg,2026-01-12T00:22:27,2026-01-26T00:22:27,0
REP-PRG-10227,Pothole,25.507758,81.851657,Curzon Bridge / Phaphamau,Moderate,AI Verified,PWD_Road_Maintenance,https://storage.roadguard.ai/prayagraj/defects/img_10227.jpg,2026-01-17T00:24:10,,1
REP-PRG-10228,Garbage Accumulation,25.384144,81.856718,Naini Industrial Area,High,Resolved,Prayagraj_Nagar_Nigam_Sanitation,https://storage.roadguard.ai/prayagraj/defects/img_10228.jpg,2026-01-23T02:22:12,2026-02-04T02:22:12,0
REP-PRG-10229,Pothole,25.434571,81.880417,Shastri Bridge (Ganga),High,Resolved,PWD_Road_Maintenance,https://storage.roadguard.ai/prayagraj/defects/img_10229.jpg,2026-05-16T03:01:57,2026-05-27T03:01:57,0
REP-PRG-10230,Pothole,25.454718,81.890282,Shastri Bridge (Ganga),Critical,AI Verified,PWD_Road_Maintenance,https://storage.roadguard.ai/prayagraj/defects/img_10230.jpg,2026-03-29T05:46:06,,1
REP-PRG-10231,Garbage Accumulation,25.443402,81.839712,MG Marg Corridor,High,Reported,Prayagraj_Nagar_Nigam_Sanitation,https://storage.roadguard.ai/prayagraj/defects/img_10231.jpg,2026-01-26T04:18:53,,1
REP-PRG-10232,Pothole,25.491101,81.861232,Teliyarganj / MNNIT Area,High,Assigned,PWD_Road_Maintenance,https://storage.roadguard.ai/prayagraj/defects/img_10232.jpg,2026-06-04T13:28:29,,1
REP-PRG-10233,Pothole,25.424913,81.82606,Kareli Urban Zone,High,Resolved,PWD_Road_Maintenance,https://storage.roadguard.ai/prayagraj/defects/img_10233.jpg,2026-03-22T07:53:10,2026-04-04T07:53:10,0
REP-PRG-10234,Pothole,25.487756,81.858393,Teliyarganj / MNNIT Area,High,Reported,PWD_Road_Maintenance,https://storage.roadguard.ai/prayagraj/defects/img_10234.jpg,2026-05-24T21:42:52,,1
REP-PRG-10235,Garbage Accumulation,25.4178,81.801585,Kareli Urban Zone,High,In Progress,Prayagraj_Nagar_Nigam_Sanitation,https://storage.roadguard.ai/prayagraj/defects/img_10235.jpg,2026-06-26T03:09:55,,1
REP-PRG-10236,Streetlight Defect,25.417878,81.890935,Sangam / Daraganj,Moderate,AI Verified,UPPCL_Streetlight_Cell,https://storage.roadguard.ai/prayagraj/defects/img_10236.jpg,2026-04-03T19:14:43,,1
REP-PRG-10237,Drainage Issues,25.45216,81.888008,Shastri Bridge (Ganga),Moderate,In Progress,Jal_Sansthan_Drainage_Div,https://storage.roadguard.ai/prayagraj/defects/img_10237.jpg,2026-02-19T16:14:53,,1
REP-PRG-10238,Pothole,25.422612,81.85749,Naini Old Bridge (Yamuna),Moderate,In Progress,PWD_Road_Maintenance,https://storage.roadguard.ai/prayagraj/defects/img_10238.jpg,2026-05-11T03:39:08,,1
REP-PRG-10239,Pothole,25.471631,81.836957,Prayagraj Junction (Civil Lines side),Moderate,In Progress,PWD_Road_Maintenance,https://storage.roadguard.ai/prayagraj/defects/img_10239.jpg,2026-02-04T05:44:42,,1
REP-PRG-10240,Pothole,25.490977,81.855356,Teliyarganj / MNNIT Area,Low,Assigned,PWD_Road_Maintenance,https://storage.roadguard.ai/prayagraj/defects/img_10240.jpg,2026-06-09T14:01:37,,1
REP-PRG-10241,Pothole,25.497148,81.931628,NH-19 Bypass (Varanasi-Kanpur),Moderate,Assigned,PWD_Road_Maintenance,https://storage.roadguard.ai/prayagraj/defects/img_10241.jpg,2026-04-25T06:13:51,,1
REP-PRG-10242,Garbage Accumulation,25.438949,81.847622,Georgetown,High,AI Verified,Prayagraj_Nagar_Nigam_Sanitation,https://storage.roadguard.ai/prayagraj/defects/img_10242.jpg,2026-03-03T19:16:02,,1
REP-PRG-10243,Drainage Issues,25.434327,81.839348,Rambagh Railway Station Area,Low,Assigned,Jal_Sansthan_Drainage_Div,https://storage.roadguard.ai/prayagraj/defects/img_10243.jpg,2026-05-28T00:02:29,,1
REP-PRG-10244,Garbage Accumulation,25.523497,81.937053,NH-19 Bypass (Varanasi-Kanpur),High,Assigned,Prayagraj_Nagar_Nigam_Sanitation,https://storage.roadguard.ai/prayagraj/defects/img_10244.jpg,2026-04-18T13:54:01,,1
REP-PRG-10245,Garbage Accumulation,25.511936,81.86984,Curzon Bridge / Phaphamau,Low,AI Verified,Prayagraj_Nagar_Nigam_Sanitation,https://storage.roadguard.ai/prayagraj/defects/img_10245.jpg,2026-06-15T01:29:51,,1
REP-PRG-10246,Streetlight Defect,25.428619,81.76311,Jhalwa / IIIT-A Corridor,Low,In Progress,UPPCL_Streetlight_Cell,https://storage.roadguard.ai/prayagraj/defects/img_10246.jpg,2026-02-01T18:22:43,,1
REP-PRG-10247,Garbage Accumulation,25.442185,81.884311,Sangam / Daraganj,Moderate,Resolved,Prayagraj_Nagar_Nigam_Sanitation,https://storage.roadguard.ai/prayagraj/defects/img_10247.jpg,2026-02-07T23:55:40,2026-02-10T23:55:40,0
REP-PRG-10248,Garbage Accumulation,25.516702,81.863477,Phaphamau NH-19 Junction,Critical,Resolved,Prayagraj_Nagar_Nigam_Sanitation,https://storage.roadguard.ai/prayagraj/defects/img_10248.jpg,2026-04-17T09:56:20,2026-04-25T09:56:20,0
REP-PRG-10249,Pothole,25.439995,81.816938,Prayagraj Junction (Civil Lines side),Moderate,Reported,PWD_Road_Maintenance,https://storage.roadguard.ai/prayagraj/defects/img_10249.jpg,2026-02-27T09:01:34,,1
REP-PRG-10250,Drainage Issues,25.427409,81.835275,Kareli Urban Zone,High,Assigned,Jal_Sansthan_Drainage_Div,https://storage.roadguard.ai/prayagraj/defects/img_10250.jpg,2026-02-07T13:00:35,,1
REP-PRG-10251,Pothole,25.437811,81.842504,MG Marg Corridor,High,Assigned,PWD_Road_Maintenance,https://storage.roadguard.ai/prayagraj/defects/img_10251.jpg,2026-02-06T01:04:47,,1
REP-PRG-10252,Streetlight Defect,25.504795,81.926103,NH-19 Bypass (Varanasi-Kanpur),Critical,Reported,UPPCL_Streetlight_Cell,https://storage.roadguard.ai/prayagraj/defects/img_10252.jpg,2026-02-25T13:26:37,,1
REP-PRG-10253,Streetlight Defect,25.442261,81.821088,Prayagraj Junction (Civil Lines side),High,AI Verified,UPPCL_Streetlight_Cell,https://storage.roadguard.ai/prayagraj/defects/img_10253.jpg,2026-02-01T09:44:18,,1
REP-PRG-10254,Pothole,25.525388,81.858352,Phaphamau NH-19 Junction,High,AI Verified,PWD_Road_Maintenance,https://storage.roadguard.ai/prayagraj/defects/img_10254.jpg,2026-01-30T02:11:53,,1
REP-PRG-10255,Streetlight Defect,25.454764,81.834498,Civil Lines,Moderate,Assigned,UPPCL_Streetlight_Cell,https://storage.roadguard.ai/prayagraj/defects/img_10255.jpg,2026-03-16T23:37:41,,1
REP-PRG-10256,Streetlight Defect,25.450688,81.827639,Civil Lines,Moderate,AI Verified,UPPCL_Streetlight_Cell,https://storage.roadguard.ai/prayagraj/defects/img_10256.jpg,2026-06-20T11:07:01,,1
REP-PRG-10257,Drainage Issues,25.442386,81.834043,Prayagraj Junction (Civil Lines side),Low,Assigned,Jal_Sansthan_Drainage_Div,https://storage.roadguard.ai/prayagraj/defects/img_10257.jpg,2026-05-11T02:28:55,,1
REP-PRG-10258,Pothole,25.456607,81.82708,Civil Lines,Moderate,Assigned,PWD_Road_Maintenance,https://storage.roadguard.ai/prayagraj/defects/img_10258.jpg,2026-04-06T17:14:06,,1
REP-PRG-10259,Pothole,25.453395,81.840911,Civil Lines,Low,AI Verified,PWD_Road_Maintenance,https://storage.roadguard.ai/prayagraj/defects/img_10259.jpg,2026-06-19T06:52:26,,1
REP-PRG-10260,Garbage Accumulation,25.371645,81.869347,Naini Industrial Area,High,AI Verified,Prayagraj_Nagar_Nigam_Sanitation,https://storage.roadguard.ai/prayagraj/defects/img_10260.jpg,2026-01-12T20:49:36,,1
REP-PRG-10261,Garbage Accumulation,25.414699,81.824565,Kareli Urban Zone,Low,In Progress,Prayagraj_Nagar_Nigam_Sanitation,https://storage.roadguard.ai/prayagraj/defects/img_10261.jpg,2026-04-30T01:25:22,,1
REP-PRG-10262,Garbage Accumulation,25.432894,81.875561,Shastri Bridge (Ganga),Low,In Progress,Prayagraj_Nagar_Nigam_Sanitation,https://storage.roadguard.ai/prayagraj/defects/img_10262.jpg,2026-04-28T09:20:47,,1
REP-PRG-10263,Pothole,25.43198,81.859385,Georgetown,High,In Progress,PWD_Road_Maintenance,https://storage.roadguard.ai/prayagraj/defects/img_10263.jpg,2026-03-22T19:17:22,,1
REP-PRG-10264,Pothole,25.449078,81.820765,Prayagraj Junction (Civil Lines side),High,AI Verified,PWD_Road_Maintenance,https://storage.roadguard.ai/prayagraj/defects/img_10264.jpg,2026-01-11T07:33:10,,1
REP-PRG-10265,Pothole,25.517109,81.844708,Curzon Bridge / Phaphamau,High,Reported,PWD_Road_Maintenance,https://storage.roadguard.ai/prayagraj/defects/img_10265.jpg,2026-06-17T20:05:06,,1
REP-PRG-10266,Pothole,25.459471,81.845312,Katra / Allahabad Univ,Moderate,In Progress,PWD_Road_Maintenance,https://storage.roadguard.ai/prayagraj/defects/img_10266.jpg,2026-04-23T22:04:38,,1
REP-PRG-10267,Drainage Issues,25.414785,81.820379,Kareli Urban Zone,Moderate,AI Verified,Jal_Sansthan_Drainage_Div,https://storage.roadguard.ai/prayagraj/defects/img_10267.jpg,2026-05-13T17:42:39,,1
REP-PRG-10268,Garbage Accumulation,25.423117,81.876924,Sangam / Daraganj,Low,Assigned,Prayagraj_Nagar_Nigam_Sanitation,https://storage.roadguard.ai/prayagraj/defects/img_10268.jpg,2026-02-17T03:51:36,,1
REP-PRG-10269,Pothole,25.45305,81.854385,Georgetown,Low,Assigned,PWD_Road_Maintenance,https://storage.roadguard.ai/prayagraj/defects/img_10269.jpg,2026-03-21T00:14:07,,1
REP-PRG-10270,Pothole,25.456686,81.730962,GT Road / Bamrauli Corridor,Moderate,AI Verified,PWD_Road_Maintenance,https://storage.roadguard.ai/prayagraj/defects/img_10270.jpg,2026-04-02T06:23:09,,1
REP-PRG-10271,Pothole,25.454238,81.751533,GT Road / Bamrauli Corridor,Critical,Resolved,PWD_Road_Maintenance,https://storage.roadguard.ai/prayagraj/defects/img_10271.jpg,2026-01-21T07:12:40,2026-01-29T07:12:40,0
REP-PRG-10272,Streetlight Defect,25.408227,81.763625,Jhalwa / IIIT-A Corridor,High,AI Verified,UPPCL_Streetlight_Cell,https://storage.roadguard.ai/prayagraj/defects/img_10272.jpg,2026-01-08T13:11:54,,1
REP-PRG-10273,Pothole,25.514617,81.928376,NH-19 Bypass (Varanasi-Kanpur),Low,In Progress,PWD_Road_Maintenance,https://storage.roadguard.ai/prayagraj/defects/img_10273.jpg,2026-04-04T21:11:07,,1
REP-PRG-10274,Drainage Issues,25.494969,81.858168,Teliyarganj / MNNIT Area,Low,AI Verified,Jal_Sansthan_Drainage_Div,https://storage.roadguard.ai/prayagraj/defects/img_10274.jpg,2026-04-26T21:30:23,,1
REP-PRG-10275,Streetlight Defect,25.428693,81.768755,Jhalwa / IIIT-A Corridor,Low,Reported,UPPCL_Streetlight_Cell,https://storage.roadguard.ai/prayagraj/defects/img_10275.jpg,2026-04-04T22:29:31,,1
REP-PRG-10276,Streetlight Defect,25.429342,81.822035,Kareli Urban Zone,Moderate,Reported,UPPCL_Streetlight_Cell,https://storage.roadguard.ai/prayagraj/defects/img_10276.jpg,2026-02-18T02:10:10,,1
REP-PRG-10277,Pothole,25.449701,81.824705,Prayagraj Junction (Civil Lines side),Moderate,AI Verified,PWD_Road_Maintenance,https://storage.roadguard.ai/prayagraj/defects/img_10277.jpg,2026-03-09T00:14:53,,1
REP-PRG-10278,Drainage Issues,25.508099,81.85454,Curzon Bridge / Phaphamau,Moderate,Resolved,Jal_Sansthan_Drainage_Div,https://storage.roadguard.ai/prayagraj/defects/img_10278.jpg,2026-05-06T15:17:17,2026-05-09T15:17:17,0
REP-PRG-10279,Drainage Issues,25.421156,81.851632,Naini Old Bridge (Yamuna),Moderate,In Progress,Jal_Sansthan_Drainage_Div,https://storage.roadguard.ai/prayagraj/defects/img_10279.jpg,2026-04-24T11:11:46,,1
REP-PRG-10280,Garbage Accumulation,25.422318,81.836603,Kareli Urban Zone,High,Assigned,Prayagraj_Nagar_Nigam_Sanitation,https://storage.roadguard.ai/prayagraj/defects/img_10280.jpg,2026-03-16T18:55:15,,1
REP-PRG-10281,Garbage Accumulation,25.445969,81.887392,Shastri Bridge (Ganga),Critical,Assigned,Prayagraj_Nagar_Nigam_Sanitation,https://storage.roadguard.ai/prayagraj/defects/img_10281.jpg,2026-04-04T02:31:23,,1
REP-PRG-10282,Pothole,25.53461,81.861735,Phaphamau NH-19 Junction,Moderate,Reported,PWD_Road_Maintenance,https://storage.roadguard.ai/prayagraj/defects/img_10282.jpg,2026-05-07T08:57:25,,1
REP-PRG-10283,Streetlight Defect,25.411695,81.761935,Jhalwa / IIIT-A Corridor,Moderate,In Progress,UPPCL_Streetlight_Cell,https://storage.roadguard.ai/prayagraj/defects/img_10283.jpg,2026-05-22T12:43:29,,1
REP-PRG-10284,Pothole,25.415034,81.877188,Sangam / Daraganj,Moderate,Assigned,PWD_Road_Maintenance,https://storage.roadguard.ai/prayagraj/defects/img_10284.jpg,2026-05-04T03:08:23,,1
REP-PRG-10285,Garbage Accumulation,25.450147,81.753411,GT Road / Bamrauli Corridor,High,Reported,Prayagraj_Nagar_Nigam_Sanitation,https://storage.roadguard.ai/prayagraj/defects/img_10285.jpg,2026-03-24T07:23:12,,1
REP-PRG-10286,Streetlight Defect,25.432615,81.878247,Sangam / Daraganj,High,AI Verified,UPPCL_Streetlight_Cell,https://storage.roadguard.ai/prayagraj/defects/img_10286.jpg,2026-05-23T07:17:39,,1
REP-PRG-10287,Garbage Accumulation,25.445635,81.872311,Shastri Bridge (Ganga),Low,Assigned,Prayagraj_Nagar_Nigam_Sanitation,https://storage.roadguard.ai/prayagraj/defects/img_10287.jpg,2026-01-15T12:31:14,,1
REP-PRG-10288,Pothole,25.448885,81.834167,Prayagraj Junction (Civil Lines side),Low,AI Verified,PWD_Road_Maintenance,https://storage.roadguard.ai/prayagraj/defects/img_10288.jpg,2026-02-27T20:35:53,,1
REP-PRG-10289,Drainage Issues,25.435171,81.83715,Prayagraj Junction (Civil Lines side),High,AI Verified,Jal_Sansthan_Drainage_Div,https://storage.roadguard.ai/prayagraj/defects/img_10289.jpg,2026-06-13T04:03:19,,1
REP-PRG-10290,Pothole,25.462708,81.851678,Katra / Allahabad Univ,Moderate,Assigned,PWD_Road_Maintenance,https://storage.roadguard.ai/prayagraj/defects/img_10290.jpg,2026-05-10T07:20:15,,1
REP-PRG-10291,Streetlight Defect,25.444062,81.908166,Shastri Bridge (Ganga),Moderate,AI Verified,UPPCL_Streetlight_Cell,https://storage.roadguard.ai/prayagraj/defects/img_10291.jpg,2026-06-10T06:01:56,,1
REP-PRG-10292,Drainage Issues,25.421455,81.821986,Kareli Urban Zone,Moderate,In Progress,Jal_Sansthan_Drainage_Div,https://storage.roadguard.ai/prayagraj/defects/img_10292.jpg,2026-01-08T10:57:26,,1
REP-PRG-10293,Drainage Issues,25.445325,81.831201,MG Marg Corridor,High,AI Verified,Jal_Sansthan_Drainage_Div,https://storage.roadguard.ai/prayagraj/defects/img_10293.jpg,2026-02-24T04:49:51,,1
REP-PRG-10294,Streetlight Defect,25.456643,81.733151,GT Road / Bamrauli Corridor,Low,In Progress,UPPCL_Streetlight_Cell,https://storage.roadguard.ai/prayagraj/defects/img_10294.jpg,2026-05-20T18:32:47,,1
REP-PRG-10295,Streetlight Defect,25.445573,81.855179,Georgetown,High,Assigned,UPPCL_Streetlight_Cell,https://storage.roadguard.ai/prayagraj/defects/img_10295.jpg,2026-03-19T00:30:46,,1
REP-PRG-10296,Garbage Accumulation,25.433832,81.882669,Sangam / Daraganj,Low,AI Verified,Prayagraj_Nagar_Nigam_Sanitation,https://storage.roadguard.ai/prayagraj/defects/img_10296.jpg,2026-04-29T15:25:41,,1
REP-PRG-10297,Streetlight Defect,25.4283,81.81592,Kareli Urban Zone,Moderate,Assigned,UPPCL_Streetlight_Cell,https://storage.roadguard.ai/prayagraj/defects/img_10297.jpg,2026-03-30T22:31:00,,1
REP-PRG-10298,Garbage Accumulation,25.415841,81.84717,Naini Old Bridge (Yamuna),Moderate,Reported,Prayagraj_Nagar_Nigam_Sanitation,https://storage.roadguard.ai/prayagraj/defects/img_10298.jpg,2026-03-04T00:59:01,,1
REP-PRG-10299,Pothole,25.381446,81.868018,Naini Industrial Area,Moderate,Reported,PWD_Road_Maintenance,https://storage.roadguard.ai/prayagraj/defects/img_10299.jpg,2026-03-16T21:59:11,,1
REP-PRG-10300,Pothole,25.456056,81.732623,GT Road / Bamrauli Corridor,High,AI Verified,PWD_Road_Maintenance,https://storage.roadguard.ai/prayagraj/defects/img_10300.jpg,2026-03-26T05:01:58,,1
REP-PRG-10301,Pothole,25.426957,81.830845,Kareli Urban Zone,Low,Resolved,PWD_Road_Maintenance,https://storage.roadguard.ai/prayagraj/defects/img_10301.jpg,2026-05-01T02:09:33,2026-05-07T02:09:33,0
REP-PRG-10302,Pothole,25.442807,81.863014,Rambagh Railway Station Area,Critical,Assigned,PWD_Road_Maintenance,https://storage.roadguard.ai/prayagraj/defects/img_10302.jpg,2026-03-03T15:49:59,,1
REP-PRG-10303,Pothole,25.42181,81.760043,Jhalwa / IIIT-A Corridor,Moderate,Assigned,PWD_Road_Maintenance,https://storage.roadguard.ai/prayagraj/defects/img_10303.jpg,2026-06-18T01:08:00,,1
REP-PRG-10304,Streetlight Defect,25.43077,81.870968,Georgetown,High,AI Verified,UPPCL_Streetlight_Cell,https://storage.roadguard.ai/prayagraj/defects/img_10304.jpg,2026-03-09T21:19:03,,1
REP-PRG-10305,Pothole,25.497235,81.862555,Teliyarganj / MNNIT Area,Moderate,Assigned,PWD_Road_Maintenance,https://storage.roadguard.ai/prayagraj/defects/img_10305.jpg,2026-02-19T21:11:56,,1
REP-PRG-10306,Pothole,25.44724,81.849996,Georgetown,Moderate,In Progress,PWD_Road_Maintenance,https://storage.roadguard.ai/prayagraj/defects/img_10306.jpg,2026-03-14T06:41:29,,1
REP-PRG-10307,Pothole,25.404566,81.866034,Naini Industrial Area,Low,AI Verified,PWD_Road_Maintenance,https://storage.roadguard.ai/prayagraj/defects/img_10307.jpg,2026-03-29T04:18:36,,1
REP-PRG-10308,Garbage Accumulation,25.428875,81.775806,Jhalwa / IIIT-A Corridor,Low,Assigned,Prayagraj_Nagar_Nigam_Sanitation,https://storage.roadguard.ai/prayagraj/defects/img_10308.jpg,2026-05-09T09:27:56,,1
REP-PRG-10309,Pothole,25.452848,81.839791,MG Marg Corridor,High,In Progress,PWD_Road_Maintenance,https://storage.roadguard.ai/prayagraj/defects/img_10309.jpg,2026-05-14T00:38:18,,1
REP-PRG-10310,Streetlight Defect,25.411676,81.858772,Naini Old Bridge (Yamuna),Moderate,AI Verified,UPPCL_Streetlight_Cell,https://storage.roadguard.ai/prayagraj/defects/img_10310.jpg,2026-06-06T19:35:50,,1
REP-PRG-10311,Pothole,25.454056,81.900763,Shastri Bridge (Ganga),High,In Progress,PWD_Road_Maintenance,https://storage.roadguard.ai/prayagraj/defects/img_10311.jpg,2026-06-01T20:14:49,,1
REP-PRG-10312,Garbage Accumulation,25.459745,81.82391,Prayagraj Junction (Civil Lines side),Moderate,Assigned,Prayagraj_Nagar_Nigam_Sanitation,https://storage.roadguard.ai/prayagraj/defects/img_10312.jpg,2026-03-19T01:17:25,,1
REP-PRG-10313,Pothole,25.444683,81.833894,Civil Lines,High,Resolved,PWD_Road_Maintenance,https://storage.roadguard.ai/prayagraj/defects/img_10313.jpg,2026-05-30T19:12:07,2026-06-13T19:12:07,0
REP-PRG-10314,Streetlight Defect,25.453046,81.843654,Civil Lines,Moderate,Assigned,UPPCL_Streetlight_Cell,https://storage.roadguard.ai/prayagraj/defects/img_10314.jpg,2026-05-30T05:01:51,,1
REP-PRG-10315,Garbage Accumulation,25.51146,81.877236,Phaphamau NH-19 Junction,Moderate,AI Verified,Prayagraj_Nagar_Nigam_Sanitation,https://storage.roadguard.ai/prayagraj/defects/img_10315.jpg,2026-06-12T06:33:50,,1
REP-PRG-10316,Pothole,25.490736,81.859585,Teliyarganj / MNNIT Area,High,Reported,PWD_Road_Maintenance,https://storage.roadguard.ai/prayagraj/defects/img_10316.jpg,2026-06-29T12:00:04,,1
REP-PRG-10317,Pothole,25.503903,81.844761,Curzon Bridge / Phaphamau,Moderate,AI Verified,PWD_Road_Maintenance,https://storage.roadguard.ai/prayagraj/defects/img_10317.jpg,2026-06-26T15:25:24,,1
REP-PRG-10318,Streetlight Defect,25.456585,81.740587,GT Road / Bamrauli Corridor,High,AI Verified,UPPCL_Streetlight_Cell,https://storage.roadguard.ai/prayagraj/defects/img_10318.jpg,2026-01-16T13:01:38,,1
REP-PRG-10319,Pothole,25.43668,81.817639,Prayagraj Junction (Civil Lines side),Moderate,Assigned,PWD_Road_Maintenance,https://storage.roadguard.ai/prayagraj/defects/img_10319.jpg,2026-05-15T21:43:11,,1
REP-PRG-10320,Drainage Issues,25.417314,81.833352,Kareli Urban Zone,Moderate,Assigned,Jal_Sansthan_Drainage_Div,https://storage.roadguard.ai/prayagraj/defects/img_10320.jpg,2026-05-20T20:53:57,,1
REP-PRG-10321,Streetlight Defect,25.457923,81.842975,Katra / Allahabad Univ,Low,AI Verified,UPPCL_Streetlight_Cell,https://storage.roadguard.ai/prayagraj/defects/img_10321.jpg,2026-05-23T18:52:04,,1
REP-PRG-10322,Drainage Issues,25.523034,81.862818,Phaphamau NH-19 Junction,Critical,In Progress,Jal_Sansthan_Drainage_Div,https://storage.roadguard.ai/prayagraj/defects/img_10322.jpg,2026-06-30T15:32:48,,1
REP-PRG-10323,Pothole,25.417925,81.847566,Rambagh Railway Station Area,Moderate,Resolved,PWD_Road_Maintenance,https://storage.roadguard.ai/prayagraj/defects/img_10323.jpg,2026-03-12T18:28:41,2026-03-15T18:28:41,0
REP-PRG-10324,Drainage Issues,25.490153,81.86857,Teliyarganj / MNNIT Area,Moderate,AI Verified,Jal_Sansthan_Drainage_Div,https://storage.roadguard.ai/prayagraj/defects/img_10324.jpg,2026-02-07T18:34:30,,1
REP-PRG-10325,Pothole,25.463792,81.847013,MG Marg Corridor,High,AI Verified,PWD_Road_Maintenance,https://storage.roadguard.ai/prayagraj/defects/img_10325.jpg,2026-04-25T07:52:59,,1
REP-PRG-10326,Garbage Accumulation,25.457849,81.846148,Katra / Allahabad Univ,Moderate,In Progress,Prayagraj_Nagar_Nigam_Sanitation,https://storage.roadguard.ai/prayagraj/defects/img_10326.jpg,2026-03-12T04:27:44,,1
REP-PRG-10327,Pothole,25.480587,81.855474,Katra / Allahabad Univ,High,Assigned,PWD_Road_Maintenance,https://storage.roadguard.ai/prayagraj/defects/img_10327.jpg,2026-03-04T09:50:53,,1
REP-PRG-10328,Pothole,25.447111,81.827807,Prayagraj Junction (Civil Lines side),Moderate,Reported,PWD_Road_Maintenance,https://storage.roadguard.ai/prayagraj/defects/img_10328.jpg,2026-03-27T01:11:58,,1
REP-PRG-10329,Garbage Accumulation,25.386585,81.863845,Naini Industrial Area,Low,Resolved,Prayagraj_Nagar_Nigam_Sanitation,https://storage.roadguard.ai/prayagraj/defects/img_10329.jpg,2026-02-10T22:48:54,2026-02-22T22:48:54,0
REP-PRG-10330,Streetlight Defect,25.434911,81.843625,Rambagh Railway Station Area,Low,Resolved,UPPCL_Streetlight_Cell,https://storage.roadguard.ai/prayagraj/defects/img_10330.jpg,2026-03-24T18:23:29,2026-04-05T18:23:29,0
REP-PRG-10331,Drainage Issues,25.448738,81.833653,MG Marg Corridor,Low,Assigned,Jal_Sansthan_Drainage_Div,https://storage.roadguard.ai/prayagraj/defects/img_10331.jpg,2026-05-17T09:21:28,,1
REP-PRG-10332,Pothole,25.433297,81.890851,Shastri Bridge (Ganga),High,Resolved,PWD_Road_Maintenance,https://storage.roadguard.ai/prayagraj/defects/img_10332.jpg,2026-01-10T22:27:14,2026-01-24T22:27:14,0
REP-PRG-10333,Pothole,25.43746,81.860032,Rambagh Railway Station Area,High,In Progress,PWD_Road_Maintenance,https://storage.roadguard.ai/prayagraj/defects/img_10333.jpg,2026-03-16T09:21:50,,1
REP-PRG-10334,Pothole,25.431392,81.843632,Civil Lines,High,Resolved,PWD_Road_Maintenance,https://storage.roadguard.ai/prayagraj/defects/img_10334.jpg,2026-03-27T18:21:38,2026-04-05T18:21:38,0
REP-PRG-10335,Streetlight Defect,25.456969,81.811413,Prayagraj Junction (Civil Lines side),Critical,In Progress,UPPCL_Streetlight_Cell,https://storage.roadguard.ai/prayagraj/defects/img_10335.jpg,2026-04-30T17:56:01,,1
REP-PRG-10336,Garbage Accumulation,25.509258,81.855028,Curzon Bridge / Phaphamau,Moderate,Assigned,Prayagraj_Nagar_Nigam_Sanitation,https://storage.roadguard.ai/prayagraj/defects/img_10336.jpg,2026-06-15T17:22:00,,1
REP-PRG-10337,Pothole,25.42774,81.883777,Shastri Bridge (Ganga),Moderate,AI Verified,PWD_Road_Maintenance,https://storage.roadguard.ai/prayagraj/defects/img_10337.jpg,2026-06-22T15:01:58,,1
REP-PRG-10338,Streetlight Defect,25.430115,81.904018,Shastri Bridge (Ganga),High,AI Verified,UPPCL_Streetlight_Cell,https://storage.roadguard.ai/prayagraj/defects/img_10338.jpg,2026-04-21T02:45:38,,1
REP-PRG-10339,Pothole,25.427485,81.830172,Kareli Urban Zone,High,AI Verified,PWD_Road_Maintenance,https://storage.roadguard.ai/prayagraj/defects/img_10339.jpg,2026-02-06T01:23:00,,1
REP-PRG-10340,Drainage Issues,25.425773,81.810968,Kareli Urban Zone,Low,AI Verified,Jal_Sansthan_Drainage_Div,https://storage.roadguard.ai/prayagraj/defects/img_10340.jpg,2026-04-25T17:43:15,,1
REP-PRG-10341,Pothole,25.415804,81.823915,Kareli Urban Zone,High,Reported,PWD_Road_Maintenance,https://storage.roadguard.ai/prayagraj/defects/img_10341.jpg,2026-06-17T21:05:27,,1
REP-PRG-10342,Pothole,25.515223,81.870704,Phaphamau NH-19 Junction,Low,AI Verified,PWD_Road_Maintenance,https://storage.roadguard.ai/prayagraj/defects/img_10342.jpg,2026-04-15T02:17:46,,1
REP-PRG-10343,Garbage Accumulation,25.443077,81.856001,Georgetown,High,Resolved,Prayagraj_Nagar_Nigam_Sanitation,https://storage.roadguard.ai/prayagraj/defects/img_10343.jpg,2026-04-06T06:22:40,2026-04-11T06:22:40,0
REP-PRG-10344,Drainage Issues,25.530688,81.868554,Phaphamau NH-19 Junction,Moderate,AI Verified,Jal_Sansthan_Drainage_Div,https://storage.roadguard.ai/prayagraj/defects/img_10344.jpg,2026-06-05T21:36:11,,1
REP-PRG-10345,Garbage Accumulation,25.447112,81.749275,GT Road / Bamrauli Corridor,Critical,In Progress,Prayagraj_Nagar_Nigam_Sanitation,https://storage.roadguard.ai/prayagraj/defects/img_10345.jpg,2026-06-20T15:57:07,,1
REP-PRG-10346,Garbage Accumulation,25.516351,81.869927,Phaphamau NH-19 Junction,Moderate,In Progress,Prayagraj_Nagar_Nigam_Sanitation,https://storage.roadguard.ai/prayagraj/defects/img_10346.jpg,2026-05-16T00:15:56,,1
REP-PRG-10347,Garbage Accumulation,25.451745,81.825524,Prayagraj Junction (Civil Lines side),Low,Assigned,Prayagraj_Nagar_Nigam_Sanitation,https://storage.roadguard.ai/prayagraj/defects/img_10347.jpg,2026-01-17T03:56:21,,1
REP-PRG-10348,Pothole,25.449609,81.817991,Prayagraj Junction (Civil Lines side),Moderate,AI Verified,PWD_Road_Maintenance,https://storage.roadguard.ai/prayagraj/defects/img_10348.jpg,2026-05-15T00:05:12,,1
REP-PRG-10349,Garbage Accumulation,25.392392,81.863521,Naini Industrial Area,High,AI Verified,Prayagraj_Nagar_Nigam_Sanitation,https://storage.roadguard.ai/prayagraj/defects/img_10349.jpg,2026-05-12T00:13:10,,1
REP-PRG-10350,Streetlight Defect,25.444818,81.846392,MG Marg Corridor,Moderate,AI Verified,UPPCL_Streetlight_Cell,https://storage.roadguard.ai/prayagraj/defects/img_10350.jpg,2026-01-16T04:20:42,,1
REP-PRG-10351,Garbage Accumulation,25.504365,81.918732,NH-19 Bypass (Varanasi-Kanpur),Moderate,Reported,Prayagraj_Nagar_Nigam_Sanitation,https://storage.roadguard.ai/prayagraj/defects/img_10351.jpg,2026-03-07T08:06:35,,1
REP-PRG-10352,Streetlight Defect,25.499547,81.862848,Curzon Bridge / Phaphamau,Low,AI Verified,UPPCL_Streetlight_Cell,https://storage.roadguard.ai/prayagraj/defects/img_10352.jpg,2026-01-18T03:42:11,,1
REP-PRG-10353,Drainage Issues,25.438757,81.852038,MG Marg Corridor,Low,Resolved,Jal_Sansthan_Drainage_Div,https://storage.roadguard.ai/prayagraj/defects/img_10353.jpg,2026-01-09T18:27:09,2026-01-17T18:27:09,0
REP-PRG-10354,Garbage Accumulation,25.422345,81.903572,Shastri Bridge (Ganga),High,Resolved,Prayagraj_Nagar_Nigam_Sanitation,https://storage.roadguard.ai/prayagraj/defects/img_10354.jpg,2026-06-15T23:18:17,2026-06-22T23:18:17,0
REP-PRG-10355,Streetlight Defect,25.493688,81.862226,Teliyarganj / MNNIT Area,Critical,AI Verified,UPPCL_Streetlight_Cell,https://storage.roadguard.ai/prayagraj/defects/img_10355.jpg,2026-01-22T03:38:07,,1
REP-PRG-10356,Garbage Accumulation,25.413641,81.858193,Naini Old Bridge (Yamuna),Moderate,AI Verified,Prayagraj_Nagar_Nigam_Sanitation,https://storage.roadguard.ai/prayagraj/defects/img_10356.jpg,2026-05-18T22:18:38,,1
REP-PRG-10357,Pothole,25.446699,81.836826,Prayagraj Junction (Civil Lines side),Critical,In Progress,PWD_Road_Maintenance,https://storage.roadguard.ai/prayagraj/defects/img_10357.jpg,2026-01-06T18:51:47,,1
REP-PRG-10358,Garbage Accumulation,25.510914,81.931202,NH-19 Bypass (Varanasi-Kanpur),Moderate,Assigned,Prayagraj_Nagar_Nigam_Sanitation,https://storage.roadguard.ai/prayagraj/defects/img_10358.jpg,2026-02-28T17:00:41,,1
REP-PRG-10359,Pothole,25.507091,81.929544,NH-19 Bypass (Varanasi-Kanpur),Moderate,Resolved,PWD_Road_Maintenance,https://storage.roadguard.ai/prayagraj/defects/img_10359.jpg,2026-01-29T09:10:22,2026-02-12T09:10:22,0
REP-PRG-10360,Streetlight Defect,25.452462,81.726319,GT Road / Bamrauli Corridor,Critical,In Progress,UPPCL_Streetlight_Cell,https://storage.roadguard.ai/prayagraj/defects/img_10360.jpg,2026-03-03T15:30:11,,1
REP-PRG-10361,Pothole,25.419215,81.885946,Sangam / Daraganj,Low,Assigned,PWD_Road_Maintenance,https://storage.roadguard.ai/prayagraj/defects/img_10361.jpg,2026-06-30T09:46:20,,1
REP-PRG-10362,Garbage Accumulation,25.526367,81.863528,Phaphamau NH-19 Junction,Moderate,AI Verified,Prayagraj_Nagar_Nigam_Sanitation,https://storage.roadguard.ai/prayagraj/defects/img_10362.jpg,2026-02-25T10:03:18,,1
REP-PRG-10363,Streetlight Defect,25.418147,81.857781,Naini Old Bridge (Yamuna),Moderate,In Progress,UPPCL_Streetlight_Cell,https://storage.roadguard.ai/prayagraj/defects/img_10363.jpg,2026-05-28T19:36:39,,1
REP-PRG-10364,Pothole,25.415682,81.813774,Kareli Urban Zone,High,Resolved,PWD_Road_Maintenance,https://storage.roadguard.ai/prayagraj/defects/img_10364.jpg,2026-05-14T16:02:52,2026-05-22T16:02:52,0
REP-PRG-10365,Pothole,25.446567,81.851173,Georgetown,Moderate,Assigned,PWD_Road_Maintenance,https://storage.roadguard.ai/prayagraj/defects/img_10365.jpg,2026-02-15T06:47:30,,1
REP-PRG-10366,Streetlight Defect,25.453266,81.726379,GT Road / Bamrauli Corridor,Low,AI Verified,UPPCL_Streetlight_Cell,https://storage.roadguard.ai/prayagraj/defects/img_10366.jpg,2026-06-14T21:52:38,,1
REP-PRG-10367,Pothole,25.455233,81.831781,Prayagraj Junction (Civil Lines side),Moderate,Reported,PWD_Road_Maintenance,https://storage.roadguard.ai/prayagraj/defects/img_10367.jpg,2026-04-07T14:41:41,,1
REP-PRG-10368,Pothole,25.441548,81.855862,Rambagh Railway Station Area,Moderate,In Progress,PWD_Road_Maintenance,https://storage.roadguard.ai/prayagraj/defects/img_10368.jpg,2026-02-07T00:51:29,,1
REP-PRG-10369,Streetlight Defect,25.462324,81.846115,MG Marg Corridor,Critical,Assigned,UPPCL_Streetlight_Cell,https://storage.roadguard.ai/prayagraj/defects/img_10369.jpg,2026-02-04T22:08:30,,1
REP-PRG-10370,Pothole,25.510273,81.854763,Phaphamau NH-19 Junction,Moderate,Reported,PWD_Road_Maintenance,https://storage.roadguard.ai/prayagraj/defects/img_10370.jpg,2026-04-26T21:30:37,,1
REP-PRG-10371,Streetlight Defect,25.425001,81.880209,Sangam / Daraganj,High,Reported,UPPCL_Streetlight_Cell,https://storage.roadguard.ai/prayagraj/defects/img_10371.jpg,2026-04-08T06:01:34,,1
REP-PRG-10372,Drainage Issues,25.453141,81.832194,MG Marg Corridor,Low,In Progress,Jal_Sansthan_Drainage_Div,https://storage.roadguard.ai/prayagraj/defects/img_10372.jpg,2026-06-22T04:20:49,,1
REP-PRG-10373,Streetlight Defect,25.513494,81.851957,Curzon Bridge / Phaphamau,High,AI Verified,UPPCL_Streetlight_Cell,https://storage.roadguard.ai/prayagraj/defects/img_10373.jpg,2026-01-04T15:42:42,,1
REP-PRG-10374,Drainage Issues,25.507108,81.846747,Curzon Bridge / Phaphamau,Low,Resolved,Jal_Sansthan_Drainage_Div,https://storage.roadguard.ai/prayagraj/defects/img_10374.jpg,2026-05-03T16:49:57,2026-05-16T16:49:57,0
REP-PRG-10375,Pothole,25.504614,81.847187,Curzon Bridge / Phaphamau,Moderate,AI Verified,PWD_Road_Maintenance,https://storage.roadguard.ai/prayagraj/defects/img_10375.jpg,2026-03-14T21:51:34,,1
REP-PRG-10376,Streetlight Defect,25.502193,81.938429,NH-19 Bypass (Varanasi-Kanpur),Moderate,AI Verified,UPPCL_Streetlight_Cell,https://storage.roadguard.ai/prayagraj/defects/img_10376.jpg,2026-05-13T02:06:19,,1
REP-PRG-10377,Pothole,25.502405,81.951059,NH-19 Bypass (Varanasi-Kanpur),Critical,AI Verified,PWD_Road_Maintenance,https://storage.roadguard.ai/prayagraj/defects/img_10377.jpg,2026-03-23T15:23:44,,1
REP-PRG-10378,Pothole,25.431947,81.771479,Jhalwa / IIIT-A Corridor,Low,In Progress,PWD_Road_Maintenance,https://storage.roadguard.ai/prayagraj/defects/img_10378.jpg,2026-02-07T08:35:25,,1
REP-PRG-10379,Streetlight Defect,25.453133,81.860602,Katra / Allahabad Univ,Moderate,Assigned,UPPCL_Streetlight_Cell,https://storage.roadguard.ai/prayagraj/defects/img_10379.jpg,2026-03-17T13:32:56,,1
REP-PRG-10380,Pothole,25.507395,81.858976,Curzon Bridge / Phaphamau,Moderate,In Progress,PWD_Road_Maintenance,https://storage.roadguard.ai/prayagraj/defects/img_10380.jpg,2026-05-09T04:02:53,,1
REP-PRG-10381,Pothole,25.440481,81.819232,Kareli Urban Zone,High,Resolved,PWD_Road_Maintenance,https://storage.roadguard.ai/prayagraj/defects/img_10381.jpg,2026-06-15T01:51:43,2026-06-24T01:51:43,0
REP-PRG-10382,Garbage Accumulation,25.448194,81.884375,Shastri Bridge (Ganga),Moderate,Reported,Prayagraj_Nagar_Nigam_Sanitation,https://storage.roadguard.ai/prayagraj/defects/img_10382.jpg,2026-05-21T01:46:44,,1
REP-PRG-10383,Drainage Issues,25.43872,81.904166,Shastri Bridge (Ganga),Moderate,Assigned,Jal_Sansthan_Drainage_Div,https://storage.roadguard.ai/prayagraj/defects/img_10383.jpg,2026-01-17T03:04:34,,1
REP-PRG-10384,Drainage Issues,25.443984,81.8525,MG Marg Corridor,Low,In Progress,Jal_Sansthan_Drainage_Div,https://storage.roadguard.ai/prayagraj/defects/img_10384.jpg,2026-01-13T08:13:56,,1
REP-PRG-10385,Pothole,25.455662,81.7355,GT Road / Bamrauli Corridor,High,Reported,PWD_Road_Maintenance,https://storage.roadguard.ai/prayagraj/defects/img_10385.jpg,2026-02-08T08:19:58,,1
REP-PRG-10386,Streetlight Defect,25.517059,81.86578,Curzon Bridge / Phaphamau,Moderate,Assigned,UPPCL_Streetlight_Cell,https://storage.roadguard.ai/prayagraj/defects/img_10386.jpg,2026-06-21T06:26:48,,1
REP-PRG-10387,Garbage Accumulation,25.444474,81.835438,Rambagh Railway Station Area,Low,Assigned,Prayagraj_Nagar_Nigam_Sanitation,https://storage.roadguard.ai/prayagraj/defects/img_10387.jpg,2026-04-16T08:25:53,,1
REP-PRG-10388,Streetlight Defect,25.446783,81.83292,Civil Lines,Moderate,Resolved,UPPCL_Streetlight_Cell,https://storage.roadguard.ai/prayagraj/defects/img_10388.jpg,2026-01-06T02:17:06,2026-01-19T02:17:06,0
REP-PRG-10389,Garbage Accumulation,25.449405,81.744965,GT Road / Bamrauli Corridor,Critical,Reported,Prayagraj_Nagar_Nigam_Sanitation,https://storage.roadguard.ai/prayagraj/defects/img_10389.jpg,2026-01-26T03:05:32,,1
REP-PRG-10390,Pothole,25.419422,81.844317,Naini Old Bridge (Yamuna),High,AI Verified,PWD_Road_Maintenance,https://storage.roadguard.ai/prayagraj/defects/img_10390.jpg,2026-04-01T17:43:58,,1
REP-PRG-10391,Pothole,25.495042,81.867885,Teliyarganj / MNNIT Area,Critical,AI Verified,PWD_Road_Maintenance,https://storage.roadguard.ai/prayagraj/defects/img_10391.jpg,2026-03-04T16:13:23,,1
REP-PRG-10392,Garbage Accumulation,25.449478,81.867646,Georgetown,High,Assigned,Prayagraj_Nagar_Nigam_Sanitation,https://storage.roadguard.ai/prayagraj/defects/img_10392.jpg,2026-06-16T09:09:12,,1
REP-PRG-10393,Pothole,25.436671,81.883673,Sangam / Daraganj,Moderate,AI Verified,PWD_Road_Maintenance,https://storage.roadguard.ai/prayagraj/defects/img_10393.jpg,2026-06-13T08:20:38,,1
REP-PRG-10394,Pothole,25.438439,81.876712,Shastri Bridge (Ganga),High,Assigned,PWD_Road_Maintenance,https://storage.roadguard.ai/prayagraj/defects/img_10394.jpg,2026-03-27T04:36:07,,1
REP-PRG-10395,Drainage Issues,25.388437,81.866662,Naini Industrial Area,Critical,AI Verified,Jal_Sansthan_Drainage_Div,https://storage.roadguard.ai/prayagraj/defects/img_10395.jpg,2026-06-28T04:38:09,,1
REP-PRG-10396,Pothole,25.441673,81.837786,Rambagh Railway Station Area,Critical,Assigned,PWD_Road_Maintenance,https://storage.roadguard.ai/prayagraj/defects/img_10396.jpg,2026-03-14T03:46:16,,1
REP-PRG-10397,Pothole,25.440352,81.846425,MG Marg Corridor,High,Reported,PWD_Road_Maintenance,https://storage.roadguard.ai/prayagraj/defects/img_10397.jpg,2026-02-24T05:22:23,,1
REP-PRG-10398,Garbage Accumulation,25.417684,81.860452,Naini Old Bridge (Yamuna),High,AI Verified,Prayagraj_Nagar_Nigam_Sanitation,https://storage.roadguard.ai/prayagraj/defects/img_10398.jpg,2026-01-20T18:53:46,,1
REP-PRG-10399,Streetlight Defect,25.439227,81.890238,Shastri Bridge (Ganga),Moderate,In Progress,UPPCL_Streetlight_Cell,https://storage.roadguard.ai/prayagraj/defects/img_10399.jpg,2026-06-24T03:40:52,,1
REP-PRG-10400,Pothole,25.427506,81.815872,Kareli Urban Zone,High,In Progress,PWD_Road_Maintenance,https://storage.roadguard.ai/prayagraj/defects/img_10400.jpg,2026-06-26T10:51:19,,1
REP-PRG-10401,Garbage Accumulation,25.447769,81.824302,Prayagraj Junction (Civil Lines side),Moderate,Reported,Prayagraj_Nagar_Nigam_Sanitation,https://storage.roadguard.ai/prayagraj/defects/img_10401.jpg,2026-03-01T10:46:03,,1
REP-PRG-10402,Streetlight Defect,25.416524,81.817527,Kareli Urban Zone,High,Assigned,UPPCL_Streetlight_Cell,https://storage.roadguard.ai/prayagraj/defects/img_10402.jpg,2026-03-25T09:04:43,,1
REP-PRG-10403,Garbage Accumulation,25.461777,81.85117,Katra / Allahabad Univ,Moderate,AI Verified,Prayagraj_Nagar_Nigam_Sanitation,https://storage.roadguard.ai/prayagraj/defects/img_10403.jpg,2026-05-22T21:40:07,,1
REP-PRG-10404,Pothole,25.460046,81.732843,GT Road / Bamrauli Corridor,Moderate,AI Verified,PWD_Road_Maintenance,https://storage.roadguard.ai/prayagraj/defects/img_10404.jpg,2026-06-08T18:45:15,,1
REP-PRG-10405,Garbage Accumulation,25.523505,81.861482,Phaphamau NH-19 Junction,Low,AI Verified,Prayagraj_Nagar_Nigam_Sanitation,https://storage.roadguard.ai/prayagraj/defects/img_10405.jpg,2026-06-12T13:37:01,,1
REP-PRG-10406,Pothole,25.503576,81.864572,Teliyarganj / MNNIT Area,Low,Reported,PWD_Road_Maintenance,https://storage.roadguard.ai/prayagraj/defects/img_10406.jpg,2026-03-21T00:11:32,,1
REP-PRG-10407,Garbage Accumulation,25.436255,81.758116,Jhalwa / IIIT-A Corridor,Low,Reported,Prayagraj_Nagar_Nigam_Sanitation,https://storage.roadguard.ai/prayagraj/defects/img_10407.jpg,2026-04-22T00:20:30,,1
REP-PRG-10408,Pothole,25.449136,81.835117,Prayagraj Junction (Civil Lines side),Low,AI Verified,PWD_Road_Maintenance,https://storage.roadguard.ai/prayagraj/defects/img_10408.jpg,2026-01-25T05:44:00,,1
REP-PRG-10409,Drainage Issues,25.420658,81.828524,Kareli Urban Zone,Low,AI Verified,Jal_Sansthan_Drainage_Div,https://storage.roadguard.ai/prayagraj/defects/img_10409.jpg,2026-01-23T04:22:19,,1
REP-PRG-10410,Streetlight Defect,25.520862,81.876275,Phaphamau NH-19 Junction,Low,AI Verified,UPPCL_Streetlight_Cell,https://storage.roadguard.ai/prayagraj/defects/img_10410.jpg,2026-02-05T17:47:27,,1
REP-PRG-10411,Pothole,25.463391,81.856097,Georgetown,Low,AI Verified,PWD_Road_Maintenance,https://storage.roadguard.ai/prayagraj/defects/img_10411.jpg,2026-03-12T23:19:54,,1
REP-PRG-10412,Streetlight Defect,25.441436,81.870627,Georgetown,Low,AI Verified,UPPCL_Streetlight_Cell,https://storage.roadguard.ai/prayagraj/defects/img_10412.jpg,2026-03-06T06:45:24,,1
REP-PRG-10413,Streetlight Defect,25.452137,81.843817,Rambagh Railway Station Area,Low,Reported,UPPCL_Streetlight_Cell,https://storage.roadguard.ai/prayagraj/defects/img_10413.jpg,2026-03-19T08:14:47,,1
REP-PRG-10414,Pothole,25.488639,81.860746,Teliyarganj / MNNIT Area,High,In Progress,PWD_Road_Maintenance,https://storage.roadguard.ai/prayagraj/defects/img_10414.jpg,2026-03-27T00:01:40,,1
REP-PRG-10415,Streetlight Defect,25.409244,81.812651,Kareli Urban Zone,High,Assigned,UPPCL_Streetlight_Cell,https://storage.roadguard.ai/prayagraj/defects/img_10415.jpg,2026-06-02T12:57:22,,1
REP-PRG-10416,Pothole,25.436967,81.852858,Georgetown,Critical,AI Verified,PWD_Road_Maintenance,https://storage.roadguard.ai/prayagraj/defects/img_10416.jpg,2026-03-22T14:28:03,,1
REP-PRG-10417,Drainage Issues,25.491723,81.864874,Teliyarganj / MNNIT Area,Moderate,Assigned,Jal_Sansthan_Drainage_Div,https://storage.roadguard.ai/prayagraj/defects/img_10417.jpg,2026-05-07T04:58:01,,1
REP-PRG-10418,Pothole,25.537404,81.857013,Phaphamau NH-19 Junction,Moderate,In Progress,PWD_Road_Maintenance,https://storage.roadguard.ai/prayagraj/defects/img_10418.jpg,2026-04-04T12:08:47,,1
REP-PRG-10419,Streetlight Defect,25.519875,81.856288,Curzon Bridge / Phaphamau,Moderate,Assigned,UPPCL_Streetlight_Cell,https://storage.roadguard.ai/prayagraj/defects/img_10419.jpg,2026-05-21T08:58:47,,1
REP-PRG-10420,Drainage Issues,25.509604,81.935399,NH-19 Bypass (Varanasi-Kanpur),Moderate,In Progress,Jal_Sansthan_Drainage_Div,https://storage.roadguard.ai/prayagraj/defects/img_10420.jpg,2026-06-27T10:31:04,,1
REP-PRG-10421,Garbage Accumulation,25.441018,81.743059,GT Road / Bamrauli Corridor,Low,AI Verified,Prayagraj_Nagar_Nigam_Sanitation,https://storage.roadguard.ai/prayagraj/defects/img_10421.jpg,2026-03-07T07:58:52,,1
REP-PRG-10422,Garbage Accumulation,25.419332,81.85894,Naini Old Bridge (Yamuna),High,Reported,Prayagraj_Nagar_Nigam_Sanitation,https://storage.roadguard.ai/prayagraj/defects/img_10422.jpg,2026-06-04T01:26:54,,1
REP-PRG-10423,Streetlight Defect,25.494313,81.882642,Teliyarganj / MNNIT Area,Critical,In Progress,UPPCL_Streetlight_Cell,https://storage.roadguard.ai/prayagraj/defects/img_10423.jpg,2026-04-19T03:47:36,,1
REP-PRG-10424,Garbage Accumulation,25.443898,81.833752,MG Marg Corridor,Moderate,In Progress,Prayagraj_Nagar_Nigam_Sanitation,https://storage.roadguard.ai/prayagraj/defects/img_10424.jpg,2026-05-19T05:37:13,,1
REP-PRG-10425,Pothole,25.425015,81.875556,Sangam / Daraganj,Moderate,Assigned,PWD_Road_Maintenance,https://storage.roadguard.ai/prayagraj/defects/img_10425.jpg,2026-02-13T07:33:23,,1
REP-PRG-10426,Streetlight Defect,25.443901,81.847512,MG Marg Corridor,High,Assigned,UPPCL_Streetlight_Cell,https://storage.roadguard.ai/prayagraj/defects/img_10426.jpg,2026-03-26T23:40:20,,1
REP-PRG-10427,Pothole,25.396364,81.860434,Naini Industrial Area,Moderate,Assigned,PWD_Road_Maintenance,https://storage.roadguard.ai/prayagraj/defects/img_10427.jpg,2026-05-14T04:18:57,,1
REP-PRG-10428,Streetlight Defect,25.518341,81.868771,Phaphamau NH-19 Junction,Moderate,In Progress,UPPCL_Streetlight_Cell,https://storage.roadguard.ai/prayagraj/defects/img_10428.jpg,2026-06-01T02:13:17,,1
REP-PRG-10429,Pothole,25.413582,81.860063,Naini Old Bridge (Yamuna),Low,Reported,PWD_Road_Maintenance,https://storage.roadguard.ai/prayagraj/defects/img_10429.jpg,2026-04-17T11:07:33,,1
REP-PRG-10430,Drainage Issues,25.386623,81.852874,Naini Industrial Area,High,AI Verified,Jal_Sansthan_Drainage_Div,https://storage.roadguard.ai/prayagraj/defects/img_10430.jpg,2026-03-30T00:34:41,,1
REP-PRG-10431,Streetlight Defect,25.52438,81.872367,Curzon Bridge / Phaphamau,Moderate,Reported,UPPCL_Streetlight_Cell,https://storage.roadguard.ai/prayagraj/defects/img_10431.jpg,2026-06-29T00:28:23,,1
REP-PRG-10432,Pothole,25.415098,81.816898,Kareli Urban Zone,Low,Assigned,PWD_Road_Maintenance,https://storage.roadguard.ai/prayagraj/defects/img_10432.jpg,2026-01-06T20:29:27,,1
REP-PRG-10433,Garbage Accumulation,25.387287,81.867676,Naini Industrial Area,Low,Resolved,Prayagraj_Nagar_Nigam_Sanitation,https://storage.roadguard.ai/prayagraj/defects/img_10433.jpg,2026-03-05T02:47:12,2026-03-09T02:47:12,0
REP-PRG-10434,Pothole,25.444268,81.906082,Shastri Bridge (Ganga),Moderate,AI Verified,PWD_Road_Maintenance,https://storage.roadguard.ai/prayagraj/defects/img_10434.jpg,2026-04-15T06:55:43,,1
REP-PRG-10435,Pothole,25.437584,81.883614,Shastri Bridge (Ganga),High,AI Verified,PWD_Road_Maintenance,https://storage.roadguard.ai/prayagraj/defects/img_10435.jpg,2026-06-07T15:11:03,,1
REP-PRG-10436,Streetlight Defect,25.498965,81.924153,NH-19 Bypass (Varanasi-Kanpur),Moderate,Assigned,UPPCL_Streetlight_Cell,https://storage.roadguard.ai/prayagraj/defects/img_10436.jpg,2026-02-22T18:08:03,,1
REP-PRG-10437,Streetlight Defect,25.429735,81.894356,Sangam / Daraganj,High,Assigned,UPPCL_Streetlight_Cell,https://storage.roadguard.ai/prayagraj/defects/img_10437.jpg,2026-04-04T19:52:07,,1
REP-PRG-10438,Streetlight Defect,25.507859,81.85979,Curzon Bridge / Phaphamau,Moderate,In Progress,UPPCL_Streetlight_Cell,https://storage.roadguard.ai/prayagraj/defects/img_10438.jpg,2026-05-17T07:16:09,,1
REP-PRG-10439,Streetlight Defect,25.419869,81.829507,Kareli Urban Zone,High,Assigned,UPPCL_Streetlight_Cell,https://storage.roadguard.ai/prayagraj/defects/img_10439.jpg,2026-03-31T20:48:55,,1
REP-PRG-10440,Streetlight Defect,25.530215,81.925753,NH-19 Bypass (Varanasi-Kanpur),High,Assigned,UPPCL_Streetlight_Cell,https://storage.roadguard.ai/prayagraj/defects/img_10440.jpg,2026-03-19T06:22:21,,1
REP-PRG-10441,Garbage Accumulation,25.426084,81.888353,Sangam / Daraganj,Moderate,AI Verified,Prayagraj_Nagar_Nigam_Sanitation,https://storage.roadguard.ai/prayagraj/defects/img_10441.jpg,2026-01-30T14:39:52,,1
REP-PRG-10442,Garbage Accumulation,25.433455,81.784774,Jhalwa / IIIT-A Corridor,Moderate,AI Verified,Prayagraj_Nagar_Nigam_Sanitation,https://storage.roadguard.ai/prayagraj/defects/img_10442.jpg,2026-02-06T04:55:40,,1
REP-PRG-10443,Streetlight Defect,25.496671,81.860126,Teliyarganj / MNNIT Area,Moderate,Assigned,UPPCL_Streetlight_Cell,https://storage.roadguard.ai/prayagraj/defects/img_10443.jpg,2026-06-15T14:18:26,,1
REP-PRG-10444,Streetlight Defect,25.443725,81.89887,Shastri Bridge (Ganga),Low,AI Verified,UPPCL_Streetlight_Cell,https://storage.roadguard.ai/prayagraj/defects/img_10444.jpg,2026-04-27T06:33:07,,1
REP-PRG-10445,Drainage Issues,25.455564,81.842058,MG Marg Corridor,Critical,AI Verified,Jal_Sansthan_Drainage_Div,https://storage.roadguard.ai/prayagraj/defects/img_10445.jpg,2026-02-19T21:58:44,,1
REP-PRG-10446,Garbage Accumulation,25.455533,81.837354,Prayagraj Junction (Civil Lines side),Moderate,AI Verified,Prayagraj_Nagar_Nigam_Sanitation,https://storage.roadguard.ai/prayagraj/defects/img_10446.jpg,2026-04-25T01:47:34,,1
REP-PRG-10447,Pothole,25.450057,81.89519,Shastri Bridge (Ganga),Low,In Progress,PWD_Road_Maintenance,https://storage.roadguard.ai/prayagraj/defects/img_10447.jpg,2026-03-16T09:11:25,,1
REP-PRG-10448,Pothole,25.458663,81.856174,Katra / Allahabad Univ,Moderate,In Progress,PWD_Road_Maintenance,https://storage.roadguard.ai/prayagraj/defects/img_10448.jpg,2026-05-26T02:02:01,,1
REP-PRG-10449,Pothole,25.456652,81.821465,Prayagraj Junction (Civil Lines side),Low,In Progress,PWD_Road_Maintenance,https://storage.roadguard.ai/prayagraj/defects/img_10449.jpg,2026-04-05T03:44:06,,1
REP-PRG-10450,Garbage Accumulation,25.451949,81.834853,MG Marg Corridor,Moderate,AI Verified,Prayagraj_Nagar_Nigam_Sanitation,https://storage.roadguard.ai/prayagraj/defects/img_10450.jpg,2026-04-19T11:43:43,,1
REP-PRG-10451,Pothole,25.52523,81.875228,Phaphamau NH-19 Junction,Critical,AI Verified,PWD_Road_Maintenance,https://storage.roadguard.ai/prayagraj/defects/img_10451.jpg,2026-03-31T11:10:01,,1
REP-PRG-10452,Drainage Issues,25.511529,81.930371,NH-19 Bypass (Varanasi-Kanpur),Low,In Progress,Jal_Sansthan_Drainage_Div,https://storage.roadguard.ai/prayagraj/defects/img_10452.jpg,2026-02-24T05:24:20,,1
REP-PRG-10453,Drainage Issues,25.417121,81.77597,Jhalwa / IIIT-A Corridor,High,AI Verified,Jal_Sansthan_Drainage_Div,https://storage.roadguard.ai/prayagraj/defects/img_10453.jpg,2026-06-07T13:04:09,,1
REP-PRG-10454,Garbage Accumulation,25.517164,81.875306,Curzon Bridge / Phaphamau,High,Assigned,Prayagraj_Nagar_Nigam_Sanitation,https://storage.roadguard.ai/prayagraj/defects/img_10454.jpg,2026-05-17T18:14:02,,1
REP-PRG-10455,Pothole,25.436538,81.891753,Shastri Bridge (Ganga),High,AI Verified,PWD_Road_Maintenance,https://storage.roadguard.ai/prayagraj/defects/img_10455.jpg,2026-03-11T02:43:45,,1
REP-PRG-10456,Pothole,25.386995,81.87762,Naini Industrial Area,High,AI Verified,PWD_Road_Maintenance,https://storage.roadguard.ai/prayagraj/defects/img_10456.jpg,2026-01-16T18:05:49,,1
REP-PRG-10457,Garbage Accumulation,25.417238,81.857232,Naini Old Bridge (Yamuna),Low,Reported,Prayagraj_Nagar_Nigam_Sanitation,https://storage.roadguard.ai/prayagraj/defects/img_10457.jpg,2026-03-24T17:00:47,,1
REP-PRG-10458,Streetlight Defect,25.496863,81.864493,Teliyarganj / MNNIT Area,Moderate,AI Verified,UPPCL_Streetlight_Cell,https://storage.roadguard.ai/prayagraj/defects/img_10458.jpg,2026-04-17T21:39:34,,1
REP-PRG-10459,Pothole,25.506429,81.931553,NH-19 Bypass (Varanasi-Kanpur),High,In Progress,PWD_Road_Maintenance,https://storage.roadguard.ai/prayagraj/defects/img_10459.jpg,2026-04-15T02:46:22,,1
REP-PRG-10460,Garbage Accumulation,25.468589,81.846788,Katra / Allahabad Univ,High,AI Verified,Prayagraj_Nagar_Nigam_Sanitation,https://storage.roadguard.ai/prayagraj/defects/img_10460.jpg,2026-05-05T19:54:58,,1
REP-PRG-10461,Drainage Issues,25.453664,81.829299,Civil Lines,High,Reported,Jal_Sansthan_Drainage_Div,https://storage.roadguard.ai/prayagraj/defects/img_10461.jpg,2026-04-29T07:06:49,,1
REP-PRG-10462,Drainage Issues,25.43756,81.757815,Jhalwa / IIIT-A Corridor,High,AI Verified,Jal_Sansthan_Drainage_Div,https://storage.roadguard.ai/prayagraj/defects/img_10462.jpg,2026-04-20T15:42:47,,1
REP-PRG-10463,Pothole,25.435029,81.851018,Rambagh Railway Station Area,High,AI Verified,PWD_Road_Maintenance,https://storage.roadguard.ai/prayagraj/defects/img_10463.jpg,2026-05-28T12:45:17,,1
REP-PRG-10464,Garbage Accumulation,25.452024,81.847474,Rambagh Railway Station Area,Critical,In Progress,Prayagraj_Nagar_Nigam_Sanitation,https://storage.roadguard.ai/prayagraj/defects/img_10464.jpg,2026-01-12T11:37:31,,1
REP-PRG-10465,Pothole,25.505558,81.945049,NH-19 Bypass (Varanasi-Kanpur),Critical,AI Verified,PWD_Road_Maintenance,https://storage.roadguard.ai/prayagraj/defects/img_10465.jpg,2026-04-27T08:01:28,,1
REP-PRG-10466,Pothole,25.438416,81.72241,GT Road / Bamrauli Corridor,High,Reported,PWD_Road_Maintenance,https://storage.roadguard.ai/prayagraj/defects/img_10466.jpg,2026-06-16T18:59:26,,1
REP-PRG-10467,Drainage Issues,25.44252,81.885984,Shastri Bridge (Ganga),High,Reported,Jal_Sansthan_Drainage_Div,https://storage.roadguard.ai/prayagraj/defects/img_10467.jpg,2026-04-03T17:06:59,,1
REP-PRG-10468,Pothole,25.42183,81.885667,Sangam / Daraganj,Critical,AI Verified,PWD_Road_Maintenance,https://storage.roadguard.ai/prayagraj/defects/img_10468.jpg,2026-04-13T06:46:39,,1
REP-PRG-10469,Garbage Accumulation,25.44695,81.854487,Georgetown,High,AI Verified,Prayagraj_Nagar_Nigam_Sanitation,https://storage.roadguard.ai/prayagraj/defects/img_10469.jpg,2026-01-24T11:27:55,,1
REP-PRG-10470,Pothole,25.442358,81.84188,Civil Lines,Low,Assigned,PWD_Road_Maintenance,https://storage.roadguard.ai/prayagraj/defects/img_10470.jpg,2026-05-14T00:12:15,,1
REP-PRG-10471,Pothole,25.457802,81.834107,Civil Lines,Moderate,Reported,PWD_Road_Maintenance,https://storage.roadguard.ai/prayagraj/defects/img_10471.jpg,2026-04-19T12:48:44,,1
REP-PRG-10472,Pothole,25.454273,81.839439,Rambagh Railway Station Area,Moderate,Assigned,PWD_Road_Maintenance,https://storage.roadguard.ai/prayagraj/defects/img_10472.jpg,2026-01-27T11:45:26,,1
REP-PRG-10473,Pothole,25.407796,81.814465,Kareli Urban Zone,Moderate,AI Verified,PWD_Road_Maintenance,https://storage.roadguard.ai/prayagraj/defects/img_10473.jpg,2026-02-05T07:21:32,,1
REP-PRG-10474,Pothole,25.417635,81.856947,Naini Old Bridge (Yamuna),Moderate,Assigned,PWD_Road_Maintenance,https://storage.roadguard.ai/prayagraj/defects/img_10474.jpg,2026-02-13T00:01:24,,1
REP-PRG-10475,Garbage Accumulation,25.42607,81.772816,Jhalwa / IIIT-A Corridor,High,AI Verified,Prayagraj_Nagar_Nigam_Sanitation,https://storage.roadguard.ai/prayagraj/defects/img_10475.jpg,2026-04-17T06:25:50,,1
REP-PRG-10476,Drainage Issues,25.499988,81.94155,NH-19 Bypass (Varanasi-Kanpur),Low,Reported,Jal_Sansthan_Drainage_Div,https://storage.roadguard.ai/prayagraj/defects/img_10476.jpg,2026-02-02T05:27:56,,1
REP-PRG-10477,Pothole,25.491343,81.871938,Teliyarganj / MNNIT Area,Moderate,In Progress,PWD_Road_Maintenance,https://storage.roadguard.ai/prayagraj/defects/img_10477.jpg,2026-03-05T18:05:02,,1
REP-PRG-10478,Pothole,25.432742,81.883654,Sangam / Daraganj,High,Assigned,PWD_Road_Maintenance,https://storage.roadguard.ai/prayagraj/defects/img_10478.jpg,2026-03-14T08:58:35,,1
REP-PRG-10479,Pothole,25.449558,81.862582,Georgetown,High,AI Verified,PWD_Road_Maintenance,https://storage.roadguard.ai/prayagraj/defects/img_10479.jpg,2026-04-11T18:45:37,,1
REP-PRG-10480,Garbage Accumulation,25.454142,81.848633,MG Marg Corridor,High,AI Verified,Prayagraj_Nagar_Nigam_Sanitation,https://storage.roadguard.ai/prayagraj/defects/img_10480.jpg,2026-04-09T12:06:17,,1
REP-PRG-10481,Streetlight Defect,25.526572,81.870672,Phaphamau NH-19 Junction,Moderate,Assigned,UPPCL_Streetlight_Cell,https://storage.roadguard.ai/prayagraj/defects/img_10481.jpg,2026-01-04T21:08:49,,1
REP-PRG-10482,Pothole,25.419282,81.831521,Kareli Urban Zone,High,Assigned,PWD_Road_Maintenance,https://storage.roadguard.ai/prayagraj/defects/img_10482.jpg,2026-04-05T03:53:32,,1
REP-PRG-10483,Garbage Accumulation,25.433589,81.904408,Shastri Bridge (Ganga),Critical,In Progress,Prayagraj_Nagar_Nigam_Sanitation,https://storage.roadguard.ai/prayagraj/defects/img_10483.jpg,2026-01-06T05:23:06,,1
REP-PRG-10484,Pothole,25.429679,81.868554,Sangam / Daraganj,Moderate,Resolved,PWD_Road_Maintenance,https://storage.roadguard.ai/prayagraj/defects/img_10484.jpg,2026-04-13T02:26:42,2026-04-19T02:26:42,0
REP-PRG-10485,Garbage Accumulation,25.448025,81.822552,Prayagraj Junction (Civil Lines side),Moderate,AI Verified,Prayagraj_Nagar_Nigam_Sanitation,https://storage.roadguard.ai/prayagraj/defects/img_10485.jpg,2026-06-14T03:32:08,,1
REP-PRG-10486,Pothole,25.424725,81.849779,Naini Old Bridge (Yamuna),Moderate,Assigned,PWD_Road_Maintenance,https://storage.roadguard.ai/prayagraj/defects/img_10486.jpg,2026-02-22T13:39:25,,1
REP-PRG-10487,Pothole,25.416431,81.804884,Kareli Urban Zone,High,In Progress,PWD_Road_Maintenance,https://storage.roadguard.ai/prayagraj/defects/img_10487.jpg,2026-06-25T07:24:59,,1
REP-PRG-10488,Pothole,25.426382,81.860609,Sangam / Daraganj,Moderate,Resolved,PWD_Road_Maintenance,https://storage.roadguard.ai/prayagraj/defects/img_10488.jpg,2026-03-03T10:06:29,2026-03-08T10:06:29,0
REP-PRG-10489,Drainage Issues,25.417329,81.886083,Sangam / Daraganj,Low,Assigned,Jal_Sansthan_Drainage_Div,https://storage.roadguard.ai/prayagraj/defects/img_10489.jpg,2026-01-15T19:15:39,,1
REP-PRG-10490,Pothole,25.445286,81.893404,Shastri Bridge (Ganga),High,Assigned,PWD_Road_Maintenance,https://storage.roadguard.ai/prayagraj/defects/img_10490.jpg,2026-02-12T02:04:25,,1
REP-PRG-10491,Streetlight Defect,25.420264,81.769618,Jhalwa / IIIT-A Corridor,High,Assigned,UPPCL_Streetlight_Cell,https://storage.roadguard.ai/prayagraj/defects/img_10491.jpg,2026-02-12T21:32:21,,1
REP-PRG-10492,Garbage Accumulation,25.417971,81.845733,Naini Old Bridge (Yamuna),High,Assigned,Prayagraj_Nagar_Nigam_Sanitation,https://storage.roadguard.ai/prayagraj/defects/img_10492.jpg,2026-01-31T09:04:07,,1
REP-PRG-10493,Garbage Accumulation,25.432027,81.827019,Kareli Urban Zone,Moderate,Reported,Prayagraj_Nagar_Nigam_Sanitation,https://storage.roadguard.ai/prayagraj/defects/img_10493.jpg,2026-05-29T06:50:51,,1
REP-PRG-10494,Streetlight Defect,25.428232,81.880215,Sangam / Daraganj,Moderate,Reported,UPPCL_Streetlight_Cell,https://storage.roadguard.ai/prayagraj/defects/img_10494.jpg,2026-05-26T14:04:33,,1
REP-PRG-10495,Pothole,25.429667,81.753666,Jhalwa / IIIT-A Corridor,High,In Progress,PWD_Road_Maintenance,https://storage.roadguard.ai/prayagraj/defects/img_10495.jpg,2026-06-22T12:11:57,,1
REP-PRG-10496,Garbage Accumulation,25.523023,81.859544,Phaphamau NH-19 Junction,Low,In Progress,Prayagraj_Nagar_Nigam_Sanitation,https://storage.roadguard.ai/prayagraj/defects/img_10496.jpg,2026-01-04T16:54:13,,1
REP-PRG-10497,Streetlight Defect,25.440987,81.835751,MG Marg Corridor,Moderate,AI Verified,UPPCL_Streetlight_Cell,https://storage.roadguard.ai/prayagraj/defects/img_10497.jpg,2026-01-11T04:07:45,,1
REP-PRG-10498,Pothole,25.464381,81.745127,GT Road / Bamrauli Corridor,Moderate,Resolved,PWD_Road_Maintenance,https://storage.roadguard.ai/prayagraj/defects/img_10498.jpg,2026-03-23T17:52:34,2026-03-26T17:52:34,0
REP-PRG-10499,Pothole,25.423431,81.774581,Jhalwa / IIIT-A Corridor,High,Reported,PWD_Road_Maintenance,https://storage.roadguard.ai/prayagraj/defects/img_10499.jpg,2026-02-28T02:46:43,,1
REP-PRG-10500,Drainage Issues,25.460195,81.845397,MG Marg Corridor,Low,AI Verified,Jal_Sansthan_Drainage_Div,https://storage.roadguard.ai/prayagraj/defects/img_10500.jpg,2026-03-14T19:18:43,,1
REP-PRG-10501,Pothole,25.420477,81.814825,Kareli Urban Zone,Moderate,AI Verified,PWD_Road_Maintenance,https://storage.roadguard.ai/prayagraj/defects/img_10501.jpg,2026-03-17T04:31:39,,1
REP-PRG-10502,Garbage Accumulation,25.450586,81.862148,Georgetown,Moderate,AI Verified,Prayagraj_Nagar_Nigam_Sanitation,https://storage.roadguard.ai/prayagraj/defects/img_10502.jpg,2026-05-07T15:06:54,,1
REP-PRG-10503,Pothole,25.532162,81.870081,Phaphamau NH-19 Junction,Critical,Reported,PWD_Road_Maintenance,https://storage.roadguard.ai/prayagraj/defects/img_10503.jpg,2026-05-19T20:36:46,,1
REP-PRG-10504,Drainage Issues,25.460996,81.830618,Civil Lines,Low,Assigned,Jal_Sansthan_Drainage_Div,https://storage.roadguard.ai/prayagraj/defects/img_10504.jpg,2026-03-20T11:47:04,,1
REP-PRG-10505,Streetlight Defect,25.522539,81.859581,Curzon Bridge / Phaphamau,Moderate,AI Verified,UPPCL_Streetlight_Cell,https://storage.roadguard.ai/prayagraj/defects/img_10505.jpg,2026-01-16T13:11:01,,1
REP-PRG-10506,Pothole,25.476602,81.849486,Katra / Allahabad Univ,Critical,In Progress,PWD_Road_Maintenance,https://storage.roadguard.ai/prayagraj/defects/img_10506.jpg,2026-05-14T23:02:20,,1
REP-PRG-10507,Streetlight Defect,25.441888,81.771583,Jhalwa / IIIT-A Corridor,High,Assigned,UPPCL_Streetlight_Cell,https://storage.roadguard.ai/prayagraj/defects/img_10507.jpg,2026-05-10T12:51:39,,1
REP-PRG-10508,Pothole,25.486789,81.859129,Teliyarganj / MNNIT Area,Moderate,AI Verified,PWD_Road_Maintenance,https://storage.roadguard.ai/prayagraj/defects/img_10508.jpg,2026-02-03T16:37:14,,1
REP-PRG-10509,Pothole,25.442437,81.862393,Georgetown,Moderate,In Progress,PWD_Road_Maintenance,https://storage.roadguard.ai/prayagraj/defects/img_10509.jpg,2026-06-29T19:52:42,,1
REP-PRG-10510,Streetlight Defect,25.424183,81.81541,Kareli Urban Zone,Moderate,Resolved,UPPCL_Streetlight_Cell,https://storage.roadguard.ai/prayagraj/defects/img_10510.jpg,2026-02-05T05:17:18,2026-02-08T05:17:18,0
REP-PRG-10511,Pothole,25.417805,81.872138,Naini Old Bridge (Yamuna),Moderate,AI Verified,PWD_Road_Maintenance,https://storage.roadguard.ai/prayagraj/defects/img_10511.jpg,2026-02-01T03:30:44,,1
REP-PRG-10512,Drainage Issues,25.44182,81.773491,Jhalwa / IIIT-A Corridor,Moderate,AI Verified,Jal_Sansthan_Drainage_Div,https://storage.roadguard.ai/prayagraj/defects/img_10512.jpg,2026-03-09T12:21:57,,1
REP-PRG-10513,Pothole,25.430304,81.88096,Sangam / Daraganj,High,In Progress,PWD_Road_Maintenance,https://storage.roadguard.ai/prayagraj/defects/img_10513.jpg,2026-06-29T05:57:56,,1
REP-PRG-10514,Pothole,25.453908,81.829818,MG Marg Corridor,High,Reported,PWD_Road_Maintenance,https://storage.roadguard.ai/prayagraj/defects/img_10514.jpg,2026-03-05T20:57:07,,1
REP-PRG-10515,Streetlight Defect,25.489941,81.849651,Teliyarganj / MNNIT Area,High,AI Verified,UPPCL_Streetlight_Cell,https://storage.roadguard.ai/prayagraj/defects/img_10515.jpg,2026-02-14T09:07:53,,1
REP-PRG-10516,Drainage Issues,25.495194,81.868178,Teliyarganj / MNNIT Area,Moderate,Assigned,Jal_Sansthan_Drainage_Div,https://storage.roadguard.ai/prayagraj/defects/img_10516.jpg,2026-01-26T00:49:20,,1
REP-PRG-10517,Garbage Accumulation,25.381135,81.877592,Naini Industrial Area,Low,Reported,Prayagraj_Nagar_Nigam_Sanitation,https://storage.roadguard.ai/prayagraj/defects/img_10517.jpg,2026-02-26T12:45:33,,1
REP-PRG-10518,Garbage Accumulation,25.502194,81.846285,Curzon Bridge / Phaphamau,Moderate,Assigned,Prayagraj_Nagar_Nigam_Sanitation,https://storage.roadguard.ai/prayagraj/defects/img_10518.jpg,2026-06-15T11:03:35,,1
REP-PRG-10519,Drainage Issues,25.461796,81.863377,Katra / Allahabad Univ,Low,Resolved,Jal_Sansthan_Drainage_Div,https://storage.roadguard.ai/prayagraj/defects/img_10519.jpg,2026-02-21T07:31:10,2026-03-02T07:31:10,0
REP-PRG-10520,Pothole,25.431471,81.851329,Naini Old Bridge (Yamuna),High,In Progress,PWD_Road_Maintenance,https://storage.roadguard.ai/prayagraj/defects/img_10520.jpg,2026-02-01T09:33:16,,1
REP-PRG-10521,Pothole,25.518629,81.929692,NH-19 Bypass (Varanasi-Kanpur),Critical,AI Verified,PWD_Road_Maintenance,https://storage.roadguard.ai/prayagraj/defects/img_10521.jpg,2026-04-13T02:03:48,,1
REP-PRG-10522,Pothole,25.451219,81.841969,Civil Lines,Moderate,AI Verified,PWD_Road_Maintenance,https://storage.roadguard.ai/prayagraj/defects/img_10522.jpg,2026-02-17T18:00:42,,1
REP-PRG-10523,Streetlight Defect,25.465219,81.842389,Katra / Allahabad Univ,Low,Assigned,UPPCL_Streetlight_Cell,https://storage.roadguard.ai/prayagraj/defects/img_10523.jpg,2026-06-07T16:56:55,,1
REP-PRG-10524,Streetlight Defect,25.456812,81.870041,Georgetown,Critical,AI Verified,UPPCL_Streetlight_Cell,https://storage.roadguard.ai/prayagraj/defects/img_10524.jpg,2026-01-23T18:11:10,,1
REP-PRG-10525,Pothole,25.486995,81.866166,Teliyarganj / MNNIT Area,Low,In Progress,PWD_Road_Maintenance,https://storage.roadguard.ai/prayagraj/defects/img_10525.jpg,2026-05-15T17:04:16,,1
REP-PRG-10526,Drainage Issues,25.456552,81.836985,Civil Lines,High,AI Verified,Jal_Sansthan_Drainage_Div,https://storage.roadguard.ai/prayagraj/defects/img_10526.jpg,2026-05-21T01:38:47,,1
REP-PRG-10527,Drainage Issues,25.423598,81.764627,Jhalwa / IIIT-A Corridor,Moderate,AI Verified,Jal_Sansthan_Drainage_Div,https://storage.roadguard.ai/prayagraj/defects/img_10527.jpg,2026-02-16T08:56:56,,1
REP-PRG-10528,Streetlight Defect,25.419796,81.829382,Kareli Urban Zone,Low,In Progress,UPPCL_Streetlight_Cell,https://storage.roadguard.ai/prayagraj/defects/img_10528.jpg,2026-03-13T10:07:59,,1
REP-PRG-10529,Streetlight Defect,25.443849,81.845035,Rambagh Railway Station Area,High,Resolved,UPPCL_Streetlight_Cell,https://storage.roadguard.ai/prayagraj/defects/img_10529.jpg,2026-02-10T11:38:44,2026-02-15T11:38:44,0
REP-PRG-10530,Pothole,25.531174,81.842212,Phaphamau NH-19 Junction,High,Resolved,PWD_Road_Maintenance,https://storage.roadguard.ai/prayagraj/defects/img_10530.jpg,2026-01-15T15:59:18,2026-01-26T15:59:18,0
REP-PRG-10531,Pothole,25.50119,81.849082,Teliyarganj / MNNIT Area,High,In Progress,PWD_Road_Maintenance,https://storage.roadguard.ai/prayagraj/defects/img_10531.jpg,2026-02-15T16:36:45,,1
REP-PRG-10532,Garbage Accumulation,25.4171,81.811043,Kareli Urban Zone,High,Resolved,Prayagraj_Nagar_Nigam_Sanitation,https://storage.roadguard.ai/prayagraj/defects/img_10532.jpg,2026-01-08T20:48:15,2026-01-19T20:48:15,0
REP-PRG-10533,Streetlight Defect,25.407643,81.864287,Naini Old Bridge (Yamuna),Low,Resolved,UPPCL_Streetlight_Cell,https://storage.roadguard.ai/prayagraj/defects/img_10533.jpg,2026-05-08T03:44:17,2026-05-14T03:44:17,0
REP-PRG-10534,Streetlight Defect,25.435258,81.892772,Shastri Bridge (Ganga),Low,AI Verified,UPPCL_Streetlight_Cell,https://storage.roadguard.ai/prayagraj/defects/img_10534.jpg,2026-02-26T08:43:32,,1
REP-PRG-10535,Streetlight Defect,25.446625,81.831816,Prayagraj Junction (Civil Lines side),Moderate,Assigned,UPPCL_Streetlight_Cell,https://storage.roadguard.ai/prayagraj/defects/img_10535.jpg,2026-02-03T20:24:23,,1
REP-PRG-10536,Drainage Issues,25.439615,81.879736,Shastri Bridge (Ganga),High,AI Verified,Jal_Sansthan_Drainage_Div,https://storage.roadguard.ai/prayagraj/defects/img_10536.jpg,2026-01-06T13:22:40,,1
REP-PRG-10537,Garbage Accumulation,25.42597,81.85105,Naini Old Bridge (Yamuna),High,In Progress,Prayagraj_Nagar_Nigam_Sanitation,https://storage.roadguard.ai/prayagraj/defects/img_10537.jpg,2026-01-19T21:36:07,,1
REP-PRG-10538,Streetlight Defect,25.479547,81.859575,Teliyarganj / MNNIT Area,Moderate,AI Verified,UPPCL_Streetlight_Cell,https://storage.roadguard.ai/prayagraj/defects/img_10538.jpg,2026-02-10T23:54:21,,1
REP-PRG-10539,Streetlight Defect,25.451506,81.854802,Rambagh Railway Station Area,Low,Resolved,UPPCL_Streetlight_Cell,https://storage.roadguard.ai/prayagraj/defects/img_10539.jpg,2026-06-28T06:20:40,2026-07-12T06:20:40,0
REP-PRG-10540,Pothole,25.425211,81.767206,Jhalwa / IIIT-A Corridor,Moderate,AI Verified,PWD_Road_Maintenance,https://storage.roadguard.ai/prayagraj/defects/img_10540.jpg,2026-03-20T18:43:22,,1
REP-PRG-10541,Pothole,25.415427,81.871614,Naini Old Bridge (Yamuna),Low,Assigned,PWD_Road_Maintenance,https://storage.roadguard.ai/prayagraj/defects/img_10541.jpg,2026-05-27T22:15:27,,1
REP-PRG-10542,Pothole,25.452055,81.84144,MG Marg Corridor,Moderate,In Progress,PWD_Road_Maintenance,https://storage.roadguard.ai/prayagraj/defects/img_10542.jpg,2026-06-06T16:02:33,,1
REP-PRG-10543,Drainage Issues,25.393242,81.86691,Naini Industrial Area,Low,Assigned,Jal_Sansthan_Drainage_Div,https://storage.roadguard.ai/prayagraj/defects/img_10543.jpg,2026-03-02T20:37:37,,1
REP-PRG-10544,Pothole,25.417928,81.818429,Kareli Urban Zone,Critical,Reported,PWD_Road_Maintenance,https://storage.roadguard.ai/prayagraj/defects/img_10544.jpg,2026-06-22T07:16:08,,1
REP-PRG-10545,Streetlight Defect,25.419427,81.819702,Kareli Urban Zone,Moderate,AI Verified,UPPCL_Streetlight_Cell,https://storage.roadguard.ai/prayagraj/defects/img_10545.jpg,2026-01-18T20:45:38,,1
REP-PRG-10546,Garbage Accumulation,25.465821,81.855416,Katra / Allahabad Univ,High,Reported,Prayagraj_Nagar_Nigam_Sanitation,https://storage.roadguard.ai/prayagraj/defects/img_10546.jpg,2026-04-23T23:16:44,,1
REP-PRG-10547,Drainage Issues,25.444861,81.889354,Shastri Bridge (Ganga),Moderate,AI Verified,Jal_Sansthan_Drainage_Div,https://storage.roadguard.ai/prayagraj/defects/img_10547.jpg,2026-05-20T21:39:57,,1
REP-PRG-10548,Garbage Accumulation,25.385629,81.849014,Naini Industrial Area,High,Assigned,Prayagraj_Nagar_Nigam_Sanitation,https://storage.roadguard.ai/prayagraj/defects/img_10548.jpg,2026-06-25T16:12:47,,1
REP-PRG-10549,Streetlight Defect,25.446331,81.892772,Shastri Bridge (Ganga),High,Reported,UPPCL_Streetlight_Cell,https://storage.roadguard.ai/prayagraj/defects/img_10549.jpg,2026-01-06T19:36:14,,1
REP-PRG-10550,Drainage Issues,25.467984,81.83183,Katra / Allahabad Univ,Low,AI Verified,Jal_Sansthan_Drainage_Div,https://storage.roadguard.ai/prayagraj/defects/img_10550.jpg,2026-04-07T13:51:30,,1
REP-PRG-10551,Streetlight Defect,25.446707,81.878883,Sangam / Daraganj,Critical,Reported,UPPCL_Streetlight_Cell,https://storage.roadguard.ai/prayagraj/defects/img_10551.jpg,2026-06-03T06:20:31,,1
REP-PRG-10552,Garbage Accumulation,25.448365,81.839681,Rambagh Railway Station Area,Moderate,Assigned,Prayagraj_Nagar_Nigam_Sanitation,https://storage.roadguard.ai/prayagraj/defects/img_10552.jpg,2026-06-05T23:48:31,,1
REP-PRG-10553,Pothole,25.443902,81.881573,Shastri Bridge (Ganga),Moderate,Resolved,PWD_Road_Maintenance,https://storage.roadguard.ai/prayagraj/defects/img_10553.jpg,2026-04-16T04:10:28,2026-04-29T04:10:28,0
REP-PRG-10554,Garbage Accumulation,25.45501,81.870312,Katra / Allahabad Univ,Moderate,Reported,Prayagraj_Nagar_Nigam_Sanitation,https://storage.roadguard.ai/prayagraj/defects/img_10554.jpg,2026-04-12T04:49:03,,1
REP-PRG-10555,Pothole,25.437975,81.849739,Rambagh Railway Station Area,Moderate,AI Verified,PWD_Road_Maintenance,https://storage.roadguard.ai/prayagraj/defects/img_10555.jpg,2026-03-18T06:45:31,,1
REP-PRG-10556,Pothole,25.446461,81.851965,Rambagh Railway Station Area,Low,AI Verified,PWD_Road_Maintenance,https://storage.roadguard.ai/prayagraj/defects/img_10556.jpg,2026-03-16T10:58:59,,1
REP-PRG-10557,Drainage Issues,25.440703,81.85092,Rambagh Railway Station Area,Moderate,AI Verified,Jal_Sansthan_Drainage_Div,https://storage.roadguard.ai/prayagraj/defects/img_10557.jpg,2026-05-06T17:38:54,,1
REP-PRG-10558,Streetlight Defect,25.449227,81.879539,Sangam / Daraganj,Moderate,AI Verified,UPPCL_Streetlight_Cell,https://storage.roadguard.ai/prayagraj/defects/img_10558.jpg,2026-04-08T21:26:58,,1
REP-PRG-10559,Streetlight Defect,25.440609,81.898405,Shastri Bridge (Ganga),Moderate,AI Verified,UPPCL_Streetlight_Cell,https://storage.roadguard.ai/prayagraj/defects/img_10559.jpg,2026-02-27T17:46:40,,1
REP-PRG-10560,Pothole,25.457844,81.847496,MG Marg Corridor,High,Reported,PWD_Road_Maintenance,https://storage.roadguard.ai/prayagraj/defects/img_10560.jpg,2026-06-21T20:31:01,,1
REP-PRG-10561,Drainage Issues,25.45511,81.730856,GT Road / Bamrauli Corridor,Moderate,Assigned,Jal_Sansthan_Drainage_Div,https://storage.roadguard.ai/prayagraj/defects/img_10561.jpg,2026-04-11T03:01:35,,1
REP-PRG-10562,Drainage Issues,25.463067,81.730829,GT Road / Bamrauli Corridor,High,Resolved,Jal_Sansthan_Drainage_Div,https://storage.roadguard.ai/prayagraj/defects/img_10562.jpg,2026-05-27T16:34:46,2026-06-05T16:34:46,0
REP-PRG-10563,Pothole,25.447421,81.852966,Georgetown,Critical,Assigned,PWD_Road_Maintenance,https://storage.roadguard.ai/prayagraj/defects/img_10563.jpg,2026-05-10T04:47:50,,1
REP-PRG-10564,Garbage Accumulation,25.446487,81.83063,Prayagraj Junction (Civil Lines side),High,Assigned,Prayagraj_Nagar_Nigam_Sanitation,https://storage.roadguard.ai/prayagraj/defects/img_10564.jpg,2026-02-01T00:20:56,,1
REP-PRG-10565,Drainage Issues,25.441571,81.893375,Shastri Bridge (Ganga),Low,AI Verified,Jal_Sansthan_Drainage_Div,https://storage.roadguard.ai/prayagraj/defects/img_10565.jpg,2026-02-19T12:35:39,,1
REP-PRG-10566,Streetlight Defect,25.46191,81.841628,MG Marg Corridor,Critical,AI Verified,UPPCL_Streetlight_Cell,https://storage.roadguard.ai/prayagraj/defects/img_10566.jpg,2026-06-10T13:23:02,,1
REP-PRG-10567,Pothole,25.458047,81.862713,Katra / Allahabad Univ,High,In Progress,PWD_Road_Maintenance,https://storage.roadguard.ai/prayagraj/defects/img_10567.jpg,2026-01-23T22:07:48,,1
REP-PRG-10568,Streetlight Defect,25.501516,81.853179,Teliyarganj / MNNIT Area,High,Assigned,UPPCL_Streetlight_Cell,https://storage.roadguard.ai/prayagraj/defects/img_10568.jpg,2026-01-05T06:41:05,,1
REP-PRG-10569,Garbage Accumulation,25.451779,81.833609,Prayagraj Junction (Civil Lines side),Low,Reported,Prayagraj_Nagar_Nigam_Sanitation,https://storage.roadguard.ai/prayagraj/defects/img_10569.jpg,2026-05-27T05:24:21,,1
REP-PRG-10570,Drainage Issues,25.382619,81.876006,Naini Industrial Area,Moderate,Reported,Jal_Sansthan_Drainage_Div,https://storage.roadguard.ai/prayagraj/defects/img_10570.jpg,2026-03-16T03:30:06,,1
REP-PRG-10571,Drainage Issues,25.4268,81.771005,Jhalwa / IIIT-A Corridor,Moderate,Assigned,Jal_Sansthan_Drainage_Div,https://storage.roadguard.ai/prayagraj/defects/img_10571.jpg,2026-05-28T06:10:17,,1
REP-PRG-10572,Pothole,25.438115,81.848125,Rambagh Railway Station Area,Moderate,Reported,PWD_Road_Maintenance,https://storage.roadguard.ai/prayagraj/defects/img_10572.jpg,2026-06-05T22:37:34,,1
REP-PRG-10573,Pothole,25.44023,81.82648,MG Marg Corridor,High,Assigned,PWD_Road_Maintenance,https://storage.roadguard.ai/prayagraj/defects/img_10573.jpg,2026-01-14T01:18:07,,1
REP-PRG-10574,Drainage Issues,25.472756,81.848224,Katra / Allahabad Univ,Low,In Progress,Jal_Sansthan_Drainage_Div,https://storage.roadguard.ai/prayagraj/defects/img_10574.jpg,2026-03-19T19:19:16,,1
REP-PRG-10575,Drainage Issues,25.452069,81.837773,Katra / Allahabad Univ,High,Assigned,Jal_Sansthan_Drainage_Div,https://storage.roadguard.ai/prayagraj/defects/img_10575.jpg,2026-02-28T12:53:34,,1
REP-PRG-10576,Drainage Issues,25.439888,81.848415,Georgetown,Moderate,In Progress,Jal_Sansthan_Drainage_Div,https://storage.roadguard.ai/prayagraj/defects/img_10576.jpg,2026-03-10T23:10:27,,1
REP-PRG-10577,Pothole,25.443136,81.888079,Sangam / Daraganj,Moderate,In Progress,PWD_Road_Maintenance,https://storage.roadguard.ai/prayagraj/defects/img_10577.jpg,2026-05-06T02:48:18,,1
REP-PRG-10578,Garbage Accumulation,25.422495,81.788019,Jhalwa / IIIT-A Corridor,Moderate,AI Verified,Prayagraj_Nagar_Nigam_Sanitation,https://storage.roadguard.ai/prayagraj/defects/img_10578.jpg,2026-03-22T02:27:06,,1
REP-PRG-10579,Pothole,25.499854,81.860401,Teliyarganj / MNNIT Area,High,In Progress,PWD_Road_Maintenance,https://storage.roadguard.ai/prayagraj/defects/img_10579.jpg,2026-01-08T14:19:32,,1
REP-PRG-10580,Drainage Issues,25.492005,81.876328,Curzon Bridge / Phaphamau,Moderate,Reported,Jal_Sansthan_Drainage_Div,https://storage.roadguard.ai/prayagraj/defects/img_10580.jpg,2026-01-10T00:37:07,,1
REP-PRG-10581,Drainage Issues,25.437883,81.824837,MG Marg Corridor,High,AI Verified,Jal_Sansthan_Drainage_Div,https://storage.roadguard.ai/prayagraj/defects/img_10581.jpg,2026-04-30T02:23:27,,1
REP-PRG-10582,Streetlight Defect,25.500181,81.882518,Teliyarganj / MNNIT Area,Low,Reported,UPPCL_Streetlight_Cell,https://storage.roadguard.ai/prayagraj/defects/img_10582.jpg,2026-04-07T01:47:46,,1
REP-PRG-10583,Pothole,25.521074,81.934511,NH-19 Bypass (Varanasi-Kanpur),High,Assigned,PWD_Road_Maintenance,https://storage.roadguard.ai/prayagraj/defects/img_10583.jpg,2026-03-31T20:32:01,,1
REP-PRG-10584,Drainage Issues,25.443758,81.896827,Shastri Bridge (Ganga),Moderate,In Progress,Jal_Sansthan_Drainage_Div,https://storage.roadguard.ai/prayagraj/defects/img_10584.jpg,2026-01-24T18:22:44,,1
REP-PRG-10585,Pothole,25.458671,81.83715,Civil Lines,Low,Assigned,PWD_Road_Maintenance,https://storage.roadguard.ai/prayagraj/defects/img_10585.jpg,2026-02-24T16:03:32,,1
REP-PRG-10586,Garbage Accumulation,25.525834,81.864499,Phaphamau NH-19 Junction,Moderate,AI Verified,Prayagraj_Nagar_Nigam_Sanitation,https://storage.roadguard.ai/prayagraj/defects/img_10586.jpg,2026-01-06T08:19:26,,1
REP-PRG-10587,Drainage Issues,25.433468,81.845755,Rambagh Railway Station Area,High,Assigned,Jal_Sansthan_Drainage_Div,https://storage.roadguard.ai/prayagraj/defects/img_10587.jpg,2026-01-03T16:08:49,,1
REP-PRG-10588,Streetlight Defect,25.446456,81.854213,Katra / Allahabad Univ,Critical,Assigned,UPPCL_Streetlight_Cell,https://storage.roadguard.ai/prayagraj/defects/img_10588.jpg,2026-06-14T18:01:34,,1
REP-PRG-10589,Drainage Issues,25.442091,81.731171,GT Road / Bamrauli Corridor,High,AI Verified,Jal_Sansthan_Drainage_Div,https://storage.roadguard.ai/prayagraj/defects/img_10589.jpg,2026-02-26T00:59:31,,1
REP-PRG-10590,Garbage Accumulation,25.446439,81.870136,Georgetown,High,AI Verified,Prayagraj_Nagar_Nigam_Sanitation,https://storage.roadguard.ai/prayagraj/defects/img_10590.jpg,2026-01-27T08:16:03,,1
REP-PRG-10591,Drainage Issues,25.454347,81.815436,Prayagraj Junction (Civil Lines side),Critical,In Progress,Jal_Sansthan_Drainage_Div,https://storage.roadguard.ai/prayagraj/defects/img_10591.jpg,2026-05-25T07:34:08,,1
REP-PRG-10592,Pothole,25.437083,81.866526,Georgetown,Low,Reported,PWD_Road_Maintenance,https://storage.roadguard.ai/prayagraj/defects/img_10592.jpg,2026-03-13T07:19:24,,1
REP-PRG-10593,Drainage Issues,25.41214,81.818203,Kareli Urban Zone,Moderate,Assigned,Jal_Sansthan_Drainage_Div,https://storage.roadguard.ai/prayagraj/defects/img_10593.jpg,2026-06-16T18:52:43,,1
REP-PRG-10594,Pothole,25.5164,81.850253,Curzon Bridge / Phaphamau,High,In Progress,PWD_Road_Maintenance,https://storage.roadguard.ai/prayagraj/defects/img_10594.jpg,2026-06-03T22:42:45,,1
REP-PRG-10595,Garbage Accumulation,25.420843,81.809328,Kareli Urban Zone,High,Assigned,Prayagraj_Nagar_Nigam_Sanitation,https://storage.roadguard.ai/prayagraj/defects/img_10595.jpg,2026-03-17T17:26:43,,1
REP-PRG-10596,Pothole,25.445189,81.742558,GT Road / Bamrauli Corridor,High,Assigned,PWD_Road_Maintenance,https://storage.roadguard.ai/prayagraj/defects/img_10596.jpg,2026-05-27T14:54:52,,1
REP-PRG-10597,Garbage Accumulation,25.407256,81.823524,Kareli Urban Zone,Moderate,Assigned,Prayagraj_Nagar_Nigam_Sanitation,https://storage.roadguard.ai/prayagraj/defects/img_10597.jpg,2026-05-02T21:03:08,,1
REP-PRG-10598,Pothole,25.446843,81.83242,Prayagraj Junction (Civil Lines side),Low,Assigned,PWD_Road_Maintenance,https://storage.roadguard.ai/prayagraj/defects/img_10598.jpg,2026-05-23T14:35:41,,1
REP-PRG-10599,Pothole,25.446791,81.869913,Georgetown,Low,AI Verified,PWD_Road_Maintenance,https://storage.roadguard.ai/prayagraj/defects/img_10599.jpg,2026-05-24T14:39:55,,1
REP-PRG-10600,Garbage Accumulation,25.421002,81.816565,Kareli Urban Zone,Moderate,AI Verified,Prayagraj_Nagar_Nigam_Sanitation,https://storage.roadguard.ai/prayagraj/defects/img_10600.jpg,2026-03-20T23:18:32,,1
REP-PRG-10601,Pothole,25.420978,81.824346,Kareli Urban Zone,Moderate,AI Verified,PWD_Road_Maintenance,https://storage.roadguard.ai/prayagraj/defects/img_10601.jpg,2026-02-01T01:07:54,,1
REP-PRG-10602,Drainage Issues,25.449391,81.838325,MG Marg Corridor,Moderate,Resolved,Jal_Sansthan_Drainage_Div,https://storage.roadguard.ai/prayagraj/defects/img_10602.jpg,2026-01-20T01:11:34,2026-01-25T01:11:34,0
REP-PRG-10603,Pothole,25.441384,81.822697,Prayagraj Junction (Civil Lines side),High,Assigned,PWD_Road_Maintenance,https://storage.roadguard.ai/prayagraj/defects/img_10603.jpg,2026-04-16T09:58:06,,1
REP-PRG-10604,Pothole,25.406779,81.868997,Naini Old Bridge (Yamuna),Moderate,AI Verified,PWD_Road_Maintenance,https://storage.roadguard.ai/prayagraj/defects/img_10604.jpg,2026-05-27T00:39:34,,1
REP-PRG-10605,Pothole,25.408049,81.849457,Naini Old Bridge (Yamuna),High,In Progress,PWD_Road_Maintenance,https://storage.roadguard.ai/prayagraj/defects/img_10605.jpg,2026-05-05T20:06:38,,1
REP-PRG-10606,Pothole,25.433253,81.897159,Shastri Bridge (Ganga),Low,AI Verified,PWD_Road_Maintenance,https://storage.roadguard.ai/prayagraj/defects/img_10606.jpg,2026-02-23T14:08:19,,1
REP-PRG-10607,Streetlight Defect,25.43664,81.899982,Shastri Bridge (Ganga),High,Reported,UPPCL_Streetlight_Cell,https://storage.roadguard.ai/prayagraj/defects/img_10607.jpg,2026-06-07T23:47:27,,1
REP-PRG-10608,Pothole,25.444612,81.742232,GT Road / Bamrauli Corridor,Critical,AI Verified,PWD_Road_Maintenance,https://storage.roadguard.ai/prayagraj/defects/img_10608.jpg,2026-01-11T03:26:03,,1
REP-PRG-10609,Garbage Accumulation,25.505317,81.875161,Curzon Bridge / Phaphamau,Critical,In Progress,Prayagraj_Nagar_Nigam_Sanitation,https://storage.roadguard.ai/prayagraj/defects/img_10609.jpg,2026-05-16T14:56:19,,1
REP-PRG-10610,Garbage Accumulation,25.443099,81.837379,Civil Lines,High,AI Verified,Prayagraj_Nagar_Nigam_Sanitation,https://storage.roadguard.ai/prayagraj/defects/img_10610.jpg,2026-06-27T20:32:14,,1
REP-PRG-10611,Pothole,25.45007,81.86231,Georgetown,Moderate,Assigned,PWD_Road_Maintenance,https://storage.roadguard.ai/prayagraj/defects/img_10611.jpg,2026-02-12T10:22:37,,1
REP-PRG-10612,Pothole,25.447518,81.836961,MG Marg Corridor,Moderate,Assigned,PWD_Road_Maintenance,https://storage.roadguard.ai/prayagraj/defects/img_10612.jpg,2026-06-03T03:04:57,,1
REP-PRG-10613,Streetlight Defect,25.42035,81.818824,Kareli Urban Zone,High,Reported,UPPCL_Streetlight_Cell,https://storage.roadguard.ai/prayagraj/defects/img_10613.jpg,2026-05-06T21:04:47,,1
REP-PRG-10614,Pothole,25.519711,81.875684,Curzon Bridge / Phaphamau,Critical,In Progress,PWD_Road_Maintenance,https://storage.roadguard.ai/prayagraj/defects/img_10614.jpg,2026-01-05T16:18:59,,1
REP-PRG-10615,Garbage Accumulation,25.52054,81.854042,Phaphamau NH-19 Junction,Low,Assigned,Prayagraj_Nagar_Nigam_Sanitation,https://storage.roadguard.ai/prayagraj/defects/img_10615.jpg,2026-06-01T02:22:23,,1
REP-PRG-10616,Pothole,25.438294,81.910638,Shastri Bridge (Ganga),High,In Progress,PWD_Road_Maintenance,https://storage.roadguard.ai/prayagraj/defects/img_10616.jpg,2026-04-08T07:18:48,,1
REP-PRG-10617,Garbage Accumulation,25.453571,81.868113,Katra / Allahabad Univ,High,Assigned,Prayagraj_Nagar_Nigam_Sanitation,https://storage.roadguard.ai/prayagraj/defects/img_10617.jpg,2026-01-13T11:56:10,,1
REP-PRG-10618,Pothole,25.466022,81.830471,Civil Lines,Low,AI Verified,PWD_Road_Maintenance,https://storage.roadguard.ai/prayagraj/defects/img_10618.jpg,2026-02-02T03:55:33,,1
REP-PRG-10619,Streetlight Defect,25.464552,81.868027,Katra / Allahabad Univ,Low,Assigned,UPPCL_Streetlight_Cell,https://storage.roadguard.ai/prayagraj/defects/img_10619.jpg,2026-06-11T08:20:19,,1
REP-PRG-10620,Streetlight Defect,25.441967,81.857371,Georgetown,Low,Assigned,UPPCL_Streetlight_Cell,https://storage.roadguard.ai/prayagraj/defects/img_10620.jpg,2026-06-10T06:03:01,,1
REP-PRG-10621,Pothole,25.413347,81.846882,Naini Old Bridge (Yamuna),Critical,Assigned,PWD_Road_Maintenance,https://storage.roadguard.ai/prayagraj/defects/img_10621.jpg,2026-06-08T12:17:11,,1
REP-PRG-10622,Pothole,25.439806,81.849208,Georgetown,Low,AI Verified,PWD_Road_Maintenance,https://storage.roadguard.ai/prayagraj/defects/img_10622.jpg,2026-02-21T17:34:31,,1
REP-PRG-10623,Drainage Issues,25.447273,81.82184,Prayagraj Junction (Civil Lines side),Moderate,AI Verified,Jal_Sansthan_Drainage_Div,https://storage.roadguard.ai/prayagraj/defects/img_10623.jpg,2026-02-11T09:26:04,,1
REP-PRG-10624,Drainage Issues,25.44137,81.835553,Rambagh Railway Station Area,High,AI Verified,Jal_Sansthan_Drainage_Div,https://storage.roadguard.ai/prayagraj/defects/img_10624.jpg,2026-03-02T08:05:58,,1
REP-PRG-10625,Garbage Accumulation,25.455247,81.841568,Civil Lines,Critical,In Progress,Prayagraj_Nagar_Nigam_Sanitation,https://storage.roadguard.ai/prayagraj/defects/img_10625.jpg,2026-06-22T01:59:23,,1
REP-PRG-10626,Drainage Issues,25.40205,81.857992,Naini Old Bridge (Yamuna),High,Reported,Jal_Sansthan_Drainage_Div,https://storage.roadguard.ai/prayagraj/defects/img_10626.jpg,2026-01-26T17:19:00,,1
REP-PRG-10627,Streetlight Defect,25.534821,81.855323,Phaphamau NH-19 Junction,Critical,AI Verified,UPPCL_Streetlight_Cell,https://storage.roadguard.ai/prayagraj/defects/img_10627.jpg,2026-01-13T11:38:02,,1
REP-PRG-10628,Drainage Issues,25.452381,81.893352,Shastri Bridge (Ganga),High,AI Verified,Jal_Sansthan_Drainage_Div,https://storage.roadguard.ai/prayagraj/defects/img_10628.jpg,2026-06-23T19:23:07,,1
REP-PRG-10629,Garbage Accumulation,25.44436,81.739554,GT Road / Bamrauli Corridor,Low,In Progress,Prayagraj_Nagar_Nigam_Sanitation,https://storage.roadguard.ai/prayagraj/defects/img_10629.jpg,2026-01-12T08:21:07,,1
REP-PRG-10630,Garbage Accumulation,25.422467,81.855608,Naini Old Bridge (Yamuna),Low,AI Verified,Prayagraj_Nagar_Nigam_Sanitation,https://storage.roadguard.ai/prayagraj/defects/img_10630.jpg,2026-04-24T06:38:21,,1
REP-PRG-10631,Drainage Issues,25.46431,81.847635,Katra / Allahabad Univ,Low,In Progress,Jal_Sansthan_Drainage_Div,https://storage.roadguard.ai/prayagraj/defects/img_10631.jpg,2026-02-16T12:08:40,,1
REP-PRG-10632,Pothole,25.493355,81.85169,Teliyarganj / MNNIT Area,Moderate,In Progress,PWD_Road_Maintenance,https://storage.roadguard.ai/prayagraj/defects/img_10632.jpg,2026-06-27T01:24:44,,1
REP-PRG-10633,Streetlight Defect,25.44911,81.732769,GT Road / Bamrauli Corridor,High,Reported,UPPCL_Streetlight_Cell,https://storage.roadguard.ai/prayagraj/defects/img_10633.jpg,2026-06-28T10:08:06,,1
REP-PRG-10634,Pothole,25.433116,81.899889,Shastri Bridge (Ganga),Critical,AI Verified,PWD_Road_Maintenance,https://storage.roadguard.ai/prayagraj/defects/img_10634.jpg,2026-05-26T23:57:10,,1
REP-PRG-10635,Streetlight Defect,25.44773,81.894873,Shastri Bridge (Ganga),High,Assigned,UPPCL_Streetlight_Cell,https://storage.roadguard.ai/prayagraj/defects/img_10635.jpg,2026-06-25T12:45:25,,1
REP-PRG-10636,Drainage Issues,25.430761,81.845469,Rambagh Railway Station Area,Low,AI Verified,Jal_Sansthan_Drainage_Div,https://storage.roadguard.ai/prayagraj/defects/img_10636.jpg,2026-01-12T10:18:21,,1
REP-PRG-10637,Garbage Accumulation,25.469705,81.856134,Katra / Allahabad Univ,Low,In Progress,Prayagraj_Nagar_Nigam_Sanitation,https://storage.roadguard.ai/prayagraj/defects/img_10637.jpg,2026-05-16T04:59:42,,1
REP-PRG-10638,Drainage Issues,25.543555,81.868147,Phaphamau NH-19 Junction,High,AI Verified,Jal_Sansthan_Drainage_Div,https://storage.roadguard.ai/prayagraj/defects/img_10638.jpg,2026-05-15T06:30:33,,1
REP-PRG-10639,Streetlight Defect,25.386536,81.862527,Naini Industrial Area,High,AI Verified,UPPCL_Streetlight_Cell,https://storage.roadguard.ai/prayagraj/defects/img_10639.jpg,2026-06-20T07:21:10,,1
REP-PRG-10640,Pothole,25.493068,81.86178,Teliyarganj / MNNIT Area,High,In Progress,PWD_Road_Maintenance,https://storage.roadguard.ai/prayagraj/defects/img_10640.jpg,2026-06-06T09:59:12,,1
REP-PRG-10641,Streetlight Defect,25.458265,81.842554,Civil Lines,Low,In Progress,UPPCL_Streetlight_Cell,https://storage.roadguard.ai/prayagraj/defects/img_10641.jpg,2026-05-07T14:01:19,,1
REP-PRG-10642,Garbage Accumulation,25.423712,81.86935,Sangam / Daraganj,Moderate,AI Verified,Prayagraj_Nagar_Nigam_Sanitation,https://storage.roadguard.ai/prayagraj/defects/img_10642.jpg,2026-03-13T09:49:59,,1
REP-PRG-10643,Pothole,25.43231,81.832064,Prayagraj Junction (Civil Lines side),High,AI Verified,PWD_Road_Maintenance,https://storage.roadguard.ai/prayagraj/defects/img_10643.jpg,2026-03-02T10:52:12,,1
REP-PRG-10644,Streetlight Defect,25.501173,81.912777,NH-19 Bypass (Varanasi-Kanpur),Moderate,Reported,UPPCL_Streetlight_Cell,https://storage.roadguard.ai/prayagraj/defects/img_10644.jpg,2026-05-09T00:16:38,,1
REP-PRG-10645,Pothole,25.423109,81.839944,Kareli Urban Zone,Moderate,Assigned,PWD_Road_Maintenance,https://storage.roadguard.ai/prayagraj/defects/img_10645.jpg,2026-01-27T22:41:19,,1
REP-PRG-10646,Pothole,25.449951,81.746708,GT Road / Bamrauli Corridor,Moderate,In Progress,PWD_Road_Maintenance,https://storage.roadguard.ai/prayagraj/defects/img_10646.jpg,2026-06-05T06:32:22,,1
REP-PRG-10647,Drainage Issues,25.445655,81.858209,Georgetown,Moderate,Assigned,Jal_Sansthan_Drainage_Div,https://storage.roadguard.ai/prayagraj/defects/img_10647.jpg,2026-04-27T20:24:36,,1
REP-PRG-10648,Garbage Accumulation,25.435353,81.767678,Jhalwa / IIIT-A Corridor,High,In Progress,Prayagraj_Nagar_Nigam_Sanitation,https://storage.roadguard.ai/prayagraj/defects/img_10648.jpg,2026-03-27T04:23:40,,1
REP-PRG-10649,Garbage Accumulation,25.441639,81.850574,Rambagh Railway Station Area,Moderate,AI Verified,Prayagraj_Nagar_Nigam_Sanitation,https://storage.roadguard.ai/prayagraj/defects/img_10649.jpg,2026-01-26T07:59:24,,1
REP-PRG-10650,Pothole,25.519655,81.872936,Phaphamau NH-19 Junction,Moderate,Assigned,PWD_Road_Maintenance,https://storage.roadguard.ai/prayagraj/defects/img_10650.jpg,2026-03-17T03:56:26,,1
REP-PRG-10651,Pothole,25.4456,81.821954,Prayagraj Junction (Civil Lines side),Low,In Progress,PWD_Road_Maintenance,https://storage.roadguard.ai/prayagraj/defects/img_10651.jpg,2026-05-07T13:06:48,,1
REP-PRG-10652,Pothole,25.454292,81.732812,GT Road / Bamrauli Corridor,High,AI Verified,PWD_Road_Maintenance,https://storage.roadguard.ai/prayagraj/defects/img_10652.jpg,2026-04-11T15:50:57,,1
REP-PRG-10653,Garbage Accumulation,25.510225,81.929927,NH-19 Bypass (Varanasi-Kanpur),Low,AI Verified,Prayagraj_Nagar_Nigam_Sanitation,https://storage.roadguard.ai/prayagraj/defects/img_10653.jpg,2026-04-17T09:41:34,,1
REP-PRG-10654,Garbage Accumulation,25.393687,81.868798,Naini Industrial Area,Moderate,Assigned,Prayagraj_Nagar_Nigam_Sanitation,https://storage.roadguard.ai/prayagraj/defects/img_10654.jpg,2026-05-10T12:54:07,,1
REP-PRG-10655,Pothole,25.4393,81.854542,Rambagh Railway Station Area,High,Assigned,PWD_Road_Maintenance,https://storage.roadguard.ai/prayagraj/defects/img_10655.jpg,2026-04-22T05:18:12,,1
REP-PRG-10656,Drainage Issues,25.450622,81.852462,Rambagh Railway Station Area,High,Resolved,Jal_Sansthan_Drainage_Div,https://storage.roadguard.ai/prayagraj/defects/img_10656.jpg,2026-06-28T05:03:52,2026-07-02T05:03:52,0
REP-PRG-10657,Pothole,25.418083,81.844505,Naini Old Bridge (Yamuna),High,Assigned,PWD_Road_Maintenance,https://storage.roadguard.ai/prayagraj/defects/img_10657.jpg,2026-03-25T02:21:14,,1
REP-PRG-10658,Pothole,25.483479,81.860558,Teliyarganj / MNNIT Area,High,Assigned,PWD_Road_Maintenance,https://storage.roadguard.ai/prayagraj/defects/img_10658.jpg,2026-03-05T17:57:40,,1
REP-PRG-10659,Drainage Issues,25.487124,81.861504,Teliyarganj / MNNIT Area,Critical,AI Verified,Jal_Sansthan_Drainage_Div,https://storage.roadguard.ai/prayagraj/defects/img_10659.jpg,2026-02-04T13:01:51,,1
REP-PRG-10660,Streetlight Defect,25.450453,81.744238,GT Road / Bamrauli Corridor,Critical,Assigned,UPPCL_Streetlight_Cell,https://storage.roadguard.ai/prayagraj/defects/img_10660.jpg,2026-06-30T03:56:42,,1
REP-PRG-10661,Garbage Accumulation,25.419436,81.823892,Kareli Urban Zone,Critical,Assigned,Prayagraj_Nagar_Nigam_Sanitation,https://storage.roadguard.ai/prayagraj/defects/img_10661.jpg,2026-02-21T15:38:07,,1
REP-PRG-10662,Garbage Accumulation,25.445516,81.843196,Georgetown,Critical,Reported,Prayagraj_Nagar_Nigam_Sanitation,https://storage.roadguard.ai/prayagraj/defects/img_10662.jpg,2026-06-16T14:28:26,,1
REP-PRG-10663,Streetlight Defect,25.439485,81.826847,Prayagraj Junction (Civil Lines side),High,Assigned,UPPCL_Streetlight_Cell,https://storage.roadguard.ai/prayagraj/defects/img_10663.jpg,2026-04-02T04:28:19,,1
REP-PRG-10664,Streetlight Defect,25.429822,81.852799,Rambagh Railway Station Area,Critical,Assigned,UPPCL_Streetlight_Cell,https://storage.roadguard.ai/prayagraj/defects/img_10664.jpg,2026-06-23T03:26:19,,1
REP-PRG-10665,Drainage Issues,25.457246,81.86875,Georgetown,Moderate,Reported,Jal_Sansthan_Drainage_Div,https://storage.roadguard.ai/prayagraj/defects/img_10665.jpg,2026-01-28T08:55:12,,1
REP-PRG-10666,Pothole,25.490292,81.874926,Teliyarganj / MNNIT Area,High,AI Verified,PWD_Road_Maintenance,https://storage.roadguard.ai/prayagraj/defects/img_10666.jpg,2026-02-11T18:26:07,,1
REP-PRG-10667,Pothole,25.461189,81.852303,Katra / Allahabad Univ,Low,In Progress,PWD_Road_Maintenance,https://storage.roadguard.ai/prayagraj/defects/img_10667.jpg,2026-02-23T03:42:12,,1
REP-PRG-10668,Pothole,25.444093,81.83558,MG Marg Corridor,Moderate,Assigned,PWD_Road_Maintenance,https://storage.roadguard.ai/prayagraj/defects/img_10668.jpg,2026-06-23T04:27:27,,1
REP-PRG-10669,Garbage Accumulation,25.521895,81.866363,Phaphamau NH-19 Junction,Moderate,AI Verified,Prayagraj_Nagar_Nigam_Sanitation,https://storage.roadguard.ai/prayagraj/defects/img_10669.jpg,2026-06-28T18:28:21,,1
REP-PRG-10670,Drainage Issues,25.450285,81.838024,MG Marg Corridor,Moderate,Resolved,Jal_Sansthan_Drainage_Div,https://storage.roadguard.ai/prayagraj/defects/img_10670.jpg,2026-06-25T19:23:00,2026-07-05T19:23:00,0
REP-PRG-10671,Pothole,25.452496,81.847525,MG Marg Corridor,Moderate,Assigned,PWD_Road_Maintenance,https://storage.roadguard.ai/prayagraj/defects/img_10671.jpg,2026-04-24T16:12:43,,1
REP-PRG-10672,Garbage Accumulation,25.435596,81.758121,Jhalwa / IIIT-A Corridor,Moderate,Assigned,Prayagraj_Nagar_Nigam_Sanitation,https://storage.roadguard.ai/prayagraj/defects/img_10672.jpg,2026-02-19T18:42:38,,1
REP-PRG-10673,Pothole,25.489569,81.937475,NH-19 Bypass (Varanasi-Kanpur),High,AI Verified,PWD_Road_Maintenance,https://storage.roadguard.ai/prayagraj/defects/img_10673.jpg,2026-02-15T02:42:30,,1
REP-PRG-10674,Pothole,25.374065,81.863202,Naini Industrial Area,Moderate,Assigned,PWD_Road_Maintenance,https://storage.roadguard.ai/prayagraj/defects/img_10674.jpg,2026-02-03T13:51:33,,1
REP-PRG-10675,Pothole,25.450639,81.840584,Katra / Allahabad Univ,Moderate,Resolved,PWD_Road_Maintenance,https://storage.roadguard.ai/prayagraj/defects/img_10675.jpg,2026-01-11T13:35:46,2026-01-18T13:35:46,0
REP-PRG-10676,Garbage Accumulation,25.453332,81.844073,MG Marg Corridor,High,In Progress,Prayagraj_Nagar_Nigam_Sanitation,https://storage.roadguard.ai/prayagraj/defects/img_10676.jpg,2026-03-20T01:51:37,,1
REP-PRG-10677,Pothole,25.423388,81.749272,Jhalwa / IIIT-A Corridor,High,Assigned,PWD_Road_Maintenance,https://storage.roadguard.ai/prayagraj/defects/img_10677.jpg,2026-02-18T02:57:16,,1
REP-PRG-10678,Garbage Accumulation,25.42563,81.883134,Sangam / Daraganj,Low,Assigned,Prayagraj_Nagar_Nigam_Sanitation,https://storage.roadguard.ai/prayagraj/defects/img_10678.jpg,2026-04-14T11:20:51,,1
REP-PRG-10679,Pothole,25.416169,81.771467,Jhalwa / IIIT-A Corridor,Moderate,AI Verified,PWD_Road_Maintenance,https://storage.roadguard.ai/prayagraj/defects/img_10679.jpg,2026-04-03T18:41:19,,1
REP-PRG-10680,Drainage Issues,25.511878,81.862634,Curzon Bridge / Phaphamau,High,AI Verified,Jal_Sansthan_Drainage_Div,https://storage.roadguard.ai/prayagraj/defects/img_10680.jpg,2026-05-25T07:38:25,,1
REP-PRG-10681,Pothole,25.453557,81.827115,Civil Lines,Moderate,AI Verified,PWD_Road_Maintenance,https://storage.roadguard.ai/prayagraj/defects/img_10681.jpg,2026-06-15T06:20:39,,1
REP-PRG-10682,Drainage Issues,25.534573,81.863732,Phaphamau NH-19 Junction,High,AI Verified,Jal_Sansthan_Drainage_Div,https://storage.roadguard.ai/prayagraj/defects/img_10682.jpg,2026-01-30T22:02:57,,1
REP-PRG-10683,Streetlight Defect,25.459782,81.847534,Katra / Allahabad Univ,Moderate,Resolved,UPPCL_Streetlight_Cell,https://storage.roadguard.ai/prayagraj/defects/img_10683.jpg,2026-04-07T02:43:31,2026-04-21T02:43:31,0
REP-PRG-10684,Streetlight Defect,25.443454,81.820922,Prayagraj Junction (Civil Lines side),Low,In Progress,UPPCL_Streetlight_Cell,https://storage.roadguard.ai/prayagraj/defects/img_10684.jpg,2026-02-19T19:39:44,,1
REP-PRG-10685,Pothole,25.445616,81.841694,Prayagraj Junction (Civil Lines side),Low,Resolved,PWD_Road_Maintenance,https://storage.roadguard.ai/prayagraj/defects/img_10685.jpg,2026-05-19T03:24:48,2026-05-21T03:24:48,0
REP-PRG-10686,Pothole,25.419025,81.867092,Sangam / Daraganj,High,AI Verified,PWD_Road_Maintenance,https://storage.roadguard.ai/prayagraj/defects/img_10686.jpg,2026-06-25T23:26:41,,1
REP-PRG-10687,Pothole,25.396769,81.863325,Naini Industrial Area,High,In Progress,PWD_Road_Maintenance,https://storage.roadguard.ai/prayagraj/defects/img_10687.jpg,2026-04-23T07:32:26,,1
REP-PRG-10688,Garbage Accumulation,25.424647,81.888319,Sangam / Daraganj,Low,AI Verified,Prayagraj_Nagar_Nigam_Sanitation,https://storage.roadguard.ai/prayagraj/defects/img_10688.jpg,2026-03-26T09:22:45,,1
REP-PRG-10689,Pothole,25.425155,81.894608,Sangam / Daraganj,Low,AI Verified,PWD_Road_Maintenance,https://storage.roadguard.ai/prayagraj/defects/img_10689.jpg,2026-01-20T04:56:01,,1
REP-PRG-10690,Drainage Issues,25.530423,81.861097,Phaphamau NH-19 Junction,Moderate,AI Verified,Jal_Sansthan_Drainage_Div,https://storage.roadguard.ai/prayagraj/defects/img_10690.jpg,2026-04-14T23:45:57,,1
REP-PRG-10691,Pothole,25.437258,81.815154,Kareli Urban Zone,High,Assigned,PWD_Road_Maintenance,https://storage.roadguard.ai/prayagraj/defects/img_10691.jpg,2026-06-15T06:30:48,,1
REP-PRG-10692,Garbage Accumulation,25.435937,81.882394,Sangam / Daraganj,Moderate,Assigned,Prayagraj_Nagar_Nigam_Sanitation,https://storage.roadguard.ai/prayagraj/defects/img_10692.jpg,2026-01-19T21:01:24,,1
REP-PRG-10693,Pothole,25.457414,81.840492,Prayagraj Junction (Civil Lines side),High,AI Verified,PWD_Road_Maintenance,https://storage.roadguard.ai/prayagraj/defects/img_10693.jpg,2026-01-23T18:14:59,,1
REP-PRG-10694,Pothole,25.510256,81.923973,NH-19 Bypass (Varanasi-Kanpur),High,Reported,PWD_Road_Maintenance,https://storage.roadguard.ai/prayagraj/defects/img_10694.jpg,2026-02-11T03:25:22,,1
REP-PRG-10695,Pothole,25.52868,81.859578,Phaphamau NH-19 Junction,Moderate,In Progress,PWD_Road_Maintenance,https://storage.roadguard.ai/prayagraj/defects/img_10695.jpg,2026-05-20T18:44:23,,1
REP-PRG-10696,Pothole,25.434107,81.856092,Naini Old Bridge (Yamuna),Critical,Resolved,PWD_Road_Maintenance,https://storage.roadguard.ai/prayagraj/defects/img_10696.jpg,2026-06-15T21:35:06,2026-06-17T21:35:06,0
REP-PRG-10697,Pothole,25.415077,81.856477,Naini Old Bridge (Yamuna),Low,Assigned,PWD_Road_Maintenance,https://storage.roadguard.ai/prayagraj/defects/img_10697.jpg,2026-05-19T03:56:05,,1
REP-PRG-10698,Pothole,25.419223,81.872227,Sangam / Daraganj,High,Resolved,PWD_Road_Maintenance,https://storage.roadguard.ai/prayagraj/defects/img_10698.jpg,2026-03-30T15:42:32,2026-04-07T15:42:32,0
REP-PRG-10699,Pothole,25.456603,81.822745,Prayagraj Junction (Civil Lines side),Low,Assigned,PWD_Road_Maintenance,https://storage.roadguard.ai/prayagraj/defects/img_10699.jpg,2026-03-06T15:04:30,,1
REP-PRG-10700,Pothole,25.376625,81.869293,Naini Industrial Area,High,In Progress,PWD_Road_Maintenance,https://storage.roadguard.ai/prayagraj/defects/img_10700.jpg,2026-05-22T00:47:38,,1
REP-PRG-10701,Pothole,25.439486,81.885752,Sangam / Daraganj,Low,Reported,PWD_Road_Maintenance,https://storage.roadguard.ai/prayagraj/defects/img_10701.jpg,2026-05-30T01:44:17,,1
REP-PRG-10702,Pothole,25.427968,81.813946,Kareli Urban Zone,High,AI Verified,PWD_Road_Maintenance,https://storage.roadguard.ai/prayagraj/defects/img_10702.jpg,2026-03-15T06:33:21,,1
REP-PRG-10703,Drainage Issues,25.418626,81.892011,Sangam / Daraganj,Moderate,AI Verified,Jal_Sansthan_Drainage_Div,https://storage.roadguard.ai/prayagraj/defects/img_10703.jpg,2026-06-07T19:07:45,,1
REP-PRG-10704,Streetlight Defect,25.415419,81.852993,Naini Old Bridge (Yamuna),Moderate,AI Verified,UPPCL_Streetlight_Cell,https://storage.roadguard.ai/prayagraj/defects/img_10704.jpg,2026-04-20T14:08:23,,1
REP-PRG-10705,Pothole,25.463226,81.83935,Civil Lines,High,Assigned,PWD_Road_Maintenance,https://storage.roadguard.ai/prayagraj/defects/img_10705.jpg,2026-06-14T23:52:43,,1
REP-PRG-10706,Drainage Issues,25.463647,81.87232,Katra / Allahabad Univ,Low,Assigned,Jal_Sansthan_Drainage_Div,https://storage.roadguard.ai/prayagraj/defects/img_10706.jpg,2026-05-04T00:51:06,,1
REP-PRG-10707,Pothole,25.504852,81.937423,NH-19 Bypass (Varanasi-Kanpur),Moderate,Assigned,PWD_Road_Maintenance,https://storage.roadguard.ai/prayagraj/defects/img_10707.jpg,2026-02-15T07:30:13,,1
REP-PRG-10708,Drainage Issues,25.430456,81.882149,Sangam / Daraganj,High,Reported,Jal_Sansthan_Drainage_Div,https://storage.roadguard.ai/prayagraj/defects/img_10708.jpg,2026-05-18T15:09:06,,1
REP-PRG-10709,Garbage Accumulation,25.472228,81.859063,Katra / Allahabad Univ,High,Assigned,Prayagraj_Nagar_Nigam_Sanitation,https://storage.roadguard.ai/prayagraj/defects/img_10709.jpg,2026-01-06T02:27:56,,1
REP-PRG-10710,Garbage Accumulation,25.456906,81.84348,Civil Lines,Moderate,In Progress,Prayagraj_Nagar_Nigam_Sanitation,https://storage.roadguard.ai/prayagraj/defects/img_10710.jpg,2026-02-24T09:20:04,,1
REP-PRG-10711,Streetlight Defect,25.45708,81.848286,Katra / Allahabad Univ,Critical,AI Verified,UPPCL_Streetlight_Cell,https://storage.roadguard.ai/prayagraj/defects/img_10711.jpg,2026-02-08T21:19:08,,1
REP-PRG-10712,Pothole,25.483642,81.847269,Teliyarganj / MNNIT Area,High,Assigned,PWD_Road_Maintenance,https://storage.roadguard.ai/prayagraj/defects/img_10712.jpg,2026-03-16T12:52:28,,1
REP-PRG-10713,Streetlight Defect,25.52645,81.921174,NH-19 Bypass (Varanasi-Kanpur),Low,AI Verified,UPPCL_Streetlight_Cell,https://storage.roadguard.ai/prayagraj/defects/img_10713.jpg,2026-01-03T16:41:50,,1
REP-PRG-10714,Garbage Accumulation,25.43723,81.887785,Shastri Bridge (Ganga),Low,AI Verified,Prayagraj_Nagar_Nigam_Sanitation,https://storage.roadguard.ai/prayagraj/defects/img_10714.jpg,2026-05-26T04:36:02,,1
REP-PRG-10715,Garbage Accumulation,25.420459,81.861526,Naini Old Bridge (Yamuna),Moderate,AI Verified,Prayagraj_Nagar_Nigam_Sanitation,https://storage.roadguard.ai/prayagraj/defects/img_10715.jpg,2026-02-27T01:45:16,,1
REP-PRG-10716,Pothole,25.531884,81.860335,Phaphamau NH-19 Junction,Moderate,Reported,PWD_Road_Maintenance,https://storage.roadguard.ai/prayagraj/defects/img_10716.jpg,2026-02-23T02:51:20,,1
REP-PRG-10717,Pothole,25.426663,81.772261,Jhalwa / IIIT-A Corridor,Critical,In Progress,PWD_Road_Maintenance,https://storage.roadguard.ai/prayagraj/defects/img_10717.jpg,2026-01-12T07:36:43,,1
REP-PRG-10718,Pothole,25.41801,81.832859,Kareli Urban Zone,Critical,Assigned,PWD_Road_Maintenance,https://storage.roadguard.ai/prayagraj/defects/img_10718.jpg,2026-03-12T17:35:13,,1
REP-PRG-10719,Pothole,25.442928,81.895879,Shastri Bridge (Ganga),Moderate,Assigned,PWD_Road_Maintenance,https://storage.roadguard.ai/prayagraj/defects/img_10719.jpg,2026-01-21T02:48:40,,1
REP-PRG-10720,Pothole,25.465303,81.864388,Katra / Allahabad Univ,Critical,Assigned,PWD_Road_Maintenance,https://storage.roadguard.ai/prayagraj/defects/img_10720.jpg,2026-04-01T20:33:44,,1
REP-PRG-10721,Garbage Accumulation,25.440948,81.837625,Rambagh Railway Station Area,Critical,Reported,Prayagraj_Nagar_Nigam_Sanitation,https://storage.roadguard.ai/prayagraj/defects/img_10721.jpg,2026-02-06T00:00:58,,1
REP-PRG-10722,Pothole,25.442198,81.884789,Shastri Bridge (Ganga),Moderate,AI Verified,PWD_Road_Maintenance,https://storage.roadguard.ai/prayagraj/defects/img_10722.jpg,2026-02-08T14:48:18,,1
REP-PRG-10723,Pothole,25.434771,81.894691,Shastri Bridge (Ganga),High,Reported,PWD_Road_Maintenance,https://storage.roadguard.ai/prayagraj/defects/img_10723.jpg,2026-02-28T23:05:44,,1
REP-PRG-10724,Garbage Accumulation,25.429906,81.82017,Kareli Urban Zone,Moderate,AI Verified,Prayagraj_Nagar_Nigam_Sanitation,https://storage.roadguard.ai/prayagraj/defects/img_10724.jpg,2026-02-24T05:30:36,,1
REP-PRG-10725,Streetlight Defect,25.441471,81.903618,Shastri Bridge (Ganga),Moderate,AI Verified,UPPCL_Streetlight_Cell,https://storage.roadguard.ai/prayagraj/defects/img_10725.jpg,2026-02-03T04:52:48,,1
REP-PRG-10726,Pothole,25.440926,81.910813,Shastri Bridge (Ganga),Moderate,In Progress,PWD_Road_Maintenance,https://storage.roadguard.ai/prayagraj/defects/img_10726.jpg,2026-02-07T10:02:08,,1
REP-PRG-10727,Pothole,25.443524,81.875914,Shastri Bridge (Ganga),Low,Resolved,PWD_Road_Maintenance,https://storage.roadguard.ai/prayagraj/defects/img_10727.jpg,2026-06-04T04:31:12,2026-06-16T04:31:12,0
REP-PRG-10728,Drainage Issues,25.458627,81.837949,Civil Lines,High,In Progress,Jal_Sansthan_Drainage_Div,https://storage.roadguard.ai/prayagraj/defects/img_10728.jpg,2026-01-22T15:53:09,,1
REP-PRG-10729,Streetlight Defect,25.520318,81.935385,NH-19 Bypass (Varanasi-Kanpur),Moderate,AI Verified,UPPCL_Streetlight_Cell,https://storage.roadguard.ai/prayagraj/defects/img_10729.jpg,2026-02-26T22:57:20,,1
REP-PRG-10730,Garbage Accumulation,25.416892,81.845206,Naini Old Bridge (Yamuna),High,AI Verified,Prayagraj_Nagar_Nigam_Sanitation,https://storage.roadguard.ai/prayagraj/defects/img_10730.jpg,2026-06-19T02:35:52,,1
REP-PRG-10731,Pothole,25.458328,81.848196,Katra / Allahabad Univ,High,Resolved,PWD_Road_Maintenance,https://storage.roadguard.ai/prayagraj/defects/img_10731.jpg,2026-06-03T05:30:10,2026-06-06T05:30:10,0
REP-PRG-10732,Pothole,25.520356,81.869709,Phaphamau NH-19 Junction,Low,Reported,PWD_Road_Maintenance,https://storage.roadguard.ai/prayagraj/defects/img_10732.jpg,2026-05-15T02:21:47,,1
REP-PRG-10733,Garbage Accumulation,25.463359,81.743157,GT Road / Bamrauli Corridor,High,AI Verified,Prayagraj_Nagar_Nigam_Sanitation,https://storage.roadguard.ai/prayagraj/defects/img_10733.jpg,2026-06-08T05:50:18,,1
REP-PRG-10734,Drainage Issues,25.439433,81.841557,MG Marg Corridor,Moderate,In Progress,Jal_Sansthan_Drainage_Div,https://storage.roadguard.ai/prayagraj/defects/img_10734.jpg,2026-01-25T01:33:28,,1
REP-PRG-10735,Drainage Issues,25.427573,81.850122,Naini Old Bridge (Yamuna),Moderate,Reported,Jal_Sansthan_Drainage_Div,https://storage.roadguard.ai/prayagraj/defects/img_10735.jpg,2026-06-24T07:38:16,,1
REP-PRG-10736,Streetlight Defect,25.448928,81.740118,GT Road / Bamrauli Corridor,Moderate,Reported,UPPCL_Streetlight_Cell,https://storage.roadguard.ai/prayagraj/defects/img_10736.jpg,2026-05-16T23:37:04,,1
REP-PRG-10737,Drainage Issues,25.518721,81.870186,Phaphamau NH-19 Junction,Moderate,In Progress,Jal_Sansthan_Drainage_Div,https://storage.roadguard.ai/prayagraj/defects/img_10737.jpg,2026-04-01T05:26:47,,1
REP-PRG-10738,Streetlight Defect,25.384032,81.868356,Naini Industrial Area,Moderate,In Progress,UPPCL_Streetlight_Cell,https://storage.roadguard.ai/prayagraj/defects/img_10738.jpg,2026-01-22T18:18:48,,1
REP-PRG-10739,Pothole,25.4429,81.7365,GT Road / Bamrauli Corridor,Low,Assigned,PWD_Road_Maintenance,https://storage.roadguard.ai/prayagraj/defects/img_10739.jpg,2026-01-03T05:02:37,,1
REP-PRG-10740,Pothole,25.452779,81.825017,Prayagraj Junction (Civil Lines side),Low,Assigned,PWD_Road_Maintenance,https://storage.roadguard.ai/prayagraj/defects/img_10740.jpg,2026-06-26T19:30:05,,1
REP-PRG-10741,Pothole,25.463816,81.736803,GT Road / Bamrauli Corridor,Low,Assigned,PWD_Road_Maintenance,https://storage.roadguard.ai/prayagraj/defects/img_10741.jpg,2026-03-06T17:30:49,,1
REP-PRG-10742,Streetlight Defect,25.451797,81.747461,GT Road / Bamrauli Corridor,High,Resolved,UPPCL_Streetlight_Cell,https://storage.roadguard.ai/prayagraj/defects/img_10742.jpg,2026-04-12T15:24:58,2026-04-20T15:24:58,0
REP-PRG-10743,Pothole,25.428153,81.833914,Rambagh Railway Station Area,Moderate,AI Verified,PWD_Road_Maintenance,https://storage.roadguard.ai/prayagraj/defects/img_10743.jpg,2026-03-21T05:01:53,,1
REP-PRG-10744,Garbage Accumulation,25.415795,81.780101,Jhalwa / IIIT-A Corridor,Moderate,Reported,Prayagraj_Nagar_Nigam_Sanitation,https://storage.roadguard.ai/prayagraj/defects/img_10744.jpg,2026-06-18T12:20:08,,1
REP-PRG-10745,Streetlight Defect,25.520585,81.885466,Phaphamau NH-19 Junction,High,AI Verified,UPPCL_Streetlight_Cell,https://storage.roadguard.ai/prayagraj/defects/img_10745.jpg,2026-02-25T02:30:29,,1
REP-PRG-10746,Garbage Accumulation,25.487486,81.864476,Teliyarganj / MNNIT Area,High,Assigned,Prayagraj_Nagar_Nigam_Sanitation,https://storage.roadguard.ai/prayagraj/defects/img_10746.jpg,2026-06-25T09:53:42,,1
REP-PRG-10747,Pothole,25.451337,81.906049,Shastri Bridge (Ganga),High,In Progress,PWD_Road_Maintenance,https://storage.roadguard.ai/prayagraj/defects/img_10747.jpg,2026-02-08T01:10:22,,1
REP-PRG-10748,Pothole,25.466492,81.749667,GT Road / Bamrauli Corridor,Moderate,AI Verified,PWD_Road_Maintenance,https://storage.roadguard.ai/prayagraj/defects/img_10748.jpg,2026-06-05T09:22:28,,1
REP-PRG-10749,Drainage Issues,25.500193,81.86774,Teliyarganj / MNNIT Area,Moderate,Assigned,Jal_Sansthan_Drainage_Div,https://storage.roadguard.ai/prayagraj/defects/img_10749.jpg,2026-03-16T05:45:11,,1
REP-PRG-10750,Drainage Issues,25.455227,81.833591,MG Marg Corridor,High,Assigned,Jal_Sansthan_Drainage_Div,https://storage.roadguard.ai/prayagraj/defects/img_10750.jpg,2026-04-23T08:23:23,,1
REP-PRG-10751,Drainage Issues,25.505454,81.857973,Curzon Bridge / Phaphamau,Critical,Assigned,Jal_Sansthan_Drainage_Div,https://storage.roadguard.ai/prayagraj/defects/img_10751.jpg,2026-02-19T09:13:25,,1
REP-PRG-10752,Streetlight Defect,25.445639,81.824374,Prayagraj Junction (Civil Lines side),Moderate,AI Verified,UPPCL_Streetlight_Cell,https://storage.roadguard.ai/prayagraj/defects/img_10752.jpg,2026-01-10T21:05:51,,1
REP-PRG-10753,Garbage Accumulation,25.530571,81.872642,Phaphamau NH-19 Junction,Critical,Reported,Prayagraj_Nagar_Nigam_Sanitation,https://storage.roadguard.ai/prayagraj/defects/img_10753.jpg,2026-03-12T22:32:34,,1
REP-PRG-10754,Garbage Accumulation,25.428707,81.78182,Jhalwa / IIIT-A Corridor,Moderate,AI Verified,Prayagraj_Nagar_Nigam_Sanitation,https://storage.roadguard.ai/prayagraj/defects/img_10754.jpg,2026-01-04T10:29:53,,1
REP-PRG-10755,Streetlight Defect,25.420866,81.878451,Sangam / Daraganj,High,Assigned,UPPCL_Streetlight_Cell,https://storage.roadguard.ai/prayagraj/defects/img_10755.jpg,2026-05-30T20:40:25,,1
REP-PRG-10756,Drainage Issues,25.422265,81.755068,Jhalwa / IIIT-A Corridor,Moderate,Assigned,Jal_Sansthan_Drainage_Div,https://storage.roadguard.ai/prayagraj/defects/img_10756.jpg,2026-02-20T00:33:26,,1
REP-PRG-10757,Streetlight Defect,25.491339,81.862026,Teliyarganj / MNNIT Area,Moderate,AI Verified,UPPCL_Streetlight_Cell,https://storage.roadguard.ai/prayagraj/defects/img_10757.jpg,2026-01-29T04:20:20,,1
REP-PRG-10758,Streetlight Defect,25.442108,81.885046,Sangam / Daraganj,Moderate,Reported,UPPCL_Streetlight_Cell,https://storage.roadguard.ai/prayagraj/defects/img_10758.jpg,2026-05-12T17:22:56,,1
REP-PRG-10759,Garbage Accumulation,25.451807,81.869833,Katra / Allahabad Univ,Critical,Assigned,Prayagraj_Nagar_Nigam_Sanitation,https://storage.roadguard.ai/prayagraj/defects/img_10759.jpg,2026-03-04T20:22:00,,1
REP-PRG-10760,Garbage Accumulation,25.519768,81.934657,NH-19 Bypass (Varanasi-Kanpur),Critical,In Progress,Prayagraj_Nagar_Nigam_Sanitation,https://storage.roadguard.ai/prayagraj/defects/img_10760.jpg,2026-05-04T12:13:59,,1
REP-PRG-10761,Pothole,25.458188,81.847324,Katra / Allahabad Univ,High,Resolved,PWD_Road_Maintenance,https://storage.roadguard.ai/prayagraj/defects/img_10761.jpg,2026-06-23T16:22:17,2026-07-07T16:22:17,0
REP-PRG-10762,Pothole,25.417022,81.82871,Kareli Urban Zone,Moderate,Assigned,PWD_Road_Maintenance,https://storage.roadguard.ai/prayagraj/defects/img_10762.jpg,2026-06-29T17:35:17,,1
REP-PRG-10763,Pothole,25.540077,81.877346,Phaphamau NH-19 Junction,Moderate,Assigned,PWD_Road_Maintenance,https://storage.roadguard.ai/prayagraj/defects/img_10763.jpg,2026-03-29T10:46:05,,1
REP-PRG-10764,Streetlight Defect,25.435089,81.881043,Shastri Bridge (Ganga),Moderate,In Progress,UPPCL_Streetlight_Cell,https://storage.roadguard.ai/prayagraj/defects/img_10764.jpg,2026-03-10T14:39:17,,1
REP-PRG-10765,Streetlight Defect,25.513127,81.843852,Curzon Bridge / Phaphamau,Low,Assigned,UPPCL_Streetlight_Cell,https://storage.roadguard.ai/prayagraj/defects/img_10765.jpg,2026-03-09T15:31:42,,1
REP-PRG-10766,Pothole,25.527585,81.863819,Phaphamau NH-19 Junction,Moderate,Assigned,PWD_Road_Maintenance,https://storage.roadguard.ai/prayagraj/defects/img_10766.jpg,2026-02-09T11:53:03,,1
REP-PRG-10767,Drainage Issues,25.381272,81.852242,Naini Industrial Area,High,Assigned,Jal_Sansthan_Drainage_Div,https://storage.roadguard.ai/prayagraj/defects/img_10767.jpg,2026-06-07T08:14:28,,1
REP-PRG-10768,Drainage Issues,25.453109,81.833738,MG Marg Corridor,Moderate,AI Verified,Jal_Sansthan_Drainage_Div,https://storage.roadguard.ai/prayagraj/defects/img_10768.jpg,2026-05-28T18:00:09,,1
REP-PRG-10769,Pothole,25.430141,81.825022,Rambagh Railway Station Area,High,Assigned,PWD_Road_Maintenance,https://storage.roadguard.ai/prayagraj/defects/img_10769.jpg,2026-04-12T16:05:10,,1
REP-PRG-10770,Pothole,25.41778,81.869178,Naini Old Bridge (Yamuna),High,AI Verified,PWD_Road_Maintenance,https://storage.roadguard.ai/prayagraj/defects/img_10770.jpg,2026-05-19T09:11:08,,1
REP-PRG-10771,Pothole,25.46029,81.824343,Prayagraj Junction (Civil Lines side),High,In Progress,PWD_Road_Maintenance,https://storage.roadguard.ai/prayagraj/defects/img_10771.jpg,2026-04-28T12:22:56,,1
REP-PRG-10772,Streetlight Defect,25.442182,81.83175,Prayagraj Junction (Civil Lines side),High,Reported,UPPCL_Streetlight_Cell,https://storage.roadguard.ai/prayagraj/defects/img_10772.jpg,2026-02-23T21:48:52,,1
REP-PRG-10773,Pothole,25.377013,81.867414,Naini Industrial Area,High,AI Verified,PWD_Road_Maintenance,https://storage.roadguard.ai/prayagraj/defects/img_10773.jpg,2026-05-21T17:34:12,,1
REP-PRG-10774,Pothole,25.531129,81.874815,Phaphamau NH-19 Junction,Critical,AI Verified,PWD_Road_Maintenance,https://storage.roadguard.ai/prayagraj/defects/img_10774.jpg,2026-02-18T02:09:34,,1
REP-PRG-10775,Pothole,25.449199,81.738371,GT Road / Bamrauli Corridor,High,AI Verified,PWD_Road_Maintenance,https://storage.roadguard.ai/prayagraj/defects/img_10775.jpg,2026-04-13T18:10:51,,1
REP-PRG-10776,Pothole,25.502976,81.923385,NH-19 Bypass (Varanasi-Kanpur),Low,Assigned,PWD_Road_Maintenance,https://storage.roadguard.ai/prayagraj/defects/img_10776.jpg,2026-02-28T11:38:10,,1
REP-PRG-10777,Garbage Accumulation,25.458188,81.857939,Katra / Allahabad Univ,Moderate,In Progress,Prayagraj_Nagar_Nigam_Sanitation,https://storage.roadguard.ai/prayagraj/defects/img_10777.jpg,2026-02-20T13:18:36,,1
REP-PRG-10778,Streetlight Defect,25.425309,81.848575,Naini Old Bridge (Yamuna),Low,AI Verified,UPPCL_Streetlight_Cell,https://storage.roadguard.ai/prayagraj/defects/img_10778.jpg,2026-02-05T06:57:40,,1
REP-PRG-10779,Streetlight Defect,25.458942,81.825831,Prayagraj Junction (Civil Lines side),Moderate,AI Verified,UPPCL_Streetlight_Cell,https://storage.roadguard.ai/prayagraj/defects/img_10779.jpg,2026-03-07T04:28:00,,1
REP-PRG-10780,Pothole,25.448829,81.832022,MG Marg Corridor,High,Reported,PWD_Road_Maintenance,https://storage.roadguard.ai/prayagraj/defects/img_10780.jpg,2026-03-08T01:21:00,,1
REP-PRG-10781,Streetlight Defect,25.365606,81.872072,Naini Industrial Area,Moderate,AI Verified,UPPCL_Streetlight_Cell,https://storage.roadguard.ai/prayagraj/defects/img_10781.jpg,2026-05-25T04:17:51,,1
REP-PRG-10782,Pothole,25.465895,81.852749,Katra / Allahabad Univ,Moderate,AI Verified,PWD_Road_Maintenance,https://storage.roadguard.ai/prayagraj/defects/img_10782.jpg,2026-06-24T06:02:54,,1
REP-PRG-10783,Streetlight Defect,25.512536,81.862128,Curzon Bridge / Phaphamau,High,Assigned,UPPCL_Streetlight_Cell,https://storage.roadguard.ai/prayagraj/defects/img_10783.jpg,2026-03-14T20:55:44,,1
REP-PRG-10784,Garbage Accumulation,25.4075,81.815768,Kareli Urban Zone,Moderate,Assigned,Prayagraj_Nagar_Nigam_Sanitation,https://storage.roadguard.ai/prayagraj/defects/img_10784.jpg,2026-01-21T21:52:27,,1
REP-PRG-10785,Streetlight Defect,25.451354,81.848966,Georgetown,Critical,In Progress,UPPCL_Streetlight_Cell,https://storage.roadguard.ai/prayagraj/defects/img_10785.jpg,2026-06-13T20:17:02,,1
REP-PRG-10786,Streetlight Defect,25.452348,81.729147,GT Road / Bamrauli Corridor,Moderate,In Progress,UPPCL_Streetlight_Cell,https://storage.roadguard.ai/prayagraj/defects/img_10786.jpg,2026-01-19T10:52:49,,1
REP-PRG-10787,Pothole,25.442731,81.889715,Shastri Bridge (Ganga),Moderate,Assigned,PWD_Road_Maintenance,https://storage.roadguard.ai/prayagraj/defects/img_10787.jpg,2026-03-11T06:02:29,,1
REP-PRG-10788,Pothole,25.479079,81.872318,Teliyarganj / MNNIT Area,Moderate,In Progress,PWD_Road_Maintenance,https://storage.roadguard.ai/prayagraj/defects/img_10788.jpg,2026-04-04T05:22:08,,1
REP-PRG-10789,Drainage Issues,25.441123,81.821518,Prayagraj Junction (Civil Lines side),Moderate,AI Verified,Jal_Sansthan_Drainage_Div,https://storage.roadguard.ai/prayagraj/defects/img_10789.jpg,2026-01-06T12:33:09,,1
REP-PRG-10790,Garbage Accumulation,25.526605,81.874189,Phaphamau NH-19 Junction,Critical,Assigned,Prayagraj_Nagar_Nigam_Sanitation,https://storage.roadguard.ai/prayagraj/defects/img_10790.jpg,2026-01-21T15:40:00,,1
REP-PRG-10791,Pothole,25.430873,81.890493,Shastri Bridge (Ganga),Low,Resolved,PWD_Road_Maintenance,https://storage.roadguard.ai/prayagraj/defects/img_10791.jpg,2026-05-03T03:58:04,2026-05-05T03:58:04,0
REP-PRG-10792,Garbage Accumulation,25.456031,81.840445,Civil Lines,Moderate,Resolved,Prayagraj_Nagar_Nigam_Sanitation,https://storage.roadguard.ai/prayagraj/defects/img_10792.jpg,2026-01-27T17:33:20,2026-02-07T17:33:20,0
REP-PRG-10793,Pothole,25.419412,81.852064,Naini Old Bridge (Yamuna),Critical,AI Verified,PWD_Road_Maintenance,https://storage.roadguard.ai/prayagraj/defects/img_10793.jpg,2026-02-28T17:00:26,,1
REP-PRG-10794,Streetlight Defect,25.438379,81.859689,Georgetown,Low,Assigned,UPPCL_Streetlight_Cell,https://storage.roadguard.ai/prayagraj/defects/img_10794.jpg,2026-02-13T09:02:24,,1
REP-PRG-10795,Garbage Accumulation,25.440423,81.814629,MG Marg Corridor,High,AI Verified,Prayagraj_Nagar_Nigam_Sanitation,https://storage.roadguard.ai/prayagraj/defects/img_10795.jpg,2026-05-03T01:00:35,,1
REP-PRG-10796,Streetlight Defect,25.463492,81.862231,Katra / Allahabad Univ,Low,Resolved,UPPCL_Streetlight_Cell,https://storage.roadguard.ai/prayagraj/defects/img_10796.jpg,2026-05-19T14:26:44,2026-05-30T14:26:44,0
REP-PRG-10797,Streetlight Defect,25.491097,81.921922,NH-19 Bypass (Varanasi-Kanpur),High,Assigned,UPPCL_Streetlight_Cell,https://storage.roadguard.ai/prayagraj/defects/img_10797.jpg,2026-05-16T07:17:38,,1
REP-PRG-10798,Drainage Issues,25.449953,81.87546,Georgetown,Moderate,AI Verified,Jal_Sansthan_Drainage_Div,https://storage.roadguard.ai/prayagraj/defects/img_10798.jpg,2026-01-24T00:05:15,,1
REP-PRG-10799,Pothole,25.445166,81.853176,Georgetown,Moderate,AI Verified,PWD_Road_Maintenance,https://storage.roadguard.ai/prayagraj/defects/img_10799.jpg,2026-01-02T03:03:12,,1
REP-PRG-10800,Pothole,25.416537,81.865999,Naini Old Bridge (Yamuna),Moderate,Reported,PWD_Road_Maintenance,https://storage.roadguard.ai/prayagraj/defects/img_10800.jpg,2026-05-07T01:22:10,,1
REP-PRG-10801,Pothole,25.439832,81.852606,Georgetown,Moderate,AI Verified,PWD_Road_Maintenance,https://storage.roadguard.ai/prayagraj/defects/img_10801.jpg,2026-03-01T08:15:46,,1
REP-PRG-10802,Pothole,25.424138,81.762373,Jhalwa / IIIT-A Corridor,Critical,AI Verified,PWD_Road_Maintenance,https://storage.roadguard.ai/prayagraj/defects/img_10802.jpg,2026-03-05T13:56:40,,1
REP-PRG-10803,Garbage Accumulation,25.492981,81.875997,Teliyarganj / MNNIT Area,Moderate,Reported,Prayagraj_Nagar_Nigam_Sanitation,https://storage.roadguard.ai/prayagraj/defects/img_10803.jpg,2026-06-10T16:43:19,,1
REP-PRG-10804,Garbage Accumulation,25.449585,81.825981,Prayagraj Junction (Civil Lines side),Critical,In Progress,Prayagraj_Nagar_Nigam_Sanitation,https://storage.roadguard.ai/prayagraj/defects/img_10804.jpg,2026-06-25T17:53:53,,1
REP-PRG-10805,Streetlight Defect,25.442666,81.846494,Georgetown,Moderate,AI Verified,UPPCL_Streetlight_Cell,https://storage.roadguard.ai/prayagraj/defects/img_10805.jpg,2026-02-18T10:29:33,,1
REP-PRG-10806,Pothole,25.446065,81.889377,Shastri Bridge (Ganga),Low,AI Verified,PWD_Road_Maintenance,https://storage.roadguard.ai/prayagraj/defects/img_10806.jpg,2026-04-26T17:54:29,,1
REP-PRG-10807,Pothole,25.438056,81.873545,Rambagh Railway Station Area,Low,Reported,PWD_Road_Maintenance,https://storage.roadguard.ai/prayagraj/defects/img_10807.jpg,2026-05-17T08:48:20,,1
REP-PRG-10808,Drainage Issues,25.44139,81.883986,Shastri Bridge (Ganga),Moderate,Reported,Jal_Sansthan_Drainage_Div,https://storage.roadguard.ai/prayagraj/defects/img_10808.jpg,2026-04-23T08:17:55,,1
REP-PRG-10809,Pothole,25.521589,81.874188,Phaphamau NH-19 Junction,Low,AI Verified,PWD_Road_Maintenance,https://storage.roadguard.ai/prayagraj/defects/img_10809.jpg,2026-04-18T19:20:38,,1
REP-PRG-10810,Drainage Issues,25.440406,81.836494,Rambagh Railway Station Area,Moderate,In Progress,Jal_Sansthan_Drainage_Div,https://storage.roadguard.ai/prayagraj/defects/img_10810.jpg,2026-03-26T10:55:15,,1
REP-PRG-10811,Pothole,25.425354,81.849655,Naini Old Bridge (Yamuna),High,Reported,PWD_Road_Maintenance,https://storage.roadguard.ai/prayagraj/defects/img_10811.jpg,2026-05-01T14:36:43,,1
REP-PRG-10812,Drainage Issues,25.526986,81.86664,Curzon Bridge / Phaphamau,Moderate,AI Verified,Jal_Sansthan_Drainage_Div,https://storage.roadguard.ai/prayagraj/defects/img_10812.jpg,2026-01-04T12:26:25,,1
REP-PRG-10813,Pothole,25.521421,81.875248,Phaphamau NH-19 Junction,Critical,AI Verified,PWD_Road_Maintenance,https://storage.roadguard.ai/prayagraj/defects/img_10813.jpg,2026-01-09T15:15:06,,1
REP-PRG-10814,Garbage Accumulation,25.510543,81.936822,NH-19 Bypass (Varanasi-Kanpur),Low,Assigned,Prayagraj_Nagar_Nigam_Sanitation,https://storage.roadguard.ai/prayagraj/defects/img_10814.jpg,2026-02-24T01:12:54,,1
REP-PRG-10815,Garbage Accumulation,25.495878,81.856229,Teliyarganj / MNNIT Area,Moderate,AI Verified,Prayagraj_Nagar_Nigam_Sanitation,https://storage.roadguard.ai/prayagraj/defects/img_10815.jpg,2026-06-11T09:32:09,,1
REP-PRG-10816,Pothole,25.441852,81.83624,Prayagraj Junction (Civil Lines side),Moderate,AI Verified,PWD_Road_Maintenance,https://storage.roadguard.ai/prayagraj/defects/img_10816.jpg,2026-04-03T09:53:47,,1
REP-PRG-10817,Drainage Issues,25.509322,81.854771,Curzon Bridge / Phaphamau,Moderate,AI Verified,Jal_Sansthan_Drainage_Div,https://storage.roadguard.ai/prayagraj/defects/img_10817.jpg,2026-01-04T14:05:36,,1
REP-PRG-10818,Streetlight Defect,25.452359,81.858389,Katra / Allahabad Univ,Moderate,AI Verified,UPPCL_Streetlight_Cell,https://storage.roadguard.ai/prayagraj/defects/img_10818.jpg,2026-01-12T05:09:22,,1
REP-PRG-10819,Garbage Accumulation,25.456,81.83946,Rambagh Railway Station Area,Low,In Progress,Prayagraj_Nagar_Nigam_Sanitation,https://storage.roadguard.ai/prayagraj/defects/img_10819.jpg,2026-03-05T13:44:29,,1
REP-PRG-10820,Pothole,25.439694,81.859298,Rambagh Railway Station Area,High,Resolved,PWD_Road_Maintenance,https://storage.roadguard.ai/prayagraj/defects/img_10820.jpg,2026-06-10T10:11:11,2026-06-12T10:11:11,0
REP-PRG-10821,Streetlight Defect,25.427363,81.773619,Jhalwa / IIIT-A Corridor,High,In Progress,UPPCL_Streetlight_Cell,https://storage.roadguard.ai/prayagraj/defects/img_10821.jpg,2026-02-03T01:45:42,,1
REP-PRG-10822,Pothole,25.516501,81.868426,Phaphamau NH-19 Junction,Moderate,Assigned,PWD_Road_Maintenance,https://storage.roadguard.ai/prayagraj/defects/img_10822.jpg,2026-03-30T23:58:23,,1
REP-PRG-10823,Pothole,25.510503,81.865886,Curzon Bridge / Phaphamau,Moderate,Assigned,PWD_Road_Maintenance,https://storage.roadguard.ai/prayagraj/defects/img_10823.jpg,2026-03-06T09:26:15,,1
REP-PRG-10824,Garbage Accumulation,25.448999,81.868717,Rambagh Railway Station Area,Moderate,Assigned,Prayagraj_Nagar_Nigam_Sanitation,https://storage.roadguard.ai/prayagraj/defects/img_10824.jpg,2026-05-06T14:54:34,,1
REP-PRG-10825,Streetlight Defect,25.443637,81.892606,Shastri Bridge (Ganga),Moderate,AI Verified,UPPCL_Streetlight_Cell,https://storage.roadguard.ai/prayagraj/defects/img_10825.jpg,2026-06-04T04:11:22,,1
REP-PRG-10826,Pothole,25.440555,81.887175,Shastri Bridge (Ganga),Low,AI Verified,PWD_Road_Maintenance,https://storage.roadguard.ai/prayagraj/defects/img_10826.jpg,2026-03-10T03:43:09,,1
REP-PRG-10827,Streetlight Defect,25.430708,81.767637,Jhalwa / IIIT-A Corridor,High,Assigned,UPPCL_Streetlight_Cell,https://storage.roadguard.ai/prayagraj/defects/img_10827.jpg,2026-02-17T08:40:53,,1
REP-PRG-10828,Garbage Accumulation,25.429348,81.780541,Jhalwa / IIIT-A Corridor,Moderate,Assigned,Prayagraj_Nagar_Nigam_Sanitation,https://storage.roadguard.ai/prayagraj/defects/img_10828.jpg,2026-06-19T03:37:22,,1
REP-PRG-10829,Pothole,25.483948,81.872119,Teliyarganj / MNNIT Area,High,In Progress,PWD_Road_Maintenance,https://storage.roadguard.ai/prayagraj/defects/img_10829.jpg,2026-02-10T06:19:12,,1
REP-PRG-10830,Pothole,25.455537,81.858055,Georgetown,High,Reported,PWD_Road_Maintenance,https://storage.roadguard.ai/prayagraj/defects/img_10830.jpg,2026-05-15T07:59:22,,1
REP-PRG-10831,Pothole,25.413025,81.875137,Sangam / Daraganj,Critical,AI Verified,PWD_Road_Maintenance,https://storage.roadguard.ai/prayagraj/defects/img_10831.jpg,2026-01-09T15:21:26,,1
REP-PRG-10832,Streetlight Defect,25.395376,81.864817,Naini Industrial Area,Low,Assigned,UPPCL_Streetlight_Cell,https://storage.roadguard.ai/prayagraj/defects/img_10832.jpg,2026-04-11T07:57:15,,1
REP-PRG-10833,Streetlight Defect,25.431506,81.843962,Rambagh Railway Station Area,High,AI Verified,UPPCL_Streetlight_Cell,https://storage.roadguard.ai/prayagraj/defects/img_10833.jpg,2026-04-04T16:02:10,,1
REP-PRG-10834,Pothole,25.436725,81.884374,Sangam / Daraganj,Critical,Assigned,PWD_Road_Maintenance,https://storage.roadguard.ai/prayagraj/defects/img_10834.jpg,2026-01-22T01:02:29,,1
REP-PRG-10835,Pothole,25.447089,81.835065,MG Marg Corridor,High,In Progress,PWD_Road_Maintenance,https://storage.roadguard.ai/prayagraj/defects/img_10835.jpg,2026-04-05T10:07:21,,1
REP-PRG-10836,Streetlight Defect,25.456866,81.847621,Katra / Allahabad Univ,High,In Progress,UPPCL_Streetlight_Cell,https://storage.roadguard.ai/prayagraj/defects/img_10836.jpg,2026-01-20T15:51:38,,1
REP-PRG-10837,Pothole,25.459923,81.825421,Prayagraj Junction (Civil Lines side),High,Assigned,PWD_Road_Maintenance,https://storage.roadguard.ai/prayagraj/defects/img_10837.jpg,2026-02-18T15:01:52,,1
REP-PRG-10838,Garbage Accumulation,25.456737,81.840171,Prayagraj Junction (Civil Lines side),Moderate,Resolved,Prayagraj_Nagar_Nigam_Sanitation,https://storage.roadguard.ai/prayagraj/defects/img_10838.jpg,2026-05-24T04:19:16,2026-06-01T04:19:16,0
REP-PRG-10839,Garbage Accumulation,25.392986,81.861547,Naini Industrial Area,Moderate,Assigned,Prayagraj_Nagar_Nigam_Sanitation,https://storage.roadguard.ai/prayagraj/defects/img_10839.jpg,2026-06-29T23:32:57,,1
REP-PRG-10840,Pothole,25.38823,81.864806,Naini Industrial Area,Low,AI Verified,PWD_Road_Maintenance,https://storage.roadguard.ai/prayagraj/defects/img_10840.jpg,2026-03-29T07:56:24,,1
REP-PRG-10841,Streetlight Defect,25.43177,81.892595,Shastri Bridge (Ganga),Moderate,Resolved,UPPCL_Streetlight_Cell,https://storage.roadguard.ai/prayagraj/defects/img_10841.jpg,2026-03-23T04:01:40,2026-03-30T04:01:40,0
REP-PRG-10842,Pothole,25.418568,81.779501,Jhalwa / IIIT-A Corridor,High,In Progress,PWD_Road_Maintenance,https://storage.roadguard.ai/prayagraj/defects/img_10842.jpg,2026-03-25T06:09:05,,1
REP-PRG-10843,Streetlight Defect,25.521283,81.866609,Phaphamau NH-19 Junction,Moderate,In Progress,UPPCL_Streetlight_Cell,https://storage.roadguard.ai/prayagraj/defects/img_10843.jpg,2026-03-07T21:06:27,,1
REP-PRG-10844,Streetlight Defect,25.512266,81.927929,NH-19 Bypass (Varanasi-Kanpur),Moderate,Assigned,UPPCL_Streetlight_Cell,https://storage.roadguard.ai/prayagraj/defects/img_10844.jpg,2026-03-15T05:41:27,,1
REP-PRG-10845,Streetlight Defect,25.457294,81.831101,Civil Lines,Critical,AI Verified,UPPCL_Streetlight_Cell,https://storage.roadguard.ai/prayagraj/defects/img_10845.jpg,2026-03-18T16:04:43,,1
REP-PRG-10846,Drainage Issues,25.51897,81.847232,Curzon Bridge / Phaphamau,Low,In Progress,Jal_Sansthan_Drainage_Div,https://storage.roadguard.ai/prayagraj/defects/img_10846.jpg,2026-06-26T18:02:50,,1
REP-PRG-10847,Streetlight Defect,25.448011,81.843511,Prayagraj Junction (Civil Lines side),Critical,AI Verified,UPPCL_Streetlight_Cell,https://storage.roadguard.ai/prayagraj/defects/img_10847.jpg,2026-01-11T00:45:41,,1
REP-PRG-10848,Pothole,25.419997,81.764578,Jhalwa / IIIT-A Corridor,Moderate,In Progress,PWD_Road_Maintenance,https://storage.roadguard.ai/prayagraj/defects/img_10848.jpg,2026-03-05T16:28:59,,1
REP-PRG-10849,Garbage Accumulation,25.464111,81.856437,Katra / Allahabad Univ,Low,AI Verified,Prayagraj_Nagar_Nigam_Sanitation,https://storage.roadguard.ai/prayagraj/defects/img_10849.jpg,2026-02-25T10:48:38,,1
REP-PRG-10850,Garbage Accumulation,25.422805,81.823913,Kareli Urban Zone,Low,In Progress,Prayagraj_Nagar_Nigam_Sanitation,https://storage.roadguard.ai/prayagraj/defects/img_10850.jpg,2026-06-27T04:58:47,,1
REP-PRG-10851,Streetlight Defect,25.390078,81.873878,Naini Industrial Area,Moderate,Assigned,UPPCL_Streetlight_Cell,https://storage.roadguard.ai/prayagraj/defects/img_10851.jpg,2026-05-28T21:53:30,,1
REP-PRG-10852,Garbage Accumulation,25.433279,81.87807,Sangam / Daraganj,Critical,AI Verified,Prayagraj_Nagar_Nigam_Sanitation,https://storage.roadguard.ai/prayagraj/defects/img_10852.jpg,2026-04-22T23:09:54,,1
REP-PRG-10853,Drainage Issues,25.390381,81.880199,Naini Industrial Area,Moderate,Assigned,Jal_Sansthan_Drainage_Div,https://storage.roadguard.ai/prayagraj/defects/img_10853.jpg,2026-06-04T08:24:58,,1
REP-PRG-10854,Pothole,25.490939,81.855204,Teliyarganj / MNNIT Area,Moderate,AI Verified,PWD_Road_Maintenance,https://storage.roadguard.ai/prayagraj/defects/img_10854.jpg,2026-05-25T13:26:45,,1
REP-PRG-10855,Streetlight Defect,25.428857,81.819037,Kareli Urban Zone,Moderate,Reported,UPPCL_Streetlight_Cell,https://storage.roadguard.ai/prayagraj/defects/img_10855.jpg,2026-04-12T00:13:27,,1
REP-PRG-10856,Pothole,25.429619,81.834779,Prayagraj Junction (Civil Lines side),Moderate,In Progress,PWD_Road_Maintenance,https://storage.roadguard.ai/prayagraj/defects/img_10856.jpg,2026-02-07T12:48:46,,1
REP-PRG-10857,Pothole,25.415717,81.819276,Kareli Urban Zone,Moderate,Reported,PWD_Road_Maintenance,https://storage.roadguard.ai/prayagraj/defects/img_10857.jpg,2026-04-13T17:33:33,,1
REP-PRG-10858,Pothole,25.432656,81.881524,Sangam / Daraganj,Moderate,Assigned,PWD_Road_Maintenance,https://storage.roadguard.ai/prayagraj/defects/img_10858.jpg,2026-02-05T01:30:35,,1
REP-PRG-10859,Streetlight Defect,25.517676,81.854516,Curzon Bridge / Phaphamau,High,AI Verified,UPPCL_Streetlight_Cell,https://storage.roadguard.ai/prayagraj/defects/img_10859.jpg,2026-06-08T03:05:14,,1
REP-PRG-10860,Pothole,25.529105,81.862924,Phaphamau NH-19 Junction,Moderate,AI Verified,PWD_Road_Maintenance,https://storage.roadguard.ai/prayagraj/defects/img_10860.jpg,2026-06-26T04:58:19,,1
REP-PRG-10861,Pothole,25.43591,81.884923,Sangam / Daraganj,Moderate,AI Verified,PWD_Road_Maintenance,https://storage.roadguard.ai/prayagraj/defects/img_10861.jpg,2026-02-18T19:40:39,,1
REP-PRG-10862,Streetlight Defect,25.420516,81.778688,Jhalwa / IIIT-A Corridor,Low,AI Verified,UPPCL_Streetlight_Cell,https://storage.roadguard.ai/prayagraj/defects/img_10862.jpg,2026-04-01T06:26:09,,1
REP-PRG-10863,Streetlight Defect,25.505712,81.936464,NH-19 Bypass (Varanasi-Kanpur),Moderate,Resolved,UPPCL_Streetlight_Cell,https://storage.roadguard.ai/prayagraj/defects/img_10863.jpg,2026-03-01T15:16:13,2026-03-13T15:16:13,0
REP-PRG-10864,Pothole,25.430938,81.784705,Jhalwa / IIIT-A Corridor,High,Reported,PWD_Road_Maintenance,https://storage.roadguard.ai/prayagraj/defects/img_10864.jpg,2026-01-14T16:50:56,,1
REP-PRG-10865,Drainage Issues,25.416212,81.852205,Naini Old Bridge (Yamuna),High,Reported,Jal_Sansthan_Drainage_Div,https://storage.roadguard.ai/prayagraj/defects/img_10865.jpg,2026-06-27T12:03:05,,1
REP-PRG-10866,Streetlight Defect,25.444845,81.856575,Georgetown,Low,AI Verified,UPPCL_Streetlight_Cell,https://storage.roadguard.ai/prayagraj/defects/img_10866.jpg,2026-05-18T15:42:50,,1
REP-PRG-10867,Streetlight Defect,25.5184,81.84507,Curzon Bridge / Phaphamau,High,Assigned,UPPCL_Streetlight_Cell,https://storage.roadguard.ai/prayagraj/defects/img_10867.jpg,2026-06-09T13:08:46,,1
REP-PRG-10868,Pothole,25.444171,81.826358,Civil Lines,Critical,Assigned,PWD_Road_Maintenance,https://storage.roadguard.ai/prayagraj/defects/img_10868.jpg,2026-03-07T14:12:04,,1
REP-PRG-10869,Pothole,25.456602,81.851685,MG Marg Corridor,High,Assigned,PWD_Road_Maintenance,https://storage.roadguard.ai/prayagraj/defects/img_10869.jpg,2026-01-15T00:55:43,,1
REP-PRG-10870,Pothole,25.451764,81.833549,Civil Lines,High,Assigned,PWD_Road_Maintenance,https://storage.roadguard.ai/prayagraj/defects/img_10870.jpg,2026-06-18T21:06:54,,1
REP-PRG-10871,Pothole,25.38556,81.874295,Naini Industrial Area,High,Assigned,PWD_Road_Maintenance,https://storage.roadguard.ai/prayagraj/defects/img_10871.jpg,2026-03-01T21:51:39,,1
REP-PRG-10872,Drainage Issues,25.439581,81.829907,Prayagraj Junction (Civil Lines side),Low,AI Verified,Jal_Sansthan_Drainage_Div,https://storage.roadguard.ai/prayagraj/defects/img_10872.jpg,2026-06-03T03:21:12,,1
REP-PRG-10873,Pothole,25.437802,81.884009,Sangam / Daraganj,Moderate,AI Verified,PWD_Road_Maintenance,https://storage.roadguard.ai/prayagraj/defects/img_10873.jpg,2026-01-06T09:26:50,,1
REP-PRG-10874,Drainage Issues,25.526517,81.873008,Phaphamau NH-19 Junction,Moderate,AI Verified,Jal_Sansthan_Drainage_Div,https://storage.roadguard.ai/prayagraj/defects/img_10874.jpg,2026-02-10T08:40:08,,1
REP-PRG-10875,Garbage Accumulation,25.406374,81.775423,Jhalwa / IIIT-A Corridor,Moderate,AI Verified,Prayagraj_Nagar_Nigam_Sanitation,https://storage.roadguard.ai/prayagraj/defects/img_10875.jpg,2026-05-09T18:02:39,,1
REP-PRG-10876,Streetlight Defect,25.443767,81.823355,MG Marg Corridor,High,In Progress,UPPCL_Streetlight_Cell,https://storage.roadguard.ai/prayagraj/defects/img_10876.jpg,2026-01-09T04:12:17,,1
REP-PRG-10877,Pothole,25.46409,81.865989,Katra / Allahabad Univ,Moderate,AI Verified,PWD_Road_Maintenance,https://storage.roadguard.ai/prayagraj/defects/img_10877.jpg,2026-02-05T11:11:47,,1
REP-PRG-10878,Streetlight Defect,25.4909,81.870623,Teliyarganj / MNNIT Area,High,In Progress,UPPCL_Streetlight_Cell,https://storage.roadguard.ai/prayagraj/defects/img_10878.jpg,2026-06-25T16:16:49,,1
REP-PRG-10879,Pothole,25.462898,81.750519,GT Road / Bamrauli Corridor,Low,Resolved,PWD_Road_Maintenance,https://storage.roadguard.ai/prayagraj/defects/img_10879.jpg,2026-06-04T19:59:20,2026-06-13T19:59:20,0
REP-PRG-10880,Pothole,25.43112,81.860937,Naini Old Bridge (Yamuna),Low,Assigned,PWD_Road_Maintenance,https://storage.roadguard.ai/prayagraj/defects/img_10880.jpg,2026-02-21T13:01:42,,1
REP-PRG-10881,Garbage Accumulation,25.445603,81.846184,Georgetown,Critical,Resolved,Prayagraj_Nagar_Nigam_Sanitation,https://storage.roadguard.ai/prayagraj/defects/img_10881.jpg,2026-04-21T13:17:05,2026-05-03T13:17:05,0
REP-PRG-10882,Pothole,25.437032,81.883254,Shastri Bridge (Ganga),Moderate,Resolved,PWD_Road_Maintenance,https://storage.roadguard.ai/prayagraj/defects/img_10882.jpg,2026-01-31T14:42:14,2026-02-07T14:42:14,0
REP-PRG-10883,Garbage Accumulation,25.435368,81.853593,Naini Old Bridge (Yamuna),High,In Progress,Prayagraj_Nagar_Nigam_Sanitation,https://storage.roadguard.ai/prayagraj/defects/img_10883.jpg,2026-04-16T22:58:23,,1
REP-PRG-10884,Streetlight Defect,25.445986,81.863412,Georgetown,Critical,In Progress,UPPCL_Streetlight_Cell,https://storage.roadguard.ai/prayagraj/defects/img_10884.jpg,2026-03-12T13:31:57,,1
REP-PRG-10885,Pothole,25.512349,81.87156,Curzon Bridge / Phaphamau,Low,In Progress,PWD_Road_Maintenance,https://storage.roadguard.ai/prayagraj/defects/img_10885.jpg,2026-06-07T06:27:44,,1
REP-PRG-10886,Streetlight Defect,25.455019,81.856557,Katra / Allahabad Univ,High,Assigned,UPPCL_Streetlight_Cell,https://storage.roadguard.ai/prayagraj/defects/img_10886.jpg,2026-03-01T08:56:58,,1
REP-PRG-10887,Pothole,25.42206,81.75944,Jhalwa / IIIT-A Corridor,High,Reported,PWD_Road_Maintenance,https://storage.roadguard.ai/prayagraj/defects/img_10887.jpg,2026-06-05T01:04:01,,1
REP-PRG-10888,Pothole,25.423106,81.769704,Jhalwa / IIIT-A Corridor,Moderate,AI Verified,PWD_Road_Maintenance,https://storage.roadguard.ai/prayagraj/defects/img_10888.jpg,2026-02-11T15:02:10,,1
REP-PRG-10889,Pothole,25.521566,81.859461,Phaphamau NH-19 Junction,High,Reported,PWD_Road_Maintenance,https://storage.roadguard.ai/prayagraj/defects/img_10889.jpg,2026-03-11T23:02:18,,1
REP-PRG-10890,Garbage Accumulation,25.513749,81.864335,Phaphamau NH-19 Junction,Critical,In Progress,Prayagraj_Nagar_Nigam_Sanitation,https://storage.roadguard.ai/prayagraj/defects/img_10890.jpg,2026-01-17T14:26:49,,1
REP-PRG-10891,Drainage Issues,25.497962,81.93608,NH-19 Bypass (Varanasi-Kanpur),Moderate,AI Verified,Jal_Sansthan_Drainage_Div,https://storage.roadguard.ai/prayagraj/defects/img_10891.jpg,2026-04-28T16:59:06,,1
REP-PRG-10892,Pothole,25.45066,81.72834,GT Road / Bamrauli Corridor,Low,Assigned,PWD_Road_Maintenance,https://storage.roadguard.ai/prayagraj/defects/img_10892.jpg,2026-04-08T19:23:32,,1
REP-PRG-10893,Streetlight Defect,25.489526,81.856983,Teliyarganj / MNNIT Area,High,Assigned,UPPCL_Streetlight_Cell,https://storage.roadguard.ai/prayagraj/defects/img_10893.jpg,2026-05-16T07:21:08,,1
REP-PRG-10894,Streetlight Defect,25.451553,81.848724,MG Marg Corridor,Moderate,In Progress,UPPCL_Streetlight_Cell,https://storage.roadguard.ai/prayagraj/defects/img_10894.jpg,2026-01-11T16:56:47,,1
REP-PRG-10895,Streetlight Defect,25.431999,81.82892,Prayagraj Junction (Civil Lines side),Critical,Reported,UPPCL_Streetlight_Cell,https://storage.roadguard.ai/prayagraj/defects/img_10895.jpg,2026-04-11T02:47:29,,1
REP-PRG-10896,Pothole,25.447719,81.843371,MG Marg Corridor,Moderate,In Progress,PWD_Road_Maintenance,https://storage.roadguard.ai/prayagraj/defects/img_10896.jpg,2026-03-16T00:47:49,,1
REP-PRG-10897,Streetlight Defect,25.440706,81.883984,Shastri Bridge (Ganga),High,Reported,UPPCL_Streetlight_Cell,https://storage.roadguard.ai/prayagraj/defects/img_10897.jpg,2026-05-13T13:10:43,,1
REP-PRG-10898,Garbage Accumulation,25.507448,81.923632,NH-19 Bypass (Varanasi-Kanpur),Moderate,Assigned,Prayagraj_Nagar_Nigam_Sanitation,https://storage.roadguard.ai/prayagraj/defects/img_10898.jpg,2026-01-29T14:32:42,,1
REP-PRG-10899,Pothole,25.426608,81.85517,Naini Old Bridge (Yamuna),Moderate,Reported,PWD_Road_Maintenance,https://storage.roadguard.ai/prayagraj/defects/img_10899.jpg,2026-04-28T05:29:33,,1
REP-PRG-10900,Drainage Issues,25.52721,81.857515,Curzon Bridge / Phaphamau,Low,AI Verified,Jal_Sansthan_Drainage_Div,https://storage.roadguard.ai/prayagraj/defects/img_10900.jpg,2026-06-16T13:58:15,,1
REP-PRG-10901,Pothole,25.379333,81.85289,Naini Industrial Area,High,Assigned,PWD_Road_Maintenance,https://storage.roadguard.ai/prayagraj/defects/img_10901.jpg,2026-01-23T03:04:17,,1
REP-PRG-10902,Garbage Accumulation,25.477575,81.850327,Teliyarganj / MNNIT Area,Critical,Assigned,Prayagraj_Nagar_Nigam_Sanitation,https://storage.roadguard.ai/prayagraj/defects/img_10902.jpg,2026-02-10T21:47:14,,1
REP-PRG-10903,Pothole,25.494137,81.86707,Teliyarganj / MNNIT Area,Low,AI Verified,PWD_Road_Maintenance,https://storage.roadguard.ai/prayagraj/defects/img_10903.jpg,2026-06-18T13:27:52,,1
REP-PRG-10904,Drainage Issues,25.42635,81.89716,Shastri Bridge (Ganga),Low,Assigned,Jal_Sansthan_Drainage_Div,https://storage.roadguard.ai/prayagraj/defects/img_10904.jpg,2026-04-18T19:12:58,,1
REP-PRG-10905,Garbage Accumulation,25.441136,81.860174,Georgetown,Critical,AI Verified,Prayagraj_Nagar_Nigam_Sanitation,https://storage.roadguard.ai/prayagraj/defects/img_10905.jpg,2026-02-16T12:16:48,,1
REP-PRG-10906,Drainage Issues,25.430898,81.862175,Naini Old Bridge (Yamuna),Low,In Progress,Jal_Sansthan_Drainage_Div,https://storage.roadguard.ai/prayagraj/defects/img_10906.jpg,2026-01-05T00:41:55,,1
REP-PRG-10907,Drainage Issues,25.437352,81.84087,Rambagh Railway Station Area,Moderate,Reported,Jal_Sansthan_Drainage_Div,https://storage.roadguard.ai/prayagraj/defects/img_10907.jpg,2026-05-07T16:39:39,,1
REP-PRG-10908,Streetlight Defect,25.494785,81.852247,Curzon Bridge / Phaphamau,Moderate,AI Verified,UPPCL_Streetlight_Cell,https://storage.roadguard.ai/prayagraj/defects/img_10908.jpg,2026-01-22T05:53:22,,1
REP-PRG-10909,Pothole,25.450911,81.827003,Civil Lines,Moderate,Assigned,PWD_Road_Maintenance,https://storage.roadguard.ai/prayagraj/defects/img_10909.jpg,2026-05-23T15:33:35,,1
REP-PRG-10910,Pothole,25.44795,81.838615,MG Marg Corridor,Low,AI Verified,PWD_Road_Maintenance,https://storage.roadguard.ai/prayagraj/defects/img_10910.jpg,2026-02-07T09:10:50,,1
REP-PRG-10911,Pothole,25.443201,81.8538,Georgetown,Low,Reported,PWD_Road_Maintenance,https://storage.roadguard.ai/prayagraj/defects/img_10911.jpg,2026-02-15T13:52:26,,1
REP-PRG-10912,Streetlight Defect,25.446349,81.862536,Georgetown,High,Assigned,UPPCL_Streetlight_Cell,https://storage.roadguard.ai/prayagraj/defects/img_10912.jpg,2026-05-24T14:27:34,,1
REP-PRG-10913,Garbage Accumulation,25.501277,81.941287,NH-19 Bypass (Varanasi-Kanpur),Moderate,Reported,Prayagraj_Nagar_Nigam_Sanitation,https://storage.roadguard.ai/prayagraj/defects/img_10913.jpg,2026-03-18T19:45:12,,1
REP-PRG-10914,Drainage Issues,25.427211,81.770151,Jhalwa / IIIT-A Corridor,High,In Progress,Jal_Sansthan_Drainage_Div,https://storage.roadguard.ai/prayagraj/defects/img_10914.jpg,2026-05-21T10:21:49,,1
REP-PRG-10915,Streetlight Defect,25.450666,81.860866,Georgetown,Low,In Progress,UPPCL_Streetlight_Cell,https://storage.roadguard.ai/prayagraj/defects/img_10915.jpg,2026-03-27T03:11:21,,1
REP-PRG-10916,Streetlight Defect,25.457625,81.742297,GT Road / Bamrauli Corridor,High,Assigned,UPPCL_Streetlight_Cell,https://storage.roadguard.ai/prayagraj/defects/img_10916.jpg,2026-01-29T04:48:10,,1
REP-PRG-10917,Drainage Issues,25.442101,81.830892,Prayagraj Junction (Civil Lines side),Moderate,Assigned,Jal_Sansthan_Drainage_Div,https://storage.roadguard.ai/prayagraj/defects/img_10917.jpg,2026-06-30T18:27:22,,1
REP-PRG-10918,Streetlight Defect,25.44085,81.740868,GT Road / Bamrauli Corridor,Moderate,Assigned,UPPCL_Streetlight_Cell,https://storage.roadguard.ai/prayagraj/defects/img_10918.jpg,2026-06-09T20:53:00,,1
REP-PRG-10919,Streetlight Defect,25.417734,81.853335,Naini Old Bridge (Yamuna),Moderate,Assigned,UPPCL_Streetlight_Cell,https://storage.roadguard.ai/prayagraj/defects/img_10919.jpg,2026-05-09T01:55:53,,1
REP-PRG-10920,Drainage Issues,25.437972,81.874945,Shastri Bridge (Ganga),Moderate,AI Verified,Jal_Sansthan_Drainage_Div,https://storage.roadguard.ai/prayagraj/defects/img_10920.jpg,2026-02-19T08:03:27,,1
REP-PRG-10921,Pothole,25.38061,81.865743,Naini Industrial Area,High,Reported,PWD_Road_Maintenance,https://storage.roadguard.ai/prayagraj/defects/img_10921.jpg,2026-02-24T06:24:09,,1
REP-PRG-10922,Pothole,25.451279,81.731779,GT Road / Bamrauli Corridor,Moderate,Assigned,PWD_Road_Maintenance,https://storage.roadguard.ai/prayagraj/defects/img_10922.jpg,2026-06-13T15:43:51,,1
REP-PRG-10923,Streetlight Defect,25.462726,81.827971,Civil Lines,High,AI Verified,UPPCL_Streetlight_Cell,https://storage.roadguard.ai/prayagraj/defects/img_10923.jpg,2026-01-18T19:12:20,,1
REP-PRG-10924,Streetlight Defect,25.452756,81.862418,Georgetown,Moderate,Reported,UPPCL_Streetlight_Cell,https://storage.roadguard.ai/prayagraj/defects/img_10924.jpg,2026-06-25T20:08:04,,1
REP-PRG-10925,Pothole,25.41483,81.834202,Kareli Urban Zone,Moderate,Resolved,PWD_Road_Maintenance,https://storage.roadguard.ai/prayagraj/defects/img_10925.jpg,2026-02-14T15:03:50,2026-02-21T15:03:50,0
REP-PRG-10926,Drainage Issues,25.410451,81.827353,Kareli Urban Zone,Moderate,AI Verified,Jal_Sansthan_Drainage_Div,https://storage.roadguard.ai/prayagraj/defects/img_10926.jpg,2026-01-11T07:30:26,,1
REP-PRG-10927,Streetlight Defect,25.426005,81.849635,Naini Old Bridge (Yamuna),High,In Progress,UPPCL_Streetlight_Cell,https://storage.roadguard.ai/prayagraj/defects/img_10927.jpg,2026-05-18T20:12:03,,1
REP-PRG-10928,Garbage Accumulation,25.52114,81.928,NH-19 Bypass (Varanasi-Kanpur),Moderate,Assigned,Prayagraj_Nagar_Nigam_Sanitation,https://storage.roadguard.ai/prayagraj/defects/img_10928.jpg,2026-05-14T18:53:55,,1
REP-PRG-10929,Streetlight Defect,25.42231,81.822083,Kareli Urban Zone,Low,Assigned,UPPCL_Streetlight_Cell,https://storage.roadguard.ai/prayagraj/defects/img_10929.jpg,2026-03-26T20:52:26,,1
REP-PRG-10930,Drainage Issues,25.428926,81.886486,Sangam / Daraganj,Moderate,Reported,Jal_Sansthan_Drainage_Div,https://storage.roadguard.ai/prayagraj/defects/img_10930.jpg,2026-04-08T06:48:38,,1
REP-PRG-10931,Streetlight Defect,25.445348,81.876012,Shastri Bridge (Ganga),Moderate,Assigned,UPPCL_Streetlight_Cell,https://storage.roadguard.ai/prayagraj/defects/img_10931.jpg,2026-03-20T19:27:02,,1
REP-PRG-10932,Pothole,25.459435,81.8247,MG Marg Corridor,Low,In Progress,PWD_Road_Maintenance,https://storage.roadguard.ai/prayagraj/defects/img_10932.jpg,2026-04-07T00:27:12,,1
REP-PRG-10933,Pothole,25.45326,81.868014,Georgetown,Moderate,Reported,PWD_Road_Maintenance,https://storage.roadguard.ai/prayagraj/defects/img_10933.jpg,2026-01-10T15:21:29,,1
REP-PRG-10934,Streetlight Defect,25.421272,81.876713,Sangam / Daraganj,Low,AI Verified,UPPCL_Streetlight_Cell,https://storage.roadguard.ai/prayagraj/defects/img_10934.jpg,2026-05-09T13:36:35,,1
REP-PRG-10935,Pothole,25.503154,81.856281,Curzon Bridge / Phaphamau,Moderate,In Progress,PWD_Road_Maintenance,https://storage.roadguard.ai/prayagraj/defects/img_10935.jpg,2026-03-21T19:55:04,,1
REP-PRG-10936,Garbage Accumulation,25.415536,81.861237,Naini Old Bridge (Yamuna),Low,Resolved,Prayagraj_Nagar_Nigam_Sanitation,https://storage.roadguard.ai/prayagraj/defects/img_10936.jpg,2026-05-13T12:49:55,2026-05-18T12:49:55,0
REP-PRG-10937,Streetlight Defect,25.459482,81.849165,MG Marg Corridor,High,Assigned,UPPCL_Streetlight_Cell,https://storage.roadguard.ai/prayagraj/defects/img_10937.jpg,2026-01-02T19:19:20,,1
REP-PRG-10938,Garbage Accumulation,25.444503,81.836326,MG Marg Corridor,Moderate,Reported,Prayagraj_Nagar_Nigam_Sanitation,https://storage.roadguard.ai/prayagraj/defects/img_10938.jpg,2026-04-30T09:40:47,,1
REP-PRG-10939,Streetlight Defect,25.371532,81.858553,Naini Industrial Area,High,AI Verified,UPPCL_Streetlight_Cell,https://storage.roadguard.ai/prayagraj/defects/img_10939.jpg,2026-05-28T19:21:53,,1
REP-PRG-10940,Pothole,25.519719,81.870925,Curzon Bridge / Phaphamau,Low,AI Verified,PWD_Road_Maintenance,https://storage.roadguard.ai/prayagraj/defects/img_10940.jpg,2026-03-24T00:03:37,,1
REP-PRG-10941,Pothole,25.375125,81.86026,Naini Industrial Area,Low,Reported,PWD_Road_Maintenance,https://storage.roadguard.ai/prayagraj/defects/img_10941.jpg,2026-06-10T04:22:31,,1
REP-PRG-10942,Pothole,25.446789,81.830241,Prayagraj Junction (Civil Lines side),Moderate,Assigned,PWD_Road_Maintenance,https://storage.roadguard.ai/prayagraj/defects/img_10942.jpg,2026-03-11T13:09:14,,1
REP-PRG-10943,Streetlight Defect,25.438523,81.862392,Georgetown,Low,AI Verified,UPPCL_Streetlight_Cell,https://storage.roadguard.ai/prayagraj/defects/img_10943.jpg,2026-03-29T03:40:54,,1
REP-PRG-10944,Pothole,25.506209,81.929884,NH-19 Bypass (Varanasi-Kanpur),Low,Resolved,PWD_Road_Maintenance,https://storage.roadguard.ai/prayagraj/defects/img_10944.jpg,2026-01-13T11:51:24,2026-01-21T11:51:24,0
REP-PRG-10945,Pothole,25.45337,81.838051,MG Marg Corridor,Moderate,Assigned,PWD_Road_Maintenance,https://storage.roadguard.ai/prayagraj/defects/img_10945.jpg,2026-06-02T06:55:05,,1
REP-PRG-10946,Streetlight Defect,25.506509,81.929123,NH-19 Bypass (Varanasi-Kanpur),Moderate,In Progress,UPPCL_Streetlight_Cell,https://storage.roadguard.ai/prayagraj/defects/img_10946.jpg,2026-06-22T03:25:24,,1
REP-PRG-10947,Drainage Issues,25.429293,81.87704,Sangam / Daraganj,High,AI Verified,Jal_Sansthan_Drainage_Div,https://storage.roadguard.ai/prayagraj/defects/img_10947.jpg,2026-02-03T11:22:58,,1
REP-PRG-10948,Pothole,25.50793,81.942789,NH-19 Bypass (Varanasi-Kanpur),Moderate,Assigned,PWD_Road_Maintenance,https://storage.roadguard.ai/prayagraj/defects/img_10948.jpg,2026-05-01T01:07:55,,1
REP-PRG-10949,Drainage Issues,25.529487,81.862636,Phaphamau NH-19 Junction,Low,In Progress,Jal_Sansthan_Drainage_Div,https://storage.roadguard.ai/prayagraj/defects/img_10949.jpg,2026-03-08T21:13:58,,1
REP-PRG-10950,Pothole,25.497576,81.860329,Teliyarganj / MNNIT Area,Critical,AI Verified,PWD_Road_Maintenance,https://storage.roadguard.ai/prayagraj/defects/img_10950.jpg,2026-03-26T00:30:12,,1
REP-PRG-10951,Pothole,25.448885,81.850957,Rambagh Railway Station Area,Moderate,AI Verified,PWD_Road_Maintenance,https://storage.roadguard.ai/prayagraj/defects/img_10951.jpg,2026-04-29T14:13:07,,1
REP-PRG-10952,Garbage Accumulation,25.444142,81.862582,Georgetown,High,Reported,Prayagraj_Nagar_Nigam_Sanitation,https://storage.roadguard.ai/prayagraj/defects/img_10952.jpg,2026-01-27T22:46:14,,1
REP-PRG-10953,Pothole,25.372433,81.855986,Naini Industrial Area,High,In Progress,PWD_Road_Maintenance,https://storage.roadguard.ai/prayagraj/defects/img_10953.jpg,2026-05-18T00:47:00,,1
REP-PRG-10954,Streetlight Defect,25.482449,81.864144,Teliyarganj / MNNIT Area,Moderate,AI Verified,UPPCL_Streetlight_Cell,https://storage.roadguard.ai/prayagraj/defects/img_10954.jpg,2026-02-11T01:33:45,,1
REP-PRG-10955,Pothole,25.50586,81.88085,Teliyarganj / MNNIT Area,Moderate,Assigned,PWD_Road_Maintenance,https://storage.roadguard.ai/prayagraj/defects/img_10955.jpg,2026-04-21T23:51:02,,1
REP-PRG-10956,Streetlight Defect,25.425104,81.824007,Kareli Urban Zone,Moderate,Assigned,UPPCL_Streetlight_Cell,https://storage.roadguard.ai/prayagraj/defects/img_10956.jpg,2026-01-21T04:54:20,,1
REP-PRG-10957,Pothole,25.425092,81.843659,Rambagh Railway Station Area,Moderate,AI Verified,PWD_Road_Maintenance,https://storage.roadguard.ai/prayagraj/defects/img_10957.jpg,2026-01-26T00:12:35,,1
REP-PRG-10958,Pothole,25.432698,81.885033,Shastri Bridge (Ganga),Moderate,Assigned,PWD_Road_Maintenance,https://storage.roadguard.ai/prayagraj/defects/img_10958.jpg,2026-06-26T05:42:52,,1
REP-PRG-10959,Pothole,25.490655,81.859223,Teliyarganj / MNNIT Area,High,Reported,PWD_Road_Maintenance,https://storage.roadguard.ai/prayagraj/defects/img_10959.jpg,2026-02-25T13:03:28,,1
REP-PRG-10960,Garbage Accumulation,25.436766,81.840883,Civil Lines,High,AI Verified,Prayagraj_Nagar_Nigam_Sanitation,https://storage.roadguard.ai/prayagraj/defects/img_10960.jpg,2026-03-16T22:11:55,,1
REP-PRG-10961,Pothole,25.501418,81.931914,NH-19 Bypass (Varanasi-Kanpur),High,AI Verified,PWD_Road_Maintenance,https://storage.roadguard.ai/prayagraj/defects/img_10961.jpg,2026-05-26T19:05:17,,1
REP-PRG-10962,Garbage Accumulation,25.466593,81.732645,GT Road / Bamrauli Corridor,Critical,Resolved,Prayagraj_Nagar_Nigam_Sanitation,https://storage.roadguard.ai/prayagraj/defects/img_10962.jpg,2026-05-30T08:17:44,2026-06-10T08:17:44,0
REP-PRG-10963,Pothole,25.426758,81.825712,Prayagraj Junction (Civil Lines side),Low,AI Verified,PWD_Road_Maintenance,https://storage.roadguard.ai/prayagraj/defects/img_10963.jpg,2026-04-06T03:59:03,,1
REP-PRG-10964,Pothole,25.457808,81.853667,MG Marg Corridor,Moderate,Resolved,PWD_Road_Maintenance,https://storage.roadguard.ai/prayagraj/defects/img_10964.jpg,2026-01-29T18:16:29,2026-01-31T18:16:29,0
REP-PRG-10965,Streetlight Defect,25.515164,81.868974,Phaphamau NH-19 Junction,Moderate,Assigned,UPPCL_Streetlight_Cell,https://storage.roadguard.ai/prayagraj/defects/img_10965.jpg,2026-04-08T22:46:59,,1
REP-PRG-10966,Streetlight Defect,25.488278,81.862152,Teliyarganj / MNNIT Area,Moderate,AI Verified,UPPCL_Streetlight_Cell,https://storage.roadguard.ai/prayagraj/defects/img_10966.jpg,2026-02-05T14:51:11,,1
REP-PRG-10967,Drainage Issues,25.513155,81.850976,Teliyarganj / MNNIT Area,Moderate,AI Verified,Jal_Sansthan_Drainage_Div,https://storage.roadguard.ai/prayagraj/defects/img_10967.jpg,2026-03-15T12:34:15,,1
REP-PRG-10968,Pothole,25.42003,81.858742,Naini Old Bridge (Yamuna),High,Reported,PWD_Road_Maintenance,https://storage.roadguard.ai/prayagraj/defects/img_10968.jpg,2026-05-06T07:57:15,,1
REP-PRG-10969,Drainage Issues,25.458686,81.740784,GT Road / Bamrauli Corridor,Low,Reported,Jal_Sansthan_Drainage_Div,https://storage.roadguard.ai/prayagraj/defects/img_10969.jpg,2026-04-18T00:36:12,,1
REP-PRG-10970,Streetlight Defect,25.452464,81.736867,GT Road / Bamrauli Corridor,Moderate,AI Verified,UPPCL_Streetlight_Cell,https://storage.roadguard.ai/prayagraj/defects/img_10970.jpg,2026-04-26T22:00:25,,1
REP-PRG-10971,Pothole,25.430153,81.767254,Jhalwa / IIIT-A Corridor,Moderate,Reported,PWD_Road_Maintenance,https://storage.roadguard.ai/prayagraj/defects/img_10971.jpg,2026-05-08T16:37:11,,1
REP-PRG-10972,Pothole,25.451973,81.825043,Prayagraj Junction (Civil Lines side),Critical,Assigned,PWD_Road_Maintenance,https://storage.roadguard.ai/prayagraj/defects/img_10972.jpg,2026-01-09T09:22:43,,1
REP-PRG-10973,Garbage Accumulation,25.442517,81.847766,Rambagh Railway Station Area,Low,AI Verified,Prayagraj_Nagar_Nigam_Sanitation,https://storage.roadguard.ai/prayagraj/defects/img_10973.jpg,2026-06-26T10:54:54,,1
REP-PRG-10974,Garbage Accumulation,25.427008,81.854589,Naini Old Bridge (Yamuna),Moderate,In Progress,Prayagraj_Nagar_Nigam_Sanitation,https://storage.roadguard.ai/prayagraj/defects/img_10974.jpg,2026-03-14T00:55:40,,1
REP-PRG-10975,Pothole,25.432816,81.838095,Prayagraj Junction (Civil Lines side),Critical,Reported,PWD_Road_Maintenance,https://storage.roadguard.ai/prayagraj/defects/img_10975.jpg,2026-05-02T06:57:42,,1
REP-PRG-10976,Garbage Accumulation,25.422754,81.87477,Sangam / Daraganj,Moderate,Assigned,Prayagraj_Nagar_Nigam_Sanitation,https://storage.roadguard.ai/prayagraj/defects/img_10976.jpg,2026-06-06T09:55:17,,1
REP-PRG-10977,Streetlight Defect,25.415235,81.830996,Kareli Urban Zone,Low,AI Verified,UPPCL_Streetlight_Cell,https://storage.roadguard.ai/prayagraj/defects/img_10977.jpg,2026-05-02T04:53:50,,1
REP-PRG-10978,Streetlight Defect,25.402915,81.845102,Kareli Urban Zone,Critical,In Progress,UPPCL_Streetlight_Cell,https://storage.roadguard.ai/prayagraj/defects/img_10978.jpg,2026-03-16T14:05:55,,1
REP-PRG-10979,Garbage Accumulation,25.457448,81.839786,MG Marg Corridor,Moderate,AI Verified,Prayagraj_Nagar_Nigam_Sanitation,https://storage.roadguard.ai/prayagraj/defects/img_10979.jpg,2026-05-25T17:28:56,,1
REP-PRG-10980,Streetlight Defect,25.448561,81.840284,MG Marg Corridor,Moderate,Assigned,UPPCL_Streetlight_Cell,https://storage.roadguard.ai/prayagraj/defects/img_10980.jpg,2026-06-18T18:37:20,,1
REP-PRG-10981,Pothole,25.456769,81.840062,Civil Lines,Low,Assigned,PWD_Road_Maintenance,https://storage.roadguard.ai/prayagraj/defects/img_10981.jpg,2026-03-13T17:10:36,,1
REP-PRG-10982,Streetlight Defect,25.422445,81.855717,Naini Old Bridge (Yamuna),Moderate,AI Verified,UPPCL_Streetlight_Cell,https://storage.roadguard.ai/prayagraj/defects/img_10982.jpg,2026-01-30T05:59:04,,1
REP-PRG-10983,Drainage Issues,25.437421,81.88879,Shastri Bridge (Ganga),High,Assigned,Jal_Sansthan_Drainage_Div,https://storage.roadguard.ai/prayagraj/defects/img_10983.jpg,2026-04-05T14:23:09,,1
REP-PRG-10984,Garbage Accumulation,25.458441,81.86407,Katra / Allahabad Univ,Moderate,AI Verified,Prayagraj_Nagar_Nigam_Sanitation,https://storage.roadguard.ai/prayagraj/defects/img_10984.jpg,2026-05-16T09:12:17,,1
REP-PRG-10985,Drainage Issues,25.424748,81.796477,Kareli Urban Zone,Critical,Assigned,Jal_Sansthan_Drainage_Div,https://storage.roadguard.ai/prayagraj/defects/img_10985.jpg,2026-02-10T02:03:24,,1
REP-PRG-10986,Garbage Accumulation,25.455247,81.741558,GT Road / Bamrauli Corridor,Moderate,AI Verified,Prayagraj_Nagar_Nigam_Sanitation,https://storage.roadguard.ai/prayagraj/defects/img_10986.jpg,2026-06-13T14:05:26,,1
REP-PRG-10987,Streetlight Defect,25.51185,81.854892,Curzon Bridge / Phaphamau,High,Reported,UPPCL_Streetlight_Cell,https://storage.roadguard.ai/prayagraj/defects/img_10987.jpg,2026-03-09T12:13:23,,1
REP-PRG-10988,Pothole,25.457993,81.84558,MG Marg Corridor,Moderate,AI Verified,PWD_Road_Maintenance,https://storage.roadguard.ai/prayagraj/defects/img_10988.jpg,2026-05-17T16:30:26,,1
REP-PRG-10989,Garbage Accumulation,25.485817,81.866256,Teliyarganj / MNNIT Area,Moderate,AI Verified,Prayagraj_Nagar_Nigam_Sanitation,https://storage.roadguard.ai/prayagraj/defects/img_10989.jpg,2026-05-16T23:49:41,,1
REP-PRG-10990,Pothole,25.444827,81.823863,Civil Lines,High,AI Verified,PWD_Road_Maintenance,https://storage.roadguard.ai/prayagraj/defects/img_10990.jpg,2026-03-23T03:18:21,,1
REP-PRG-10991,Pothole,25.443986,81.844899,MG Marg Corridor,Moderate,AI Verified,PWD_Road_Maintenance,https://storage.roadguard.ai/prayagraj/defects/img_10991.jpg,2026-04-22T06:13:37,,1
REP-PRG-10992,Pothole,25.467625,81.859105,Katra / Allahabad Univ,Moderate,Reported,PWD_Road_Maintenance,https://storage.roadguard.ai/prayagraj/defects/img_10992.jpg,2026-06-18T05:16:09,,1
REP-PRG-10993,Streetlight Defect,25.497801,81.867129,Teliyarganj / MNNIT Area,High,AI Verified,UPPCL_Streetlight_Cell,https://storage.roadguard.ai/prayagraj/defects/img_10993.jpg,2026-06-23T05:26:05,,1
REP-PRG-10994,Streetlight Defect,25.506868,81.861455,Curzon Bridge / Phaphamau,High,Resolved,UPPCL_Streetlight_Cell,https://storage.roadguard.ai/prayagraj/defects/img_10994.jpg,2026-03-23T03:56:16,2026-03-25T03:56:16,0
REP-PRG-10995,Drainage Issues,25.459003,81.840934,Civil Lines,Low,Reported,Jal_Sansthan_Drainage_Div,https://storage.roadguard.ai/prayagraj/defects/img_10995.jpg,2026-01-28T00:14:10,,1
REP-PRG-10996,Pothole,25.437511,81.775666,Jhalwa / IIIT-A Corridor,Moderate,AI Verified,PWD_Road_Maintenance,https://storage.roadguard.ai/prayagraj/defects/img_10996.jpg,2026-01-08T06:33:05,,1
REP-PRG-10997,Pothole,25.432812,81.888561,Sangam / Daraganj,Moderate,In Progress,PWD_Road_Maintenance,https://storage.roadguard.ai/prayagraj/defects/img_10997.jpg,2026-02-26T05:49:22,,1
REP-PRG-10998,Garbage Accumulation,25.384788,81.857945,Naini Industrial Area,Low,In Progress,Prayagraj_Nagar_Nigam_Sanitation,https://storage.roadguard.ai/prayagraj/defects/img_10998.jpg,2026-02-03T21:41:17,,1
REP-PRG-10999,Drainage Issues,25.437695,81.884041,Shastri Bridge (Ganga),High,AI Verified,Jal_Sansthan_Drainage_Div,https://storage.roadguard.ai/prayagraj/defects/img_10999.jpg,2026-04-30T10:45:24,,1
REP-PRG-11000,Drainage Issues,25.504599,81.928844,NH-19 Bypass (Varanasi-Kanpur),Moderate,AI Verified,Jal_Sansthan_Drainage_Div,https://storage.roadguard.ai/prayagraj/defects/img_11000.jpg,2026-06-20T19:46:29,,1
REP-PRG-11001,Pothole,25.453661,81.852536,Katra / Allahabad Univ,Low,In Progress,PWD_Road_Maintenance,https://storage.roadguard.ai/prayagraj/defects/img_11001.jpg,2026-04-08T22:08:53,,1
REP-PRG-11002,Drainage Issues,25.404851,81.821706,Kareli Urban Zone,Moderate,In Progress,Jal_Sansthan_Drainage_Div,https://storage.roadguard.ai/prayagraj/defects/img_11002.jpg,2026-02-16T00:02:27,,1
REP-PRG-11003,Streetlight Defect,25.43001,81.873463,Sangam / Daraganj,Critical,Assigned,UPPCL_Streetlight_Cell,https://storage.roadguard.ai/prayagraj/defects/img_11003.jpg,2026-02-16T07:30:04,,1
REP-PRG-11004,Pothole,25.444774,81.855501,Rambagh Railway Station Area,Moderate,AI Verified,PWD_Road_Maintenance,https://storage.roadguard.ai/prayagraj/defects/img_11004.jpg,2026-06-08T07:25:23,,1
REP-PRG-11005,Drainage Issues,25.37214,81.858898,Naini Industrial Area,High,Reported,Jal_Sansthan_Drainage_Div,https://storage.roadguard.ai/prayagraj/defects/img_11005.jpg,2026-01-19T10:33:49,,1
REP-PRG-11006,Garbage Accumulation,25.453847,81.847481,Katra / Allahabad Univ,Low,AI Verified,Prayagraj_Nagar_Nigam_Sanitation,https://storage.roadguard.ai/prayagraj/defects/img_11006.jpg,2026-06-18T07:18:50,,1
REP-PRG-11007,Drainage Issues,25.459236,81.833349,Civil Lines,High,AI Verified,Jal_Sansthan_Drainage_Div,https://storage.roadguard.ai/prayagraj/defects/img_11007.jpg,2026-06-29T20:00:31,,1
REP-PRG-11008,Streetlight Defect,25.489884,81.846969,Teliyarganj / MNNIT Area,Moderate,Resolved,UPPCL_Streetlight_Cell,https://storage.roadguard.ai/prayagraj/defects/img_11008.jpg,2026-05-07T01:24:30,2026-05-15T01:24:30,0
REP-PRG-11009,Drainage Issues,25.497083,81.853086,Teliyarganj / MNNIT Area,High,In Progress,Jal_Sansthan_Drainage_Div,https://storage.roadguard.ai/prayagraj/defects/img_11009.jpg,2026-05-19T16:13:22,,1
REP-PRG-11010,Pothole,25.453079,81.837119,Civil Lines,High,In Progress,PWD_Road_Maintenance,https://storage.roadguard.ai/prayagraj/defects/img_11010.jpg,2026-02-02T04:39:09,,1
REP-PRG-11011,Pothole,25.438885,81.759529,Jhalwa / IIIT-A Corridor,Moderate,Reported,PWD_Road_Maintenance,https://storage.roadguard.ai/prayagraj/defects/img_11011.jpg,2026-06-15T11:18:03,,1
REP-PRG-11012,Streetlight Defect,25.403844,81.771471,Jhalwa / IIIT-A Corridor,Critical,Reported,UPPCL_Streetlight_Cell,https://storage.roadguard.ai/prayagraj/defects/img_11012.jpg,2026-04-28T18:33:25,,1
REP-PRG-11013,Pothole,25.526404,81.867912,Curzon Bridge / Phaphamau,Low,AI Verified,PWD_Road_Maintenance,https://storage.roadguard.ai/prayagraj/defects/img_11013.jpg,2026-02-18T18:52:53,,1
REP-PRG-11014,Drainage Issues,25.493677,81.859067,Teliyarganj / MNNIT Area,High,AI Verified,Jal_Sansthan_Drainage_Div,https://storage.roadguard.ai/prayagraj/defects/img_11014.jpg,2026-01-23T07:02:21,,1
REP-PRG-11015,Garbage Accumulation,25.516457,81.922212,NH-19 Bypass (Varanasi-Kanpur),Low,AI Verified,Prayagraj_Nagar_Nigam_Sanitation,https://storage.roadguard.ai/prayagraj/defects/img_11015.jpg,2026-06-01T16:40:58,,1
REP-PRG-11016,Pothole,25.443311,81.852044,Rambagh Railway Station Area,High,Assigned,PWD_Road_Maintenance,https://storage.roadguard.ai/prayagraj/defects/img_11016.jpg,2026-05-09T03:26:24,,1
REP-PRG-11017,Drainage Issues,25.518482,81.952077,NH-19 Bypass (Varanasi-Kanpur),Low,AI Verified,Jal_Sansthan_Drainage_Div,https://storage.roadguard.ai/prayagraj/defects/img_11017.jpg,2026-03-28T09:33:31,,1
REP-PRG-11018,Pothole,25.495139,81.858928,Teliyarganj / MNNIT Area,High,Assigned,PWD_Road_Maintenance,https://storage.roadguard.ai/prayagraj/defects/img_11018.jpg,2026-04-29T03:32:08,,1
REP-PRG-11019,Garbage Accumulation,25.417795,81.840847,Naini Old Bridge (Yamuna),Moderate,Reported,Prayagraj_Nagar_Nigam_Sanitation,https://storage.roadguard.ai/prayagraj/defects/img_11019.jpg,2026-02-07T01:48:00,,1
REP-PRG-11020,Streetlight Defect,25.447042,81.831626,Civil Lines,Critical,Reported,UPPCL_Streetlight_Cell,https://storage.roadguard.ai/prayagraj/defects/img_11020.jpg,2026-06-30T07:37:17,,1
REP-PRG-11021,Pothole,25.413807,81.856219,Naini Old Bridge (Yamuna),High,Resolved,PWD_Road_Maintenance,https://storage.roadguard.ai/prayagraj/defects/img_11021.jpg,2026-01-26T00:36:33,2026-02-06T00:36:33,0
REP-PRG-11022,Drainage Issues,25.432421,81.898968,Shastri Bridge (Ganga),Low,In Progress,Jal_Sansthan_Drainage_Div,https://storage.roadguard.ai/prayagraj/defects/img_11022.jpg,2026-01-31T02:06:01,,1
REP-PRG-11023,Pothole,25.525002,81.864926,Phaphamau NH-19 Junction,Moderate,AI Verified,PWD_Road_Maintenance,https://storage.roadguard.ai/prayagraj/defects/img_11023.jpg,2026-06-23T22:38:12,,1
REP-PRG-11024,Pothole,25.417377,81.821242,Kareli Urban Zone,High,Assigned,PWD_Road_Maintenance,https://storage.roadguard.ai/prayagraj/defects/img_11024.jpg,2026-03-24T15:45:48,,1
REP-PRG-11025,Streetlight Defect,25.455601,81.831063,MG Marg Corridor,Moderate,Reported,UPPCL_Streetlight_Cell,https://storage.roadguard.ai/prayagraj/defects/img_11025.jpg,2026-02-06T23:06:55,,1
REP-PRG-11026,Garbage Accumulation,25.433735,81.88757,Shastri Bridge (Ganga),Moderate,AI Verified,Prayagraj_Nagar_Nigam_Sanitation,https://storage.roadguard.ai/prayagraj/defects/img_11026.jpg,2026-05-29T09:28:54,,1
REP-PRG-11027,Pothole,25.407233,81.848446,Naini Old Bridge (Yamuna),High,Assigned,PWD_Road_Maintenance,https://storage.roadguard.ai/prayagraj/defects/img_11027.jpg,2026-02-10T08:34:08,,1
REP-PRG-11028,Pothole,25.43569,81.854995,Rambagh Railway Station Area,Low,Resolved,PWD_Road_Maintenance,https://storage.roadguard.ai/prayagraj/defects/img_11028.jpg,2026-07-01T07:43:46,2026-07-12T07:43:46,0
REP-PRG-11029,Pothole,25.4471,81.860549,Georgetown,High,In Progress,PWD_Road_Maintenance,https://storage.roadguard.ai/prayagraj/defects/img_11029.jpg,2026-06-27T12:37:12,,1
REP-PRG-11030,Pothole,25.518807,81.856901,Curzon Bridge / Phaphamau,Moderate,AI Verified,PWD_Road_Maintenance,https://storage.roadguard.ai/prayagraj/defects/img_11030.jpg,2026-03-03T14:21:18,,1
REP-PRG-11031,Streetlight Defect,25.452124,81.837174,MG Marg Corridor,High,Assigned,UPPCL_Streetlight_Cell,https://storage.roadguard.ai/prayagraj/defects/img_11031.jpg,2026-01-24T06:50:07,,1
REP-PRG-11032,Pothole,25.447123,81.854338,Georgetown,Low,AI Verified,PWD_Road_Maintenance,https://storage.roadguard.ai/prayagraj/defects/img_11032.jpg,2026-02-01T03:18:14,,1
REP-PRG-11033,Streetlight Defect,25.365489,81.863926,Naini Industrial Area,High,Resolved,UPPCL_Streetlight_Cell,https://storage.roadguard.ai/prayagraj/defects/img_11033.jpg,2026-05-10T15:59:00,2026-05-19T15:59:00,0
REP-PRG-11034,Pothole,25.523382,81.86541,Curzon Bridge / Phaphamau,Low,In Progress,PWD_Road_Maintenance,https://storage.roadguard.ai/prayagraj/defects/img_11034.jpg,2026-06-26T01:16:22,,1
REP-PRG-11035,Pothole,25.447223,81.857889,Rambagh Railway Station Area,High,Reported,PWD_Road_Maintenance,https://storage.roadguard.ai/prayagraj/defects/img_11035.jpg,2026-06-15T21:15:35,,1
REP-PRG-11036,Pothole,25.445709,81.860579,Georgetown,Moderate,Assigned,PWD_Road_Maintenance,https://storage.roadguard.ai/prayagraj/defects/img_11036.jpg,2026-04-27T09:34:37,,1
REP-PRG-11037,Garbage Accumulation,25.380059,81.862471,Naini Industrial Area,Critical,AI Verified,Prayagraj_Nagar_Nigam_Sanitation,https://storage.roadguard.ai/prayagraj/defects/img_11037.jpg,2026-01-09T01:39:37,,1
REP-PRG-11038,Pothole,25.451926,81.837631,Prayagraj Junction (Civil Lines side),Critical,Assigned,PWD_Road_Maintenance,https://storage.roadguard.ai/prayagraj/defects/img_11038.jpg,2026-06-02T05:06:30,,1
REP-PRG-11039,Pothole,25.418884,81.816398,Kareli Urban Zone,High,In Progress,PWD_Road_Maintenance,https://storage.roadguard.ai/prayagraj/defects/img_11039.jpg,2026-02-28T12:00:35,,1
REP-PRG-11040,Pothole,25.420004,81.82481,Kareli Urban Zone,Moderate,AI Verified,PWD_Road_Maintenance,https://storage.roadguard.ai/prayagraj/defects/img_11040.jpg,2026-02-21T21:40:21,,1
REP-PRG-11041,Pothole,25.513449,81.846631,Phaphamau NH-19 Junction,Moderate,Reported,PWD_Road_Maintenance,https://storage.roadguard.ai/prayagraj/defects/img_11041.jpg,2026-04-22T13:16:37,,1
REP-PRG-11042,Drainage Issues,25.507596,81.848234,Curzon Bridge / Phaphamau,Moderate,AI Verified,Jal_Sansthan_Drainage_Div,https://storage.roadguard.ai/prayagraj/defects/img_11042.jpg,2026-02-05T00:39:56,,1
REP-PRG-11043,Streetlight Defect,25.507935,81.856818,Curzon Bridge / Phaphamau,Critical,AI Verified,UPPCL_Streetlight_Cell,https://storage.roadguard.ai/prayagraj/defects/img_11043.jpg,2026-02-02T09:10:06,,1
REP-PRG-11044,Pothole,25.445374,81.84962,MG Marg Corridor,Low,AI Verified,PWD_Road_Maintenance,https://storage.roadguard.ai/prayagraj/defects/img_11044.jpg,2026-04-18T14:13:59,,1
REP-PRG-11045,Pothole,25.422614,81.822404,Kareli Urban Zone,Moderate,AI Verified,PWD_Road_Maintenance,https://storage.roadguard.ai/prayagraj/defects/img_11045.jpg,2026-06-14T06:15:54,,1
REP-PRG-11046,Streetlight Defect,25.443978,81.880889,Shastri Bridge (Ganga),Moderate,AI Verified,UPPCL_Streetlight_Cell,https://storage.roadguard.ai/prayagraj/defects/img_11046.jpg,2026-04-17T02:59:49,,1
REP-PRG-11047,Drainage Issues,25.447813,81.847394,Rambagh Railway Station Area,Moderate,AI Verified,Jal_Sansthan_Drainage_Div,https://storage.roadguard.ai/prayagraj/defects/img_11047.jpg,2026-04-29T18:09:51,,1
REP-PRG-11048,Garbage Accumulation,25.457964,81.826325,Civil Lines,High,AI Verified,Prayagraj_Nagar_Nigam_Sanitation,https://storage.roadguard.ai/prayagraj/defects/img_11048.jpg,2026-03-25T23:48:37,,1
REP-PRG-11049,Drainage Issues,25.51257,81.871543,Phaphamau NH-19 Junction,Moderate,Reported,Jal_Sansthan_Drainage_Div,https://storage.roadguard.ai/prayagraj/defects/img_11049.jpg,2026-05-27T08:11:05,,1
REP-PRG-11050,Drainage Issues,25.453011,81.732784,GT Road / Bamrauli Corridor,Low,AI Verified,Jal_Sansthan_Drainage_Div,https://storage.roadguard.ai/prayagraj/defects/img_11050.jpg,2026-05-10T09:13:26,,1
REP-PRG-11051,Streetlight Defect,25.443043,81.749003,GT Road / Bamrauli Corridor,Moderate,In Progress,UPPCL_Streetlight_Cell,https://storage.roadguard.ai/prayagraj/defects/img_11051.jpg,2026-01-27T00:28:22,,1
REP-PRG-11052,Pothole,25.429985,81.861141,Rambagh Railway Station Area,Moderate,Reported,PWD_Road_Maintenance,https://storage.roadguard.ai/prayagraj/defects/img_11052.jpg,2026-04-15T15:56:14,,1
REP-PRG-11053,Pothole,25.410795,81.860107,Naini Old Bridge (Yamuna),Moderate,Resolved,PWD_Road_Maintenance,https://storage.roadguard.ai/prayagraj/defects/img_11053.jpg,2026-01-06T01:28:06,2026-01-18T01:28:06,0
REP-PRG-11054,Pothole,25.442371,81.863825,Georgetown,Moderate,Assigned,PWD_Road_Maintenance,https://storage.roadguard.ai/prayagraj/defects/img_11054.jpg,2026-05-30T08:53:19,,1
REP-PRG-11055,Streetlight Defect,25.505647,81.928698,NH-19 Bypass (Varanasi-Kanpur),Low,Assigned,UPPCL_Streetlight_Cell,https://storage.roadguard.ai/prayagraj/defects/img_11055.jpg,2026-02-17T21:29:11,,1
REP-PRG-11056,Garbage Accumulation,25.510327,81.921983,NH-19 Bypass (Varanasi-Kanpur),Low,Assigned,Prayagraj_Nagar_Nigam_Sanitation,https://storage.roadguard.ai/prayagraj/defects/img_11056.jpg,2026-04-09T20:07:14,,1
REP-PRG-11057,Pothole,25.452927,81.823894,Prayagraj Junction (Civil Lines side),Moderate,AI Verified,PWD_Road_Maintenance,https://storage.roadguard.ai/prayagraj/defects/img_11057.jpg,2026-06-07T03:44:58,,1
REP-PRG-11058,Garbage Accumulation,25.510171,81.850045,Curzon Bridge / Phaphamau,Low,In Progress,Prayagraj_Nagar_Nigam_Sanitation,https://storage.roadguard.ai/prayagraj/defects/img_11058.jpg,2026-01-16T02:44:27,,1
REP-PRG-11059,Drainage Issues,25.407501,81.768472,Jhalwa / IIIT-A Corridor,Low,AI Verified,Jal_Sansthan_Drainage_Div,https://storage.roadguard.ai/prayagraj/defects/img_11059.jpg,2026-06-08T09:29:17,,1
REP-PRG-11060,Pothole,25.447301,81.776277,Jhalwa / IIIT-A Corridor,High,Assigned,PWD_Road_Maintenance,https://storage.roadguard.ai/prayagraj/defects/img_11060.jpg,2026-05-24T15:27:12,,1
REP-PRG-11061,Drainage Issues,25.417846,81.852897,Naini Old Bridge (Yamuna),Moderate,Reported,Jal_Sansthan_Drainage_Div,https://storage.roadguard.ai/prayagraj/defects/img_11061.jpg,2026-05-04T05:07:17,,1
REP-PRG-11062,Garbage Accumulation,25.51218,81.862377,Curzon Bridge / Phaphamau,High,AI Verified,Prayagraj_Nagar_Nigam_Sanitation,https://storage.roadguard.ai/prayagraj/defects/img_11062.jpg,2026-03-11T02:20:03,,1
REP-PRG-11063,Pothole,25.440553,81.748915,GT Road / Bamrauli Corridor,Low,AI Verified,PWD_Road_Maintenance,https://storage.roadguard.ai/prayagraj/defects/img_11063.jpg,2026-05-06T02:15:26,,1
REP-PRG-11064,Garbage Accumulation,25.452723,81.833745,Prayagraj Junction (Civil Lines side),Moderate,Assigned,Prayagraj_Nagar_Nigam_Sanitation,https://storage.roadguard.ai/prayagraj/defects/img_11064.jpg,2026-05-17T18:38:27,,1
REP-PRG-11065,Streetlight Defect,25.513508,81.930157,NH-19 Bypass (Varanasi-Kanpur),High,Resolved,UPPCL_Streetlight_Cell,https://storage.roadguard.ai/prayagraj/defects/img_11065.jpg,2026-01-17T14:51:27,2026-01-26T14:51:27,0
REP-PRG-11066,Pothole,25.435383,81.884735,Sangam / Daraganj,Critical,AI Verified,PWD_Road_Maintenance,https://storage.roadguard.ai/prayagraj/defects/img_11066.jpg,2026-01-20T11:58:54,,1
REP-PRG-11067,Pothole,25.436168,81.885411,Shastri Bridge (Ganga),High,AI Verified,PWD_Road_Maintenance,https://storage.roadguard.ai/prayagraj/defects/img_11067.jpg,2026-02-23T02:57:27,,1
REP-PRG-11068,Pothole,25.453415,81.847292,Civil Lines,Critical,Assigned,PWD_Road_Maintenance,https://storage.roadguard.ai/prayagraj/defects/img_11068.jpg,2026-02-04T01:15:15,,1
REP-PRG-11069,Streetlight Defect,25.418087,81.75826,Jhalwa / IIIT-A Corridor,High,Reported,UPPCL_Streetlight_Cell,https://storage.roadguard.ai/prayagraj/defects/img_11069.jpg,2026-02-18T10:17:30,,1
REP-PRG-11070,Drainage Issues,25.453918,81.835307,Civil Lines,Moderate,Resolved,Jal_Sansthan_Drainage_Div,https://storage.roadguard.ai/prayagraj/defects/img_11070.jpg,2026-06-15T20:13:44,2026-06-23T20:13:44,0
REP-PRG-11071,Garbage Accumulation,25.421387,81.821952,Kareli Urban Zone,High,AI Verified,Prayagraj_Nagar_Nigam_Sanitation,https://storage.roadguard.ai/prayagraj/defects/img_11071.jpg,2026-06-21T03:18:09,,1
REP-PRG-11072,Streetlight Defect,25.508214,81.941919,NH-19 Bypass (Varanasi-Kanpur),Moderate,In Progress,UPPCL_Streetlight_Cell,https://storage.roadguard.ai/prayagraj/defects/img_11072.jpg,2026-03-20T14:15:09,,1
REP-PRG-11073,Pothole,25.447193,81.848372,Katra / Allahabad Univ,Moderate,AI Verified,PWD_Road_Maintenance,https://storage.roadguard.ai/prayagraj/defects/img_11073.jpg,2026-01-13T13:24:03,,1
REP-PRG-11074,Pothole,25.427174,81.756854,Jhalwa / IIIT-A Corridor,Critical,Assigned,PWD_Road_Maintenance,https://storage.roadguard.ai/prayagraj/defects/img_11074.jpg,2026-02-12T03:29:25,,1
REP-PRG-11075,Pothole,25.443593,81.872292,Georgetown,Low,Assigned,PWD_Road_Maintenance,https://storage.roadguard.ai/prayagraj/defects/img_11075.jpg,2026-06-20T13:35:17,,1
REP-PRG-11076,Pothole,25.439167,81.891846,Shastri Bridge (Ganga),Low,AI Verified,PWD_Road_Maintenance,https://storage.roadguard.ai/prayagraj/defects/img_11076.jpg,2026-02-03T00:03:08,,1
REP-PRG-11077,Pothole,25.449919,81.850069,Katra / Allahabad Univ,Moderate,Assigned,PWD_Road_Maintenance,https://storage.roadguard.ai/prayagraj/defects/img_11077.jpg,2026-06-20T19:32:22,,1
REP-PRG-11078,Pothole,25.424998,81.767458,Jhalwa / IIIT-A Corridor,Moderate,Resolved,PWD_Road_Maintenance,https://storage.roadguard.ai/prayagraj/defects/img_11078.jpg,2026-05-17T18:58:46,2026-05-20T18:58:46,0
REP-PRG-11079,Pothole,25.462853,81.839362,Civil Lines,Moderate,Reported,PWD_Road_Maintenance,https://storage.roadguard.ai/prayagraj/defects/img_11079.jpg,2026-04-28T19:39:31,,1
REP-PRG-11080,Pothole,25.409108,81.856972,Naini Old Bridge (Yamuna),High,Resolved,PWD_Road_Maintenance,https://storage.roadguard.ai/prayagraj/defects/img_11080.jpg,2026-03-27T07:33:55,2026-04-09T07:33:55,0
REP-PRG-11081,Streetlight Defect,25.448986,81.868121,Georgetown,Moderate,Resolved,UPPCL_Streetlight_Cell,https://storage.roadguard.ai/prayagraj/defects/img_11081.jpg,2026-05-27T13:21:18,2026-06-10T13:21:18,0
REP-PRG-11082,Pothole,25.522644,81.921879,NH-19 Bypass (Varanasi-Kanpur),Low,AI Verified,PWD_Road_Maintenance,https://storage.roadguard.ai/prayagraj/defects/img_11082.jpg,2026-01-11T13:04:34,,1
REP-PRG-11083,Pothole,25.378513,81.854939,Naini Industrial Area,Moderate,In Progress,PWD_Road_Maintenance,https://storage.roadguard.ai/prayagraj/defects/img_11083.jpg,2026-04-25T21:00:44,,1
REP-PRG-11084,Pothole,25.428128,81.883731,Sangam / Daraganj,High,AI Verified,PWD_Road_Maintenance,https://storage.roadguard.ai/prayagraj/defects/img_11084.jpg,2026-05-15T16:05:16,,1
REP-PRG-11085,Pothole,25.467899,81.854392,Katra / Allahabad Univ,Low,In Progress,PWD_Road_Maintenance,https://storage.roadguard.ai/prayagraj/defects/img_11085.jpg,2026-06-23T11:10:52,,1
REP-PRG-11086,Pothole,25.444441,81.829214,Prayagraj Junction (Civil Lines side),Moderate,Assigned,PWD_Road_Maintenance,https://storage.roadguard.ai/prayagraj/defects/img_11086.jpg,2026-05-11T10:02:26,,1
REP-PRG-11087,Pothole,25.421319,81.786716,Jhalwa / IIIT-A Corridor,High,AI Verified,PWD_Road_Maintenance,https://storage.roadguard.ai/prayagraj/defects/img_11087.jpg,2026-04-09T21:34:27,,1
REP-PRG-11088,Pothole,25.439739,81.836378,Civil Lines,Moderate,Resolved,PWD_Road_Maintenance,https://storage.roadguard.ai/prayagraj/defects/img_11088.jpg,2026-05-24T11:11:21,2026-05-29T11:11:21,0
REP-PRG-11089,Garbage Accumulation,25.526189,81.930054,NH-19 Bypass (Varanasi-Kanpur),Moderate,AI Verified,Prayagraj_Nagar_Nigam_Sanitation,https://storage.roadguard.ai/prayagraj/defects/img_11089.jpg,2026-02-11T23:25:52,,1
REP-PRG-11090,Pothole,25.44848,81.73714,GT Road / Bamrauli Corridor,Moderate,Reported,PWD_Road_Maintenance,https://storage.roadguard.ai/prayagraj/defects/img_11090.jpg,2026-02-23T19:02:25,,1
REP-PRG-11091,Drainage Issues,25.438057,81.858983,Rambagh Railway Station Area,Moderate,AI Verified,Jal_Sansthan_Drainage_Div,https://storage.roadguard.ai/prayagraj/defects/img_11091.jpg,2026-06-01T21:40:53,,1
REP-PRG-11092,Pothole,25.412305,81.892267,Sangam / Daraganj,High,AI Verified,PWD_Road_Maintenance,https://storage.roadguard.ai/prayagraj/defects/img_11092.jpg,2026-02-15T04:14:11,,1
REP-PRG-11093,Garbage Accumulation,25.498608,81.927867,NH-19 Bypass (Varanasi-Kanpur),High,Reported,Prayagraj_Nagar_Nigam_Sanitation,https://storage.roadguard.ai/prayagraj/defects/img_11093.jpg,2026-02-17T21:53:59,,1
REP-PRG-11094,Streetlight Defect,25.441566,81.863708,Georgetown,Low,In Progress,UPPCL_Streetlight_Cell,https://storage.roadguard.ai/prayagraj/defects/img_11094.jpg,2026-05-30T19:03:54,,1
REP-PRG-11095,Streetlight Defect,25.426715,81.851697,Rambagh Railway Station Area,Moderate,Reported,UPPCL_Streetlight_Cell,https://storage.roadguard.ai/prayagraj/defects/img_11095.jpg,2026-01-01T13:36:28,,1
REP-PRG-11096,Pothole,25.476194,81.844095,Katra / Allahabad Univ,High,Assigned,PWD_Road_Maintenance,https://storage.roadguard.ai/prayagraj/defects/img_11096.jpg,2026-02-02T07:48:16,,1
REP-PRG-11097,Pothole,25.446518,81.853704,Georgetown,Moderate,Assigned,PWD_Road_Maintenance,https://storage.roadguard.ai/prayagraj/defects/img_11097.jpg,2026-03-04T09:02:08,,1
REP-PRG-11098,Garbage Accumulation,25.388407,81.865153,Naini Industrial Area,Moderate,Resolved,Prayagraj_Nagar_Nigam_Sanitation,https://storage.roadguard.ai/prayagraj/defects/img_11098.jpg,2026-06-03T21:10:16,2026-06-14T21:10:16,0
REP-PRG-11099,Streetlight Defect,25.434368,81.851903,Rambagh Railway Station Area,High,Assigned,UPPCL_Streetlight_Cell,https://storage.roadguard.ai/prayagraj/defects/img_11099.jpg,2026-05-02T12:21:14,,1
REP-PRG-11100,Streetlight Defect,25.442435,81.768473,Jhalwa / IIIT-A Corridor,Moderate,In Progress,UPPCL_Streetlight_Cell,https://storage.roadguard.ai/prayagraj/defects/img_11100.jpg,2026-02-12T05:10:38,,1
REP-PRG-11101,Pothole,25.454758,81.827654,MG Marg Corridor,Moderate,Assigned,PWD_Road_Maintenance,https://storage.roadguard.ai/prayagraj/defects/img_11101.jpg,2026-04-02T13:56:45,,1
REP-PRG-11102,Pothole,25.441349,81.841779,MG Marg Corridor,Moderate,Resolved,PWD_Road_Maintenance,https://storage.roadguard.ai/prayagraj/defects/img_11102.jpg,2026-04-02T09:46:25,2026-04-08T09:46:25,0
REP-PRG-11103,Streetlight Defect,25.456873,81.861845,Georgetown,Critical,Assigned,UPPCL_Streetlight_Cell,https://storage.roadguard.ai/prayagraj/defects/img_11103.jpg,2026-06-10T14:40:18,,1
REP-PRG-11104,Streetlight Defect,25.382496,81.864994,Naini Industrial Area,Low,AI Verified,UPPCL_Streetlight_Cell,https://storage.roadguard.ai/prayagraj/defects/img_11104.jpg,2026-03-22T18:57:42,,1
REP-PRG-11105,Garbage Accumulation,25.449997,81.859836,Katra / Allahabad Univ,High,Reported,Prayagraj_Nagar_Nigam_Sanitation,https://storage.roadguard.ai/prayagraj/defects/img_11105.jpg,2026-05-29T20:48:08,,1
REP-PRG-11106,Pothole,25.425059,81.851383,Naini Old Bridge (Yamuna),Moderate,AI Verified,PWD_Road_Maintenance,https://storage.roadguard.ai/prayagraj/defects/img_11106.jpg,2026-05-05T23:00:00,,1
REP-PRG-11107,Drainage Issues,25.41624,81.822127,Kareli Urban Zone,Low,AI Verified,Jal_Sansthan_Drainage_Div,https://storage.roadguard.ai/prayagraj/defects/img_11107.jpg,2026-05-09T16:03:01,,1
REP-PRG-11108,Garbage Accumulation,25.508506,81.857471,Curzon Bridge / Phaphamau,Moderate,Assigned,Prayagraj_Nagar_Nigam_Sanitation,https://storage.roadguard.ai/prayagraj/defects/img_11108.jpg,2026-05-16T03:22:22,,1
REP-PRG-11109,Pothole,25.401798,81.863024,Naini Industrial Area,Critical,Reported,PWD_Road_Maintenance,https://storage.roadguard.ai/prayagraj/defects/img_11109.jpg,2026-02-03T08:37:57,,1
REP-PRG-11110,Pothole,25.436633,81.84282,Rambagh Railway Station Area,High,Reported,PWD_Road_Maintenance,https://storage.roadguard.ai/prayagraj/defects/img_11110.jpg,2026-04-25T05:45:35,,1
REP-PRG-11111,Garbage Accumulation,25.452954,81.82655,Prayagraj Junction (Civil Lines side),Moderate,Assigned,Prayagraj_Nagar_Nigam_Sanitation,https://storage.roadguard.ai/prayagraj/defects/img_11111.jpg,2026-01-08T12:19:04,,1
REP-PRG-11112,Pothole,25.519805,81.87557,Phaphamau NH-19 Junction,High,Assigned,PWD_Road_Maintenance,https://storage.roadguard.ai/prayagraj/defects/img_11112.jpg,2026-03-20T12:33:49,,1
REP-PRG-11113,Pothole,25.523357,81.853197,Curzon Bridge / Phaphamau,Low,Assigned,PWD_Road_Maintenance,https://storage.roadguard.ai/prayagraj/defects/img_11113.jpg,2026-01-29T10:49:48,,1
REP-PRG-11114,Garbage Accumulation,25.437668,81.84296,Civil Lines,High,Reported,Prayagraj_Nagar_Nigam_Sanitation,https://storage.roadguard.ai/prayagraj/defects/img_11114.jpg,2026-01-28T09:11:38,,1
REP-PRG-11115,Streetlight Defect,25.441523,81.834325,Prayagraj Junction (Civil Lines side),Moderate,Resolved,UPPCL_Streetlight_Cell,https://storage.roadguard.ai/prayagraj/defects/img_11115.jpg,2026-01-12T10:24:43,2026-01-18T10:24:43,0
REP-PRG-11116,Garbage Accumulation,25.436839,81.842041,Civil Lines,High,Resolved,Prayagraj_Nagar_Nigam_Sanitation,https://storage.roadguard.ai/prayagraj/defects/img_11116.jpg,2026-02-23T05:23:38,2026-02-28T05:23:38,0
REP-PRG-11117,Garbage Accumulation,25.429311,81.895846,Shastri Bridge (Ganga),Low,Reported,Prayagraj_Nagar_Nigam_Sanitation,https://storage.roadguard.ai/prayagraj/defects/img_11117.jpg,2026-03-14T05:06:29,,1
REP-PRG-11118,Pothole,25.428114,81.762368,Jhalwa / IIIT-A Corridor,High,In Progress,PWD_Road_Maintenance,https://storage.roadguard.ai/prayagraj/defects/img_11118.jpg,2026-06-06T16:48:16,,1
REP-PRG-11119,Streetlight Defect,25.443744,81.833491,Prayagraj Junction (Civil Lines side),Low,Assigned,UPPCL_Streetlight_Cell,https://storage.roadguard.ai/prayagraj/defects/img_11119.jpg,2026-01-05T03:15:15,,1
REP-PRG-11120,Garbage Accumulation,25.512847,81.862675,Curzon Bridge / Phaphamau,Critical,AI Verified,Prayagraj_Nagar_Nigam_Sanitation,https://storage.roadguard.ai/prayagraj/defects/img_11120.jpg,2026-05-18T08:09:27,,1
REP-PRG-11121,Drainage Issues,25.400812,81.852486,Naini Industrial Area,Critical,In Progress,Jal_Sansthan_Drainage_Div,https://storage.roadguard.ai/prayagraj/defects/img_11121.jpg,2026-05-02T21:20:33,,1
REP-PRG-11122,Streetlight Defect,25.451938,81.890835,Shastri Bridge (Ganga),Critical,AI Verified,UPPCL_Streetlight_Cell,https://storage.roadguard.ai/prayagraj/defects/img_11122.jpg,2026-04-01T21:49:16,,1
REP-PRG-11123,Pothole,25.44281,81.729357,GT Road / Bamrauli Corridor,Moderate,Reported,PWD_Road_Maintenance,https://storage.roadguard.ai/prayagraj/defects/img_11123.jpg,2026-03-22T12:30:02,,1
REP-PRG-11124,Pothole,25.508487,81.937373,NH-19 Bypass (Varanasi-Kanpur),Low,In Progress,PWD_Road_Maintenance,https://storage.roadguard.ai/prayagraj/defects/img_11124.jpg,2026-06-30T18:29:44,,1
REP-PRG-11125,Pothole,25.44798,81.850089,MG Marg Corridor,Moderate,AI Verified,PWD_Road_Maintenance,https://storage.roadguard.ai/prayagraj/defects/img_11125.jpg,2026-04-28T05:51:34,,1
REP-PRG-11126,Garbage Accumulation,25.433391,81.858903,Georgetown,High,AI Verified,Prayagraj_Nagar_Nigam_Sanitation,https://storage.roadguard.ai/prayagraj/defects/img_11126.jpg,2026-04-15T18:34:48,,1
REP-PRG-11127,Pothole,25.439981,81.742909,GT Road / Bamrauli Corridor,Low,In Progress,PWD_Road_Maintenance,https://storage.roadguard.ai/prayagraj/defects/img_11127.jpg,2026-05-02T21:22:41,,1
REP-PRG-11128,Pothole,25.446095,81.886634,Shastri Bridge (Ganga),High,Assigned,PWD_Road_Maintenance,https://storage.roadguard.ai/prayagraj/defects/img_11128.jpg,2026-04-12T23:56:57,,1
REP-PRG-11129,Garbage Accumulation,25.426166,81.829592,Prayagraj Junction (Civil Lines side),Low,Reported,Prayagraj_Nagar_Nigam_Sanitation,https://storage.roadguard.ai/prayagraj/defects/img_11129.jpg,2026-04-14T05:30:05,,1
REP-PRG-11130,Garbage Accumulation,25.388494,81.868234,Naini Industrial Area,Critical,AI Verified,Prayagraj_Nagar_Nigam_Sanitation,https://storage.roadguard.ai/prayagraj/defects/img_11130.jpg,2026-04-04T15:14:54,,1
REP-PRG-11131,Pothole,25.429886,81.811432,Kareli Urban Zone,High,AI Verified,PWD_Road_Maintenance,https://storage.roadguard.ai/prayagraj/defects/img_11131.jpg,2026-03-01T23:27:46,,1
REP-PRG-11132,Pothole,25.444942,81.85754,Rambagh Railway Station Area,High,Assigned,PWD_Road_Maintenance,https://storage.roadguard.ai/prayagraj/defects/img_11132.jpg,2026-03-12T07:26:28,,1
REP-PRG-11133,Pothole,25.477771,81.865557,Teliyarganj / MNNIT Area,High,Resolved,PWD_Road_Maintenance,https://storage.roadguard.ai/prayagraj/defects/img_11133.jpg,2026-05-06T02:37:12,2026-05-12T02:37:12,0
REP-PRG-11134,Garbage Accumulation,25.413967,81.854348,Naini Old Bridge (Yamuna),Low,AI Verified,Prayagraj_Nagar_Nigam_Sanitation,https://storage.roadguard.ai/prayagraj/defects/img_11134.jpg,2026-05-08T16:24:14,,1
REP-PRG-11135,Pothole,25.420781,81.851102,Naini Old Bridge (Yamuna),High,In Progress,PWD_Road_Maintenance,https://storage.roadguard.ai/prayagraj/defects/img_11135.jpg,2026-05-08T08:58:26,,1
REP-PRG-11136,Pothole,25.433594,81.890273,Shastri Bridge (Ganga),High,AI Verified,PWD_Road_Maintenance,https://storage.roadguard.ai/prayagraj/defects/img_11136.jpg,2026-06-10T06:41:28,,1
REP-PRG-11137,Garbage Accumulation,25.376302,81.856313,Naini Industrial Area,High,Assigned,Prayagraj_Nagar_Nigam_Sanitation,https://storage.roadguard.ai/prayagraj/defects/img_11137.jpg,2026-05-08T00:58:02,,1
REP-PRG-11138,Pothole,25.517435,81.84881,Curzon Bridge / Phaphamau,Moderate,Assigned,PWD_Road_Maintenance,https://storage.roadguard.ai/prayagraj/defects/img_11138.jpg,2026-05-19T20:30:38,,1
REP-PRG-11139,Drainage Issues,25.457931,81.838601,Civil Lines,Low,AI Verified,Jal_Sansthan_Drainage_Div,https://storage.roadguard.ai/prayagraj/defects/img_11139.jpg,2026-01-31T21:58:03,,1
REP-PRG-11140,Pothole,25.496194,81.924579,NH-19 Bypass (Varanasi-Kanpur),Moderate,AI Verified,PWD_Road_Maintenance,https://storage.roadguard.ai/prayagraj/defects/img_11140.jpg,2026-01-09T14:26:22,,1
REP-PRG-11141,Drainage Issues,25.454553,81.851151,Georgetown,Low,AI Verified,Jal_Sansthan_Drainage_Div,https://storage.roadguard.ai/prayagraj/defects/img_11141.jpg,2026-03-21T22:09:57,,1
REP-PRG-11142,Garbage Accumulation,25.435785,81.851696,Rambagh Railway Station Area,Moderate,AI Verified,Prayagraj_Nagar_Nigam_Sanitation,https://storage.roadguard.ai/prayagraj/defects/img_11142.jpg,2026-05-23T03:38:19,,1
REP-PRG-11143,Streetlight Defect,25.445767,81.845988,Rambagh Railway Station Area,High,Assigned,UPPCL_Streetlight_Cell,https://storage.roadguard.ai/prayagraj/defects/img_11143.jpg,2026-04-11T17:35:23,,1
REP-PRG-11144,Streetlight Defect,25.43472,81.859379,Rambagh Railway Station Area,Moderate,Assigned,UPPCL_Streetlight_Cell,https://storage.roadguard.ai/prayagraj/defects/img_11144.jpg,2026-03-14T19:40:06,,1
REP-PRG-11145,Pothole,25.462911,81.845831,MG Marg Corridor,Low,In Progress,PWD_Road_Maintenance,https://storage.roadguard.ai/prayagraj/defects/img_11145.jpg,2026-04-01T05:15:41,,1
REP-PRG-11146,Garbage Accumulation,25.453283,81.828434,Civil Lines,High,AI Verified,Prayagraj_Nagar_Nigam_Sanitation,https://storage.roadguard.ai/prayagraj/defects/img_11146.jpg,2026-04-20T20:33:58,,1
REP-PRG-11147,Pothole,25.421356,81.77418,Jhalwa / IIIT-A Corridor,Low,AI Verified,PWD_Road_Maintenance,https://storage.roadguard.ai/prayagraj/defects/img_11147.jpg,2026-03-03T07:35:45,,1
REP-PRG-11148,Streetlight Defect,25.448347,81.870213,Georgetown,Critical,Reported,UPPCL_Streetlight_Cell,https://storage.roadguard.ai/prayagraj/defects/img_11148.jpg,2026-03-20T12:10:03,,1
REP-PRG-11149,Pothole,25.425204,81.807975,Kareli Urban Zone,Moderate,Reported,PWD_Road_Maintenance,https://storage.roadguard.ai/prayagraj/defects/img_11149.jpg,2026-06-18T23:22:54,,1
REP-PRG-11150,Drainage Issues,25.455416,81.820016,Prayagraj Junction (Civil Lines side),Moderate,Assigned,Jal_Sansthan_Drainage_Div,https://storage.roadguard.ai/prayagraj/defects/img_11150.jpg,2026-05-31T08:48:34,,1
REP-PRG-11151,Pothole,25.416928,81.822002,Kareli Urban Zone,Moderate,Assigned,PWD_Road_Maintenance,https://storage.roadguard.ai/prayagraj/defects/img_11151.jpg,2026-05-06T11:38:34,,1
REP-PRG-11152,Pothole,25.527965,81.882879,Curzon Bridge / Phaphamau,Moderate,In Progress,PWD_Road_Maintenance,https://storage.roadguard.ai/prayagraj/defects/img_11152.jpg,2026-03-28T14:04:00,,1
REP-PRG-11153,Pothole,25.449854,81.857534,Georgetown,Moderate,AI Verified,PWD_Road_Maintenance,https://storage.roadguard.ai/prayagraj/defects/img_11153.jpg,2026-01-21T03:30:32,,1
REP-PRG-11154,Pothole,25.516276,81.865101,Curzon Bridge / Phaphamau,Low,Resolved,PWD_Road_Maintenance,https://storage.roadguard.ai/prayagraj/defects/img_11154.jpg,2026-04-13T16:13:27,2026-04-24T16:13:27,0
REP-PRG-11155,Garbage Accumulation,25.427435,81.894362,Sangam / Daraganj,Moderate,Assigned,Prayagraj_Nagar_Nigam_Sanitation,https://storage.roadguard.ai/prayagraj/defects/img_11155.jpg,2026-03-11T10:26:57,,1
REP-PRG-11156,Streetlight Defect,25.448841,81.831982,Prayagraj Junction (Civil Lines side),Moderate,In Progress,UPPCL_Streetlight_Cell,https://storage.roadguard.ai/prayagraj/defects/img_11156.jpg,2026-06-16T18:59:23,,1
REP-PRG-11157,Garbage Accumulation,25.452327,81.831373,Prayagraj Junction (Civil Lines side),Moderate,Assigned,Prayagraj_Nagar_Nigam_Sanitation,https://storage.roadguard.ai/prayagraj/defects/img_11157.jpg,2026-02-21T23:05:04,,1
REP-PRG-11158,Pothole,25.498712,81.858062,Teliyarganj / MNNIT Area,Moderate,Assigned,PWD_Road_Maintenance,https://storage.roadguard.ai/prayagraj/defects/img_11158.jpg,2026-05-21T14:34:31,,1
REP-PRG-11159,Streetlight Defect,25.448134,81.826099,Civil Lines,Moderate,AI Verified,UPPCL_Streetlight_Cell,https://storage.roadguard.ai/prayagraj/defects/img_11159.jpg,2026-05-08T15:45:12,,1
REP-PRG-11160,Pothole,25.513516,81.936231,NH-19 Bypass (Varanasi-Kanpur),High,In Progress,PWD_Road_Maintenance,https://storage.roadguard.ai/prayagraj/defects/img_11160.jpg,2026-04-23T04:36:42,,1
REP-PRG-11161,Streetlight Defect,25.452662,81.851396,MG Marg Corridor,Moderate,Reported,UPPCL_Streetlight_Cell,https://storage.roadguard.ai/prayagraj/defects/img_11161.jpg,2026-02-08T18:55:57,,1
REP-PRG-11162,Pothole,25.449955,81.74535,GT Road / Bamrauli Corridor,High,Resolved,PWD_Road_Maintenance,https://storage.roadguard.ai/prayagraj/defects/img_11162.jpg,2026-06-12T15:24:40,2026-06-20T15:24:40,0
REP-PRG-11163,Garbage Accumulation,25.451266,81.851903,Katra / Allahabad Univ,High,AI Verified,Prayagraj_Nagar_Nigam_Sanitation,https://storage.roadguard.ai/prayagraj/defects/img_11163.jpg,2026-06-03T16:35:50,,1
REP-PRG-11164,Pothole,25.497564,81.869793,Teliyarganj / MNNIT Area,Low,Reported,PWD_Road_Maintenance,https://storage.roadguard.ai/prayagraj/defects/img_11164.jpg,2026-03-22T00:53:58,,1
REP-PRG-11165,Streetlight Defect,25.437148,81.847427,Rambagh Railway Station Area,Moderate,Assigned,UPPCL_Streetlight_Cell,https://storage.roadguard.ai/prayagraj/defects/img_11165.jpg,2026-01-10T15:21:15,,1
REP-PRG-11166,Pothole,25.426857,81.887144,Shastri Bridge (Ganga),Low,In Progress,PWD_Road_Maintenance,https://storage.roadguard.ai/prayagraj/defects/img_11166.jpg,2026-03-14T07:58:53,,1
REP-PRG-11167,Streetlight Defect,25.446123,81.894602,Shastri Bridge (Ganga),Low,Assigned,UPPCL_Streetlight_Cell,https://storage.roadguard.ai/prayagraj/defects/img_11167.jpg,2026-01-06T10:00:51,,1
REP-PRG-11168,Pothole,25.434005,81.880398,Sangam / Daraganj,Moderate,Reported,PWD_Road_Maintenance,https://storage.roadguard.ai/prayagraj/defects/img_11168.jpg,2026-04-15T21:13:56,,1
REP-PRG-11169,Pothole,25.430057,81.874717,Sangam / Daraganj,High,In Progress,PWD_Road_Maintenance,https://storage.roadguard.ai/prayagraj/defects/img_11169.jpg,2026-03-02T12:04:31,,1
REP-PRG-11170,Drainage Issues,25.452591,81.831368,Prayagraj Junction (Civil Lines side),Moderate,In Progress,Jal_Sansthan_Drainage_Div,https://storage.roadguard.ai/prayagraj/defects/img_11170.jpg,2026-05-15T17:10:04,,1
REP-PRG-11171,Drainage Issues,25.443436,81.843792,Rambagh Railway Station Area,Moderate,Reported,Jal_Sansthan_Drainage_Div,https://storage.roadguard.ai/prayagraj/defects/img_11171.jpg,2026-03-22T19:59:20,,1
REP-PRG-11172,Garbage Accumulation,25.474773,81.871777,Teliyarganj / MNNIT Area,High,Resolved,Prayagraj_Nagar_Nigam_Sanitation,https://storage.roadguard.ai/prayagraj/defects/img_11172.jpg,2026-02-25T13:15:10,2026-02-28T13:15:10,0
REP-PRG-11173,Pothole,25.435169,81.883098,Shastri Bridge (Ganga),Moderate,AI Verified,PWD_Road_Maintenance,https://storage.roadguard.ai/prayagraj/defects/img_11173.jpg,2026-05-31T10:02:10,,1
REP-PRG-11174,Streetlight Defect,25.445048,81.844864,Rambagh Railway Station Area,High,Reported,UPPCL_Streetlight_Cell,https://storage.roadguard.ai/prayagraj/defects/img_11174.jpg,2026-05-20T23:25:45,,1
REP-PRG-11175,Garbage Accumulation,25.447979,81.852936,Rambagh Railway Station Area,Critical,In Progress,Prayagraj_Nagar_Nigam_Sanitation,https://storage.roadguard.ai/prayagraj/defects/img_11175.jpg,2026-02-07T21:12:58,,1
REP-PRG-11176,Garbage Accumulation,25.444969,81.837072,Rambagh Railway Station Area,High,Reported,Prayagraj_Nagar_Nigam_Sanitation,https://storage.roadguard.ai/prayagraj/defects/img_11176.jpg,2026-06-05T09:16:02,,1
REP-PRG-11177,Garbage Accumulation,25.458696,81.84009,MG Marg Corridor,High,AI Verified,Prayagraj_Nagar_Nigam_Sanitation,https://storage.roadguard.ai/prayagraj/defects/img_11177.jpg,2026-05-22T22:00:22,,1
REP-PRG-11178,Streetlight Defect,25.442046,81.860147,Georgetown,High,Resolved,UPPCL_Streetlight_Cell,https://storage.roadguard.ai/prayagraj/defects/img_11178.jpg,2026-06-25T12:26:37,2026-07-05T12:26:37,0
REP-PRG-11179,Drainage Issues,25.51079,81.868269,Phaphamau NH-19 Junction,Moderate,Resolved,Jal_Sansthan_Drainage_Div,https://storage.roadguard.ai/prayagraj/defects/img_11179.jpg,2026-04-11T17:18:13,2026-04-17T17:18:13,0
REP-PRG-11180,Drainage Issues,25.421765,81.869179,Sangam / Daraganj,High,AI Verified,Jal_Sansthan_Drainage_Div,https://storage.roadguard.ai/prayagraj/defects/img_11180.jpg,2026-02-11T23:58:40,,1
REP-PRG-11181,Drainage Issues,25.407821,81.828902,Kareli Urban Zone,High,AI Verified,Jal_Sansthan_Drainage_Div,https://storage.roadguard.ai/prayagraj/defects/img_11181.jpg,2026-01-09T17:58:38,,1
REP-PRG-11182,Garbage Accumulation,25.424966,81.89227,Sangam / Daraganj,Critical,AI Verified,Prayagraj_Nagar_Nigam_Sanitation,https://storage.roadguard.ai/prayagraj/defects/img_11182.jpg,2026-04-16T20:06:50,,1
REP-PRG-11183,Drainage Issues,25.445714,81.726341,GT Road / Bamrauli Corridor,High,In Progress,Jal_Sansthan_Drainage_Div,https://storage.roadguard.ai/prayagraj/defects/img_11183.jpg,2026-06-28T17:30:05,,1
REP-PRG-11184,Pothole,25.438068,81.837886,Prayagraj Junction (Civil Lines side),Moderate,Assigned,PWD_Road_Maintenance,https://storage.roadguard.ai/prayagraj/defects/img_11184.jpg,2026-05-21T19:53:50,,1
REP-PRG-11185,Garbage Accumulation,25.508753,81.925614,NH-19 Bypass (Varanasi-Kanpur),High,Assigned,Prayagraj_Nagar_Nigam_Sanitation,https://storage.roadguard.ai/prayagraj/defects/img_11185.jpg,2026-02-18T06:56:35,,1
REP-PRG-11186,Garbage Accumulation,25.51128,81.934014,NH-19 Bypass (Varanasi-Kanpur),Low,AI Verified,Prayagraj_Nagar_Nigam_Sanitation,https://storage.roadguard.ai/prayagraj/defects/img_11186.jpg,2026-06-10T19:07:28,,1
REP-PRG-11187,Streetlight Defect,25.428939,81.831588,Kareli Urban Zone,Low,AI Verified,UPPCL_Streetlight_Cell,https://storage.roadguard.ai/prayagraj/defects/img_11187.jpg,2026-06-16T12:44:11,,1
REP-PRG-11188,Garbage Accumulation,25.447122,81.729392,GT Road / Bamrauli Corridor,Moderate,AI Verified,Prayagraj_Nagar_Nigam_Sanitation,https://storage.roadguard.ai/prayagraj/defects/img_11188.jpg,2026-02-04T17:29:27,,1
REP-PRG-11189,Garbage Accumulation,25.435692,81.892082,Shastri Bridge (Ganga),High,In Progress,Prayagraj_Nagar_Nigam_Sanitation,https://storage.roadguard.ai/prayagraj/defects/img_11189.jpg,2026-02-20T11:04:22,,1
REP-PRG-11190,Pothole,25.44229,81.732343,GT Road / Bamrauli Corridor,Moderate,AI Verified,PWD_Road_Maintenance,https://storage.roadguard.ai/prayagraj/defects/img_11190.jpg,2026-05-27T16:10:23,,1
REP-PRG-11191,Drainage Issues,25.45535,81.834511,Civil Lines,Critical,Assigned,Jal_Sansthan_Drainage_Div,https://storage.roadguard.ai/prayagraj/defects/img_11191.jpg,2026-06-10T16:19:37,,1
REP-PRG-11192,Drainage Issues,25.430262,81.873932,Sangam / Daraganj,Low,Assigned,Jal_Sansthan_Drainage_Div,https://storage.roadguard.ai/prayagraj/defects/img_11192.jpg,2026-02-13T09:48:45,,1
REP-PRG-11193,Streetlight Defect,25.490157,81.855606,Teliyarganj / MNNIT Area,High,Reported,UPPCL_Streetlight_Cell,https://storage.roadguard.ai/prayagraj/defects/img_11193.jpg,2026-04-05T14:11:38,,1
REP-PRG-11194,Pothole,25.392122,81.873282,Naini Industrial Area,Moderate,In Progress,PWD_Road_Maintenance,https://storage.roadguard.ai/prayagraj/defects/img_11194.jpg,2026-04-28T01:59:29,,1
REP-PRG-11195,Pothole,25.37023,81.857564,Naini Industrial Area,Moderate,Resolved,PWD_Road_Maintenance,https://storage.roadguard.ai/prayagraj/defects/img_11195.jpg,2026-03-10T18:29:03,2026-03-23T18:29:03,0
REP-PRG-11196,Pothole,25.427528,81.8428,Rambagh Railway Station Area,Moderate,AI Verified,PWD_Road_Maintenance,https://storage.roadguard.ai/prayagraj/defects/img_11196.jpg,2026-02-25T18:18:09,,1
REP-PRG-11197,Pothole,25.511332,81.846403,Curzon Bridge / Phaphamau,Moderate,Reported,PWD_Road_Maintenance,https://storage.roadguard.ai/prayagraj/defects/img_11197.jpg,2026-03-16T17:31:54,,1
REP-PRG-11198,Streetlight Defect,25.517625,81.856968,Phaphamau NH-19 Junction,Critical,AI Verified,UPPCL_Streetlight_Cell,https://storage.roadguard.ai/prayagraj/defects/img_11198.jpg,2026-06-26T07:33:54,,1
REP-PRG-11199,Pothole,25.511658,81.930555,NH-19 Bypass (Varanasi-Kanpur),Moderate,In Progress,PWD_Road_Maintenance,https://storage.roadguard.ai/prayagraj/defects/img_11199.jpg,2026-06-27T22:28:28,,1
REP-PRG-11200,Garbage Accumulation,25.506226,81.859415,Curzon Bridge / Phaphamau,High,Assigned,Prayagraj_Nagar_Nigam_Sanitation,https://storage.roadguard.ai/prayagraj/defects/img_11200.jpg,2026-03-07T10:39:35,,1
REP-PRG-11201,Streetlight Defect,25.380627,81.862827,Naini Industrial Area,Low,Resolved,UPPCL_Streetlight_Cell,https://storage.roadguard.ai/prayagraj/defects/img_11201.jpg,2026-05-01T20:53:59,2026-05-12T20:53:59,0
REP-PRG-11202,Pothole,25.462388,81.848724,MG Marg Corridor,Moderate,AI Verified,PWD_Road_Maintenance,https://storage.roadguard.ai/prayagraj/defects/img_11202.jpg,2026-04-12T21:30:14,,1
REP-PRG-11203,Drainage Issues,25.407603,81.861638,Naini Old Bridge (Yamuna),Moderate,Assigned,Jal_Sansthan_Drainage_Div,https://storage.roadguard.ai/prayagraj/defects/img_11203.jpg,2026-03-08T14:11:04,,1
REP-PRG-11204,Streetlight Defect,25.453491,81.818814,Prayagraj Junction (Civil Lines side),Moderate,AI Verified,UPPCL_Streetlight_Cell,https://storage.roadguard.ai/prayagraj/defects/img_11204.jpg,2026-01-23T19:33:11,,1
REP-PRG-11205,Streetlight Defect,25.45355,81.840303,Prayagraj Junction (Civil Lines side),Moderate,AI Verified,UPPCL_Streetlight_Cell,https://storage.roadguard.ai/prayagraj/defects/img_11205.jpg,2026-02-03T02:10:32,,1
REP-PRG-11206,Garbage Accumulation,25.45102,81.84766,Katra / Allahabad Univ,Critical,AI Verified,Prayagraj_Nagar_Nigam_Sanitation,https://storage.roadguard.ai/prayagraj/defects/img_11206.jpg,2026-03-10T06:18:58,,1
REP-PRG-11207,Streetlight Defect,25.468141,81.857172,Katra / Allahabad Univ,Moderate,AI Verified,UPPCL_Streetlight_Cell,https://storage.roadguard.ai/prayagraj/defects/img_11207.jpg,2026-05-06T13:30:26,,1
REP-PRG-11208,Pothole,25.514412,81.932725,NH-19 Bypass (Varanasi-Kanpur),Low,AI Verified,PWD_Road_Maintenance,https://storage.roadguard.ai/prayagraj/defects/img_11208.jpg,2026-01-11T01:07:16,,1
REP-PRG-11209,Pothole,25.463126,81.844388,Katra / Allahabad Univ,Moderate,Reported,PWD_Road_Maintenance,https://storage.roadguard.ai/prayagraj/defects/img_11209.jpg,2026-05-07T09:29:06,,1
REP-PRG-11210,Pothole,25.518379,81.939357,NH-19 Bypass (Varanasi-Kanpur),High,AI Verified,PWD_Road_Maintenance,https://storage.roadguard.ai/prayagraj/defects/img_11210.jpg,2026-05-07T12:05:44,,1
REP-PRG-11211,Pothole,25.416165,81.854652,Naini Old Bridge (Yamuna),Low,In Progress,PWD_Road_Maintenance,https://storage.roadguard.ai/prayagraj/defects/img_11211.jpg,2026-02-16T14:07:38,,1
REP-PRG-11212,Garbage Accumulation,25.434751,81.832114,Prayagraj Junction (Civil Lines side),Moderate,Assigned,Prayagraj_Nagar_Nigam_Sanitation,https://storage.roadguard.ai/prayagraj/defects/img_11212.jpg,2026-02-25T05:14:46,,1
REP-PRG-11213,Streetlight Defect,25.457176,81.834402,Civil Lines,Moderate,AI Verified,UPPCL_Streetlight_Cell,https://storage.roadguard.ai/prayagraj/defects/img_11213.jpg,2026-01-20T16:57:44,,1
REP-PRG-11214,Garbage Accumulation,25.448495,81.845327,Rambagh Railway Station Area,Critical,Reported,Prayagraj_Nagar_Nigam_Sanitation,https://storage.roadguard.ai/prayagraj/defects/img_11214.jpg,2026-06-24T12:26:29,,1
REP-PRG-11215,Pothole,25.496517,81.854843,Teliyarganj / MNNIT Area,Critical,Reported,PWD_Road_Maintenance,https://storage.roadguard.ai/prayagraj/defects/img_11215.jpg,2026-03-24T13:35:55,,1
REP-PRG-11216,Pothole,25.452412,81.833505,Civil Lines,High,Assigned,PWD_Road_Maintenance,https://storage.roadguard.ai/prayagraj/defects/img_11216.jpg,2026-04-28T06:52:39,,1
REP-PRG-11217,Streetlight Defect,25.461802,81.852044,Katra / Allahabad Univ,Low,Resolved,UPPCL_Streetlight_Cell,https://storage.roadguard.ai/prayagraj/defects/img_11217.jpg,2026-06-18T06:39:34,2026-06-27T06:39:34,0
REP-PRG-11218,Drainage Issues,25.418948,81.826608,Kareli Urban Zone,Critical,Resolved,Jal_Sansthan_Drainage_Div,https://storage.roadguard.ai/prayagraj/defects/img_11218.jpg,2026-05-26T12:42:30,2026-05-31T12:42:30,0
REP-PRG-11219,Garbage Accumulation,25.445506,81.825147,MG Marg Corridor,Moderate,In Progress,Prayagraj_Nagar_Nigam_Sanitation,https://storage.roadguard.ai/prayagraj/defects/img_11219.jpg,2026-01-20T03:55:16,,1
REP-PRG-11220,Pothole,25.505997,81.874052,Teliyarganj / MNNIT Area,Moderate,AI Verified,PWD_Road_Maintenance,https://storage.roadguard.ai/prayagraj/defects/img_11220.jpg,2026-04-13T11:14:50,,1
REP-PRG-11221,Drainage Issues,25.442262,81.840418,Civil Lines,Low,In Progress,Jal_Sansthan_Drainage_Div,https://storage.roadguard.ai/prayagraj/defects/img_11221.jpg,2026-03-15T07:33:45,,1
REP-PRG-11222,Pothole,25.413976,81.857108,Naini Old Bridge (Yamuna),Moderate,AI Verified,PWD_Road_Maintenance,https://storage.roadguard.ai/prayagraj/defects/img_11222.jpg,2026-03-22T05:58:23,,1
REP-PRG-11223,Pothole,25.420354,81.853125,Naini Old Bridge (Yamuna),Low,AI Verified,PWD_Road_Maintenance,https://storage.roadguard.ai/prayagraj/defects/img_11223.jpg,2026-02-22T01:49:35,,1
REP-PRG-11224,Drainage Issues,25.50373,81.924476,NH-19 Bypass (Varanasi-Kanpur),Moderate,Assigned,Jal_Sansthan_Drainage_Div,https://storage.roadguard.ai/prayagraj/defects/img_11224.jpg,2026-04-19T11:17:05,,1
REP-PRG-11225,Garbage Accumulation,25.44267,81.733345,GT Road / Bamrauli Corridor,High,AI Verified,Prayagraj_Nagar_Nigam_Sanitation,https://storage.roadguard.ai/prayagraj/defects/img_11225.jpg,2026-04-20T11:23:02,,1
REP-PRG-11226,Streetlight Defect,25.448463,81.832274,MG Marg Corridor,Critical,Assigned,UPPCL_Streetlight_Cell,https://storage.roadguard.ai/prayagraj/defects/img_11226.jpg,2026-06-15T13:38:45,,1
REP-PRG-11227,Streetlight Defect,25.444956,81.859898,Rambagh Railway Station Area,High,Reported,UPPCL_Streetlight_Cell,https://storage.roadguard.ai/prayagraj/defects/img_11227.jpg,2026-04-30T23:55:25,,1
REP-PRG-11228,Drainage Issues,25.42536,81.881915,Sangam / Daraganj,Moderate,Reported,Jal_Sansthan_Drainage_Div,https://storage.roadguard.ai/prayagraj/defects/img_11228.jpg,2026-02-02T18:56:15,,1
REP-PRG-11229,Streetlight Defect,25.528997,81.868776,Phaphamau NH-19 Junction,Moderate,Reported,UPPCL_Streetlight_Cell,https://storage.roadguard.ai/prayagraj/defects/img_11229.jpg,2026-01-20T09:38:30,,1
REP-PRG-11230,Pothole,25.447608,81.833941,Prayagraj Junction (Civil Lines side),Moderate,Reported,PWD_Road_Maintenance,https://storage.roadguard.ai/prayagraj/defects/img_11230.jpg,2026-06-20T04:41:51,,1
REP-PRG-11231,Pothole,25.463858,81.845099,Katra / Allahabad Univ,Moderate,In Progress,PWD_Road_Maintenance,https://storage.roadguard.ai/prayagraj/defects/img_11231.jpg,2026-01-05T12:08:53,,1
REP-PRG-11232,Pothole,25.516953,81.937098,NH-19 Bypass (Varanasi-Kanpur),Low,AI Verified,PWD_Road_Maintenance,https://storage.roadguard.ai/prayagraj/defects/img_11232.jpg,2026-01-22T23:09:18,,1
REP-PRG-11233,Pothole,25.438894,81.859304,Georgetown,High,In Progress,PWD_Road_Maintenance,https://storage.roadguard.ai/prayagraj/defects/img_11233.jpg,2026-04-27T06:42:44,,1
REP-PRG-11234,Pothole,25.465467,81.853325,Katra / Allahabad Univ,Critical,In Progress,PWD_Road_Maintenance,https://storage.roadguard.ai/prayagraj/defects/img_11234.jpg,2026-02-24T14:44:19,,1
REP-PRG-11235,Garbage Accumulation,25.438584,81.898911,Sangam / Daraganj,High,In Progress,Prayagraj_Nagar_Nigam_Sanitation,https://storage.roadguard.ai/prayagraj/defects/img_11235.jpg,2026-01-28T23:47:38,,1
REP-PRG-11236,Pothole,25.446312,81.823852,Civil Lines,Low,AI Verified,PWD_Road_Maintenance,https://storage.roadguard.ai/prayagraj/defects/img_11236.jpg,2026-05-04T00:45:14,,1
REP-PRG-11237,Drainage Issues,25.494431,81.868773,Teliyarganj / MNNIT Area,Critical,Assigned,Jal_Sansthan_Drainage_Div,https://storage.roadguard.ai/prayagraj/defects/img_11237.jpg,2026-05-05T19:01:28,,1
REP-PRG-11238,Garbage Accumulation,25.426153,81.781626,Jhalwa / IIIT-A Corridor,Critical,Assigned,Prayagraj_Nagar_Nigam_Sanitation,https://storage.roadguard.ai/prayagraj/defects/img_11238.jpg,2026-03-19T11:11:26,,1
REP-PRG-11239,Pothole,25.407291,81.860543,Naini Old Bridge (Yamuna),Low,In Progress,PWD_Road_Maintenance,https://storage.roadguard.ai/prayagraj/defects/img_11239.jpg,2026-06-28T14:51:10,,1
REP-PRG-11240,Pothole,25.447753,81.848655,Civil Lines,High,Assigned,PWD_Road_Maintenance,https://storage.roadguard.ai/prayagraj/defects/img_11240.jpg,2026-04-23T06:47:38,,1
REP-PRG-11241,Pothole,25.52794,81.851867,Curzon Bridge / Phaphamau,High,Reported,PWD_Road_Maintenance,https://storage.roadguard.ai/prayagraj/defects/img_11241.jpg,2026-04-19T08:47:39,,1
REP-PRG-11242,Pothole,25.380604,81.871877,Naini Industrial Area,Low,Assigned,PWD_Road_Maintenance,https://storage.roadguard.ai/prayagraj/defects/img_11242.jpg,2026-05-06T01:09:59,,1
REP-PRG-11243,Drainage Issues,25.449503,81.834537,Civil Lines,Moderate,AI Verified,Jal_Sansthan_Drainage_Div,https://storage.roadguard.ai/prayagraj/defects/img_11243.jpg,2026-05-26T22:15:45,,1
REP-PRG-11244,Pothole,25.449203,81.822643,MG Marg Corridor,Low,In Progress,PWD_Road_Maintenance,https://storage.roadguard.ai/prayagraj/defects/img_11244.jpg,2026-04-21T23:08:04,,1
REP-PRG-11245,Garbage Accumulation,25.439389,81.842482,Rambagh Railway Station Area,Moderate,Assigned,Prayagraj_Nagar_Nigam_Sanitation,https://storage.roadguard.ai/prayagraj/defects/img_11245.jpg,2026-03-16T09:20:51,,1
REP-PRG-11246,Pothole,25.435555,81.859549,Rambagh Railway Station Area,Moderate,Assigned,PWD_Road_Maintenance,https://storage.roadguard.ai/prayagraj/defects/img_11246.jpg,2026-06-24T01:45:50,,1
REP-PRG-11247,Garbage Accumulation,25.514948,81.871506,Phaphamau NH-19 Junction,Moderate,AI Verified,Prayagraj_Nagar_Nigam_Sanitation,https://storage.roadguard.ai/prayagraj/defects/img_11247.jpg,2026-03-23T04:08:36,,1
REP-PRG-11248,Pothole,25.427768,81.877762,Sangam / Daraganj,High,In Progress,PWD_Road_Maintenance,https://storage.roadguard.ai/prayagraj/defects/img_11248.jpg,2026-01-31T02:00:52,,1
REP-PRG-11249,Streetlight Defect,25.434323,81.77272,Jhalwa / IIIT-A Corridor,Moderate,AI Verified,UPPCL_Streetlight_Cell,https://storage.roadguard.ai/prayagraj/defects/img_11249.jpg,2026-02-20T01:05:04,,1
REP-PRG-11250,Streetlight Defect,25.432565,81.777745,Jhalwa / IIIT-A Corridor,Moderate,Assigned,UPPCL_Streetlight_Cell,https://storage.roadguard.ai/prayagraj/defects/img_11250.jpg,2026-06-25T20:20:53,,1
REP-PRG-11251,Pothole,25.50735,81.925102,NH-19 Bypass (Varanasi-Kanpur),Moderate,Assigned,PWD_Road_Maintenance,https://storage.roadguard.ai/prayagraj/defects/img_11251.jpg,2026-04-18T07:45:24,,1
REP-PRG-11252,Garbage Accumulation,25.419319,81.763397,Jhalwa / IIIT-A Corridor,High,In Progress,Prayagraj_Nagar_Nigam_Sanitation,https://storage.roadguard.ai/prayagraj/defects/img_11252.jpg,2026-06-09T15:32:39,,1
REP-PRG-11253,Garbage Accumulation,25.468593,81.868957,Georgetown,Low,AI Verified,Prayagraj_Nagar_Nigam_Sanitation,https://storage.roadguard.ai/prayagraj/defects/img_11253.jpg,2026-02-14T15:15:46,,1
REP-PRG-11254,Streetlight Defect,25.428191,81.87942,Shastri Bridge (Ganga),Low,AI Verified,UPPCL_Streetlight_Cell,https://storage.roadguard.ai/prayagraj/defects/img_11254.jpg,2026-05-07T19:03:20,,1
REP-PRG-11255,Pothole,25.528855,81.869378,Phaphamau NH-19 Junction,Low,Reported,PWD_Road_Maintenance,https://storage.roadguard.ai/prayagraj/defects/img_11255.jpg,2026-03-08T20:59:58,,1
REP-PRG-11256,Pothole,25.443391,81.88796,Shastri Bridge (Ganga),High,Assigned,PWD_Road_Maintenance,https://storage.roadguard.ai/prayagraj/defects/img_11256.jpg,2026-01-17T20:17:47,,1
REP-PRG-11257,Pothole,25.448996,81.742623,GT Road / Bamrauli Corridor,Moderate,Assigned,PWD_Road_Maintenance,https://storage.roadguard.ai/prayagraj/defects/img_11257.jpg,2026-05-05T17:23:13,,1
REP-PRG-11258,Garbage Accumulation,25.420687,81.802246,Kareli Urban Zone,High,In Progress,Prayagraj_Nagar_Nigam_Sanitation,https://storage.roadguard.ai/prayagraj/defects/img_11258.jpg,2026-05-23T17:44:20,,1
REP-PRG-11259,Drainage Issues,25.416162,81.848189,Naini Old Bridge (Yamuna),High,Assigned,Jal_Sansthan_Drainage_Div,https://storage.roadguard.ai/prayagraj/defects/img_11259.jpg,2026-01-27T09:50:08,,1
REP-PRG-11260,Garbage Accumulation,25.511402,81.953882,NH-19 Bypass (Varanasi-Kanpur),Critical,In Progress,Prayagraj_Nagar_Nigam_Sanitation,https://storage.roadguard.ai/prayagraj/defects/img_11260.jpg,2026-01-29T06:13:48,,1
REP-PRG-11261,Garbage Accumulation,25.38794,81.862492,Naini Industrial Area,Low,Reported,Prayagraj_Nagar_Nigam_Sanitation,https://storage.roadguard.ai/prayagraj/defects/img_11261.jpg,2026-06-11T12:17:54,,1
REP-PRG-11262,Drainage Issues,25.519374,81.861862,Curzon Bridge / Phaphamau,Low,AI Verified,Jal_Sansthan_Drainage_Div,https://storage.roadguard.ai/prayagraj/defects/img_11262.jpg,2026-04-25T02:25:08,,1
REP-PRG-11263,Garbage Accumulation,25.442861,81.852855,Rambagh Railway Station Area,Low,Assigned,Prayagraj_Nagar_Nigam_Sanitation,https://storage.roadguard.ai/prayagraj/defects/img_11263.jpg,2026-03-27T13:00:58,,1
REP-PRG-11264,Drainage Issues,25.401452,81.855953,Naini Industrial Area,Moderate,AI Verified,Jal_Sansthan_Drainage_Div,https://storage.roadguard.ai/prayagraj/defects/img_11264.jpg,2026-01-02T16:55:54,,1
REP-PRG-11265,Pothole,25.443289,81.840589,Rambagh Railway Station Area,Moderate,Reported,PWD_Road_Maintenance,https://storage.roadguard.ai/prayagraj/defects/img_11265.jpg,2026-04-06T23:06:36,,1
REP-PRG-11266,Streetlight Defect,25.432444,81.762651,Jhalwa / IIIT-A Corridor,Moderate,In Progress,UPPCL_Streetlight_Cell,https://storage.roadguard.ai/prayagraj/defects/img_11266.jpg,2026-05-16T23:21:15,,1
REP-PRG-11267,Pothole,25.521661,81.862639,Phaphamau NH-19 Junction,Moderate,Resolved,PWD_Road_Maintenance,https://storage.roadguard.ai/prayagraj/defects/img_11267.jpg,2026-04-29T02:47:33,2026-05-13T02:47:33,0
REP-PRG-11268,Drainage Issues,25.435807,81.777348,Jhalwa / IIIT-A Corridor,Moderate,In Progress,Jal_Sansthan_Drainage_Div,https://storage.roadguard.ai/prayagraj/defects/img_11268.jpg,2026-05-13T10:32:00,,1
REP-PRG-11269,Pothole,25.420034,81.880439,Sangam / Daraganj,Moderate,In Progress,PWD_Road_Maintenance,https://storage.roadguard.ai/prayagraj/defects/img_11269.jpg,2026-04-22T10:14:16,,1
REP-PRG-11270,Garbage Accumulation,25.486323,81.852932,Teliyarganj / MNNIT Area,High,Assigned,Prayagraj_Nagar_Nigam_Sanitation,https://storage.roadguard.ai/prayagraj/defects/img_11270.jpg,2026-05-28T10:06:17,,1
REP-PRG-11271,Drainage Issues,25.445264,81.825532,Prayagraj Junction (Civil Lines side),Moderate,In Progress,Jal_Sansthan_Drainage_Div,https://storage.roadguard.ai/prayagraj/defects/img_11271.jpg,2026-06-30T04:09:22,,1
REP-PRG-11272,Garbage Accumulation,25.464414,81.862464,Georgetown,Moderate,AI Verified,Prayagraj_Nagar_Nigam_Sanitation,https://storage.roadguard.ai/prayagraj/defects/img_11272.jpg,2026-03-14T03:12:58,,1
REP-PRG-11273,Garbage Accumulation,25.406979,81.850482,Naini Old Bridge (Yamuna),Moderate,AI Verified,Prayagraj_Nagar_Nigam_Sanitation,https://storage.roadguard.ai/prayagraj/defects/img_11273.jpg,2026-05-21T06:43:56,,1
REP-PRG-11274,Garbage Accumulation,25.518171,81.946708,NH-19 Bypass (Varanasi-Kanpur),Critical,In Progress,Prayagraj_Nagar_Nigam_Sanitation,https://storage.roadguard.ai/prayagraj/defects/img_11274.jpg,2026-04-14T15:10:59,,1
REP-PRG-11275,Pothole,25.432312,81.843961,Georgetown,Moderate,AI Verified,PWD_Road_Maintenance,https://storage.roadguard.ai/prayagraj/defects/img_11275.jpg,2026-02-03T02:56:59,,1
REP-PRG-11276,Pothole,25.459968,81.862117,Georgetown,Moderate,AI Verified,PWD_Road_Maintenance,https://storage.roadguard.ai/prayagraj/defects/img_11276.jpg,2026-03-30T07:08:40,,1
REP-PRG-11277,Pothole,25.432054,81.894277,Shastri Bridge (Ganga),Critical,Assigned,PWD_Road_Maintenance,https://storage.roadguard.ai/prayagraj/defects/img_11277.jpg,2026-03-08T16:47:12,,1
REP-PRG-11278,Garbage Accumulation,25.423914,81.859027,Georgetown,Critical,Reported,Prayagraj_Nagar_Nigam_Sanitation,https://storage.roadguard.ai/prayagraj/defects/img_11278.jpg,2026-01-16T21:34:47,,1
REP-PRG-11279,Streetlight Defect,25.462623,81.862394,Katra / Allahabad Univ,Moderate,Reported,UPPCL_Streetlight_Cell,https://storage.roadguard.ai/prayagraj/defects/img_11279.jpg,2026-06-16T12:32:31,,1
REP-PRG-11280,Pothole,25.501889,81.930685,NH-19 Bypass (Varanasi-Kanpur),High,AI Verified,PWD_Road_Maintenance,https://storage.roadguard.ai/prayagraj/defects/img_11280.jpg,2026-03-03T05:10:30,,1
REP-PRG-11281,Pothole,25.517597,81.867043,Phaphamau NH-19 Junction,Moderate,In Progress,PWD_Road_Maintenance,https://storage.roadguard.ai/prayagraj/defects/img_11281.jpg,2026-05-27T13:05:46,,1
REP-PRG-11282,Streetlight Defect,25.484837,81.859735,Teliyarganj / MNNIT Area,Moderate,AI Verified,UPPCL_Streetlight_Cell,https://storage.roadguard.ai/prayagraj/defects/img_11282.jpg,2026-05-30T15:00:38,,1
REP-PRG-11283,Streetlight Defect,25.420033,81.775209,Jhalwa / IIIT-A Corridor,Low,AI Verified,UPPCL_Streetlight_Cell,https://storage.roadguard.ai/prayagraj/defects/img_11283.jpg,2026-04-16T10:59:00,,1
REP-PRG-11284,Pothole,25.436868,81.878123,Sangam / Daraganj,Critical,AI Verified,PWD_Road_Maintenance,https://storage.roadguard.ai/prayagraj/defects/img_11284.jpg,2026-04-25T10:50:33,,1
REP-PRG-11285,Garbage Accumulation,25.428306,81.758411,Jhalwa / IIIT-A Corridor,Moderate,Assigned,Prayagraj_Nagar_Nigam_Sanitation,https://storage.roadguard.ai/prayagraj/defects/img_11285.jpg,2026-04-12T17:36:02,,1
REP-PRG-11286,Streetlight Defect,25.437103,81.847598,Rambagh Railway Station Area,Critical,Assigned,UPPCL_Streetlight_Cell,https://storage.roadguard.ai/prayagraj/defects/img_11286.jpg,2026-05-06T23:10:46,,1
REP-PRG-11287,Pothole,25.459966,81.881104,Shastri Bridge (Ganga),Low,Assigned,PWD_Road_Maintenance,https://storage.roadguard.ai/prayagraj/defects/img_11287.jpg,2026-02-04T02:41:04,,1
REP-PRG-11288,Pothole,25.458713,81.835975,Prayagraj Junction (Civil Lines side),Moderate,AI Verified,PWD_Road_Maintenance,https://storage.roadguard.ai/prayagraj/defects/img_11288.jpg,2026-02-11T04:21:12,,1
REP-PRG-11289,Drainage Issues,25.430245,81.784069,Jhalwa / IIIT-A Corridor,Low,In Progress,Jal_Sansthan_Drainage_Div,https://storage.roadguard.ai/prayagraj/defects/img_11289.jpg,2026-01-29T12:24:02,,1
REP-PRG-11290,Streetlight Defect,25.430977,81.773113,Jhalwa / IIIT-A Corridor,Low,AI Verified,UPPCL_Streetlight_Cell,https://storage.roadguard.ai/prayagraj/defects/img_11290.jpg,2026-04-06T19:06:07,,1
REP-PRG-11291,Pothole,25.427575,81.779789,Jhalwa / IIIT-A Corridor,Moderate,In Progress,PWD_Road_Maintenance,https://storage.roadguard.ai/prayagraj/defects/img_11291.jpg,2026-02-07T05:28:03,,1
REP-PRG-11292,Pothole,25.458772,81.734995,GT Road / Bamrauli Corridor,Critical,In Progress,PWD_Road_Maintenance,https://storage.roadguard.ai/prayagraj/defects/img_11292.jpg,2026-02-25T14:39:56,,1
REP-PRG-11293,Pothole,25.428946,81.846376,Rambagh Railway Station Area,Moderate,Reported,PWD_Road_Maintenance,https://storage.roadguard.ai/prayagraj/defects/img_11293.jpg,2026-01-12T23:12:12,,1
REP-PRG-11294,Streetlight Defect,25.4331,81.847492,Rambagh Railway Station Area,Moderate,Resolved,UPPCL_Streetlight_Cell,https://storage.roadguard.ai/prayagraj/defects/img_11294.jpg,2026-04-08T01:18:09,2026-04-21T01:18:09,0
REP-PRG-11295,Garbage Accumulation,25.4279,81.851342,Naini Old Bridge (Yamuna),Moderate,AI Verified,Prayagraj_Nagar_Nigam_Sanitation,https://storage.roadguard.ai/prayagraj/defects/img_11295.jpg,2026-04-27T00:21:01,,1
REP-PRG-11296,Drainage Issues,25.417657,81.855464,Naini Old Bridge (Yamuna),Moderate,In Progress,Jal_Sansthan_Drainage_Div,https://storage.roadguard.ai/prayagraj/defects/img_11296.jpg,2026-06-21T06:42:15,,1
REP-PRG-11297,Pothole,25.456787,81.722025,GT Road / Bamrauli Corridor,Critical,AI Verified,PWD_Road_Maintenance,https://storage.roadguard.ai/prayagraj/defects/img_11297.jpg,2026-01-13T00:07:57,,1
REP-PRG-11298,Streetlight Defect,25.455146,81.85669,Katra / Allahabad Univ,High,Assigned,UPPCL_Streetlight_Cell,https://storage.roadguard.ai/prayagraj/defects/img_11298.jpg,2026-05-28T06:56:29,,1
REP-PRG-11299,Streetlight Defect,25.454601,81.855065,Georgetown,Low,Assigned,UPPCL_Streetlight_Cell,https://storage.roadguard.ai/prayagraj/defects/img_11299.jpg,2026-02-20T06:31:34,,1
REP-PRG-11300,Drainage Issues,25.433988,81.842958,MG Marg Corridor,Moderate,In Progress,Jal_Sansthan_Drainage_Div,https://storage.roadguard.ai/prayagraj/defects/img_11300.jpg,2026-05-09T08:40:46,,1
REP-PRG-11301,Garbage Accumulation,25.379917,81.855483,Naini Industrial Area,Moderate,Resolved,Prayagraj_Nagar_Nigam_Sanitation,https://storage.roadguard.ai/prayagraj/defects/img_11301.jpg,2026-03-12T15:29:35,2026-03-17T15:29:35,0
REP-PRG-11302,Pothole,25.505005,81.928524,NH-19 Bypass (Varanasi-Kanpur),Moderate,AI Verified,PWD_Road_Maintenance,https://storage.roadguard.ai/prayagraj/defects/img_11302.jpg,2026-05-31T09:38:16,,1
REP-PRG-11303,Drainage Issues,25.434662,81.830355,Rambagh Railway Station Area,Low,AI Verified,Jal_Sansthan_Drainage_Div,https://storage.roadguard.ai/prayagraj/defects/img_11303.jpg,2026-04-17T08:52:33,,1
REP-PRG-11304,Pothole,25.454177,81.838199,Prayagraj Junction (Civil Lines side),Moderate,Reported,PWD_Road_Maintenance,https://storage.roadguard.ai/prayagraj/defects/img_11304.jpg,2026-01-27T03:43:32,,1
REP-PRG-11305,Pothole,25.444212,81.880899,Shastri Bridge (Ganga),Low,In Progress,PWD_Road_Maintenance,https://storage.roadguard.ai/prayagraj/defects/img_11305.jpg,2026-02-09T19:10:12,,1
REP-PRG-11306,Garbage Accumulation,25.448388,81.739948,GT Road / Bamrauli Corridor,Low,Resolved,Prayagraj_Nagar_Nigam_Sanitation,https://storage.roadguard.ai/prayagraj/defects/img_11306.jpg,2026-02-16T08:59:21,2026-03-01T08:59:21,0
REP-PRG-11307,Pothole,25.45379,81.843347,MG Marg Corridor,Low,Reported,PWD_Road_Maintenance,https://storage.roadguard.ai/prayagraj/defects/img_11307.jpg,2026-03-24T17:23:27,,1
REP-PRG-11308,Drainage Issues,25.486127,81.863656,Teliyarganj / MNNIT Area,Critical,Reported,Jal_Sansthan_Drainage_Div,https://storage.roadguard.ai/prayagraj/defects/img_11308.jpg,2026-03-04T05:44:10,,1
REP-PRG-11309,Streetlight Defect,25.528658,81.876647,Phaphamau NH-19 Junction,High,AI Verified,UPPCL_Streetlight_Cell,https://storage.roadguard.ai/prayagraj/defects/img_11309.jpg,2026-01-30T17:48:16,,1
REP-PRG-11310,Pothole,25.454636,81.844312,MG Marg Corridor,Moderate,Reported,PWD_Road_Maintenance,https://storage.roadguard.ai/prayagraj/defects/img_11310.jpg,2026-01-08T22:50:11,,1
REP-PRG-11311,Drainage Issues,25.525671,81.876284,Phaphamau NH-19 Junction,Low,Assigned,Jal_Sansthan_Drainage_Div,https://storage.roadguard.ai/prayagraj/defects/img_11311.jpg,2026-05-31T11:41:45,,1
REP-PRG-11312,Garbage Accumulation,25.528278,81.858111,Phaphamau NH-19 Junction,High,Reported,Prayagraj_Nagar_Nigam_Sanitation,https://storage.roadguard.ai/prayagraj/defects/img_11312.jpg,2026-05-26T22:48:33,,1
REP-PRG-11313,Pothole,25.521227,81.935583,NH-19 Bypass (Varanasi-Kanpur),High,AI Verified,PWD_Road_Maintenance,https://storage.roadguard.ai/prayagraj/defects/img_11313.jpg,2026-02-06T21:35:29,,1
REP-PRG-11314,Garbage Accumulation,25.435456,81.886164,Shastri Bridge (Ganga),Moderate,AI Verified,Prayagraj_Nagar_Nigam_Sanitation,https://storage.roadguard.ai/prayagraj/defects/img_11314.jpg,2026-05-24T00:26:50,,1
REP-PRG-11315,Pothole,25.451373,81.841705,MG Marg Corridor,Moderate,In Progress,PWD_Road_Maintenance,https://storage.roadguard.ai/prayagraj/defects/img_11315.jpg,2026-03-17T07:46:37,,1
REP-PRG-11316,Pothole,25.440578,81.89249,Shastri Bridge (Ganga),Critical,AI Verified,PWD_Road_Maintenance,https://storage.roadguard.ai/prayagraj/defects/img_11316.jpg,2026-06-03T17:08:04,,1
REP-PRG-11317,Drainage Issues,25.5056,81.871572,Teliyarganj / MNNIT Area,High,AI Verified,Jal_Sansthan_Drainage_Div,https://storage.roadguard.ai/prayagraj/defects/img_11317.jpg,2026-05-11T18:14:32,,1
REP-PRG-11318,Pothole,25.450525,81.84553,MG Marg Corridor,Moderate,Reported,PWD_Road_Maintenance,https://storage.roadguard.ai/prayagraj/defects/img_11318.jpg,2026-01-23T22:23:33,,1
REP-PRG-11319,Drainage Issues,25.37674,81.868183,Naini Industrial Area,High,Resolved,Jal_Sansthan_Drainage_Div,https://storage.roadguard.ai/prayagraj/defects/img_11319.jpg,2026-04-21T15:40:36,2026-05-02T15:40:36,0
REP-PRG-11320,Drainage Issues,25.461474,81.826256,Prayagraj Junction (Civil Lines side),Moderate,Assigned,Jal_Sansthan_Drainage_Div,https://storage.roadguard.ai/prayagraj/defects/img_11320.jpg,2026-03-30T07:07:32,,1
REP-PRG-11321,Drainage Issues,25.453219,81.849783,Katra / Allahabad Univ,High,AI Verified,Jal_Sansthan_Drainage_Div,https://storage.roadguard.ai/prayagraj/defects/img_11321.jpg,2026-06-19T19:42:37,,1
REP-PRG-11322,Pothole,25.411283,81.813722,Kareli Urban Zone,Critical,AI Verified,PWD_Road_Maintenance,https://storage.roadguard.ai/prayagraj/defects/img_11322.jpg,2026-06-27T12:52:07,,1
REP-PRG-11323,Streetlight Defect,25.449636,81.823655,Civil Lines,Low,Reported,UPPCL_Streetlight_Cell,https://storage.roadguard.ai/prayagraj/defects/img_11323.jpg,2026-02-14T23:02:34,,1
REP-PRG-11324,Garbage Accumulation,25.439625,81.855218,Rambagh Railway Station Area,Moderate,In Progress,Prayagraj_Nagar_Nigam_Sanitation,https://storage.roadguard.ai/prayagraj/defects/img_11324.jpg,2026-06-17T07:42:42,,1
REP-PRG-11325,Streetlight Defect,25.422738,81.892154,Sangam / Daraganj,Critical,In Progress,UPPCL_Streetlight_Cell,https://storage.roadguard.ai/prayagraj/defects/img_11325.jpg,2026-04-24T12:29:36,,1
REP-PRG-11326,Drainage Issues,25.432086,81.778245,Jhalwa / IIIT-A Corridor,Moderate,Assigned,Jal_Sansthan_Drainage_Div,https://storage.roadguard.ai/prayagraj/defects/img_11326.jpg,2026-04-10T14:27:04,,1
REP-PRG-11327,Pothole,25.447337,81.841736,Civil Lines,Moderate,AI Verified,PWD_Road_Maintenance,https://storage.roadguard.ai/prayagraj/defects/img_11327.jpg,2026-01-03T16:03:55,,1
REP-PRG-11328,Garbage Accumulation,25.443865,81.842022,Civil Lines,High,Assigned,Prayagraj_Nagar_Nigam_Sanitation,https://storage.roadguard.ai/prayagraj/defects/img_11328.jpg,2026-02-19T11:16:32,,1
REP-PRG-11329,Garbage Accumulation,25.446375,81.863426,Georgetown,Moderate,Resolved,Prayagraj_Nagar_Nigam_Sanitation,https://storage.roadguard.ai/prayagraj/defects/img_11329.jpg,2026-04-03T09:20:22,2026-04-09T09:20:22,0
REP-PRG-11330,Drainage Issues,25.430095,81.840839,Rambagh Railway Station Area,High,AI Verified,Jal_Sansthan_Drainage_Div,https://storage.roadguard.ai/prayagraj/defects/img_11330.jpg,2026-02-21T07:14:41,,1
REP-PRG-11331,Pothole,25.496778,81.855413,Teliyarganj / MNNIT Area,Moderate,Assigned,PWD_Road_Maintenance,https://storage.roadguard.ai/prayagraj/defects/img_11331.jpg,2026-02-14T04:05:23,,1
REP-PRG-11332,Garbage Accumulation,25.515706,81.847063,Curzon Bridge / Phaphamau,Moderate,Assigned,Prayagraj_Nagar_Nigam_Sanitation,https://storage.roadguard.ai/prayagraj/defects/img_11332.jpg,2026-05-25T14:23:26,,1
REP-PRG-11333,Streetlight Defect,25.436785,81.87014,Sangam / Daraganj,High,Reported,UPPCL_Streetlight_Cell,https://storage.roadguard.ai/prayagraj/defects/img_11333.jpg,2026-05-26T16:17:59,,1
REP-PRG-11334,Garbage Accumulation,25.451418,81.833005,Prayagraj Junction (Civil Lines side),Moderate,In Progress,Prayagraj_Nagar_Nigam_Sanitation,https://storage.roadguard.ai/prayagraj/defects/img_11334.jpg,2026-01-07T03:24:13,,1
REP-PRG-11335,Garbage Accumulation,25.454426,81.859656,Katra / Allahabad Univ,Critical,Reported,Prayagraj_Nagar_Nigam_Sanitation,https://storage.roadguard.ai/prayagraj/defects/img_11335.jpg,2026-04-21T07:20:12,,1
REP-PRG-11336,Drainage Issues,25.451084,81.833689,MG Marg Corridor,Moderate,In Progress,Jal_Sansthan_Drainage_Div,https://storage.roadguard.ai/prayagraj/defects/img_11336.jpg,2026-04-15T17:58:38,,1
REP-PRG-11337,Garbage Accumulation,25.376932,81.849299,Naini Industrial Area,Moderate,AI Verified,Prayagraj_Nagar_Nigam_Sanitation,https://storage.roadguard.ai/prayagraj/defects/img_11337.jpg,2026-01-12T16:10:31,,1
REP-PRG-11338,Pothole,25.451797,81.825482,MG Marg Corridor,Moderate,AI Verified,PWD_Road_Maintenance,https://storage.roadguard.ai/prayagraj/defects/img_11338.jpg,2026-01-02T22:16:01,,1
REP-PRG-11339,Pothole,25.512763,81.855892,Curzon Bridge / Phaphamau,Critical,In Progress,PWD_Road_Maintenance,https://storage.roadguard.ai/prayagraj/defects/img_11339.jpg,2026-02-27T23:25:50,,1
REP-PRG-11340,Drainage Issues,25.435433,81.877584,Sangam / Daraganj,Low,AI Verified,Jal_Sansthan_Drainage_Div,https://storage.roadguard.ai/prayagraj/defects/img_11340.jpg,2026-01-18T06:47:30,,1
REP-PRG-11341,Pothole,25.382364,81.870855,Naini Industrial Area,Moderate,Reported,PWD_Road_Maintenance,https://storage.roadguard.ai/prayagraj/defects/img_11341.jpg,2026-06-10T20:10:17,,1
REP-PRG-11342,Pothole,25.46268,81.857529,Katra / Allahabad Univ,Moderate,Resolved,PWD_Road_Maintenance,https://storage.roadguard.ai/prayagraj/defects/img_11342.jpg,2026-01-14T20:08:44,2026-01-24T20:08:44,0
REP-PRG-11343,Drainage Issues,25.528754,81.852715,Phaphamau NH-19 Junction,High,Assigned,Jal_Sansthan_Drainage_Div,https://storage.roadguard.ai/prayagraj/defects/img_11343.jpg,2026-01-26T06:46:05,,1
REP-PRG-11344,Streetlight Defect,25.516054,81.9349,NH-19 Bypass (Varanasi-Kanpur),Low,Reported,UPPCL_Streetlight_Cell,https://storage.roadguard.ai/prayagraj/defects/img_11344.jpg,2026-01-09T21:44:25,,1
REP-PRG-11345,Drainage Issues,25.411867,81.818047,Kareli Urban Zone,High,In Progress,Jal_Sansthan_Drainage_Div,https://storage.roadguard.ai/prayagraj/defects/img_11345.jpg,2026-01-17T00:05:23,,1
REP-PRG-11346,Pothole,25.448686,81.836924,MG Marg Corridor,High,Reported,PWD_Road_Maintenance,https://storage.roadguard.ai/prayagraj/defects/img_11346.jpg,2026-06-23T10:01:52,,1
REP-PRG-11347,Pothole,25.451671,81.849451,MG Marg Corridor,Moderate,Reported,PWD_Road_Maintenance,https://storage.roadguard.ai/prayagraj/defects/img_11347.jpg,2026-04-16T16:29:14,,1
REP-PRG-11348,Streetlight Defect,25.461254,81.824402,Civil Lines,Moderate,AI Verified,UPPCL_Streetlight_Cell,https://storage.roadguard.ai/prayagraj/defects/img_11348.jpg,2026-06-09T06:32:43,,1
REP-PRG-11349,Pothole,25.389977,81.875631,Naini Industrial Area,Critical,In Progress,PWD_Road_Maintenance,https://storage.roadguard.ai/prayagraj/defects/img_11349.jpg,2026-04-28T02:49:52,,1
REP-PRG-11350,Streetlight Defect,25.423094,81.828728,Kareli Urban Zone,Low,Reported,UPPCL_Streetlight_Cell,https://storage.roadguard.ai/prayagraj/defects/img_11350.jpg,2026-01-19T05:35:10,,1
REP-PRG-11351,Drainage Issues,25.528098,81.86619,Curzon Bridge / Phaphamau,Low,Assigned,Jal_Sansthan_Drainage_Div,https://storage.roadguard.ai/prayagraj/defects/img_11351.jpg,2026-04-01T23:19:42,,1
REP-PRG-11352,Garbage Accumulation,25.441494,81.856361,Rambagh Railway Station Area,Moderate,AI Verified,Prayagraj_Nagar_Nigam_Sanitation,https://storage.roadguard.ai/prayagraj/defects/img_11352.jpg,2026-01-12T10:12:08,,1
REP-PRG-11353,Pothole,25.419159,81.855191,Naini Old Bridge (Yamuna),Moderate,Resolved,PWD_Road_Maintenance,https://storage.roadguard.ai/prayagraj/defects/img_11353.jpg,2026-04-02T19:19:48,2026-04-13T19:19:48,0
REP-PRG-11354,Pothole,25.415189,81.867507,Naini Old Bridge (Yamuna),Moderate,AI Verified,PWD_Road_Maintenance,https://storage.roadguard.ai/prayagraj/defects/img_11354.jpg,2026-04-05T08:17:39,,1
REP-PRG-11355,Streetlight Defect,25.440453,81.840259,Prayagraj Junction (Civil Lines side),High,Reported,UPPCL_Streetlight_Cell,https://storage.roadguard.ai/prayagraj/defects/img_11355.jpg,2026-05-11T04:22:08,,1
REP-PRG-11356,Streetlight Defect,25.452999,81.826806,MG Marg Corridor,Low,AI Verified,UPPCL_Streetlight_Cell,https://storage.roadguard.ai/prayagraj/defects/img_11356.jpg,2026-02-21T10:29:25,,1
REP-PRG-11357,Pothole,25.422941,81.8032,Kareli Urban Zone,Moderate,Assigned,PWD_Road_Maintenance,https://storage.roadguard.ai/prayagraj/defects/img_11357.jpg,2026-05-01T05:50:12,,1
REP-PRG-11358,Drainage Issues,25.425004,81.827082,Kareli Urban Zone,Moderate,AI Verified,Jal_Sansthan_Drainage_Div,https://storage.roadguard.ai/prayagraj/defects/img_11358.jpg,2026-03-18T23:14:39,,1
REP-PRG-11359,Pothole,25.415261,81.820988,Kareli Urban Zone,Moderate,In Progress,PWD_Road_Maintenance,https://storage.roadguard.ai/prayagraj/defects/img_11359.jpg,2026-01-12T02:03:22,,1
REP-PRG-11360,Drainage Issues,25.540633,81.860954,Phaphamau NH-19 Junction,High,Assigned,Jal_Sansthan_Drainage_Div,https://storage.roadguard.ai/prayagraj/defects/img_11360.jpg,2026-05-01T06:42:58,,1
REP-PRG-11361,Pothole,25.503529,81.869853,Curzon Bridge / Phaphamau,High,Resolved,PWD_Road_Maintenance,https://storage.roadguard.ai/prayagraj/defects/img_11361.jpg,2026-03-26T21:41:11,2026-03-31T21:41:11,0
REP-PRG-11362,Pothole,25.507701,81.86303,Teliyarganj / MNNIT Area,Critical,AI Verified,PWD_Road_Maintenance,https://storage.roadguard.ai/prayagraj/defects/img_11362.jpg,2026-01-19T21:01:48,,1
REP-PRG-11363,Streetlight Defect,25.460692,81.845632,Civil Lines,Low,AI Verified,UPPCL_Streetlight_Cell,https://storage.roadguard.ai/prayagraj/defects/img_11363.jpg,2026-06-12T05:19:27,,1
REP-PRG-11364,Pothole,25.42206,81.766118,Jhalwa / IIIT-A Corridor,Low,AI Verified,PWD_Road_Maintenance,https://storage.roadguard.ai/prayagraj/defects/img_11364.jpg,2026-02-14T15:58:17,,1
REP-PRG-11365,Garbage Accumulation,25.469847,81.86848,Katra / Allahabad Univ,Moderate,Assigned,Prayagraj_Nagar_Nigam_Sanitation,https://storage.roadguard.ai/prayagraj/defects/img_11365.jpg,2026-02-15T15:08:08,,1
REP-PRG-11366,Pothole,25.457103,81.827861,Civil Lines,Moderate,Reported,PWD_Road_Maintenance,https://storage.roadguard.ai/prayagraj/defects/img_11366.jpg,2026-06-23T12:59:48,,1
REP-PRG-11367,Garbage Accumulation,25.507896,81.858752,Teliyarganj / MNNIT Area,Critical,AI Verified,Prayagraj_Nagar_Nigam_Sanitation,https://storage.roadguard.ai/prayagraj/defects/img_11367.jpg,2026-02-23T19:06:26,,1
REP-PRG-11368,Pothole,25.507319,81.932739,NH-19 Bypass (Varanasi-Kanpur),High,Assigned,PWD_Road_Maintenance,https://storage.roadguard.ai/prayagraj/defects/img_11368.jpg,2026-05-16T06:41:24,,1
REP-PRG-11369,Drainage Issues,25.462433,81.746832,GT Road / Bamrauli Corridor,Low,Reported,Jal_Sansthan_Drainage_Div,https://storage.roadguard.ai/prayagraj/defects/img_11369.jpg,2026-02-03T14:54:16,,1
REP-PRG-11370,Streetlight Defect,25.515319,81.861706,Curzon Bridge / Phaphamau,High,AI Verified,UPPCL_Streetlight_Cell,https://storage.roadguard.ai/prayagraj/defects/img_11370.jpg,2026-04-21T07:09:40,,1
REP-PRG-11371,Drainage Issues,25.525348,81.869465,Phaphamau NH-19 Junction,High,Assigned,Jal_Sansthan_Drainage_Div,https://storage.roadguard.ai/prayagraj/defects/img_11371.jpg,2026-05-18T18:42:39,,1
REP-PRG-11372,Pothole,25.397764,81.852627,Naini Old Bridge (Yamuna),Low,In Progress,PWD_Road_Maintenance,https://storage.roadguard.ai/prayagraj/defects/img_11372.jpg,2026-02-03T02:30:19,,1
REP-PRG-11373,Pothole,25.441431,81.838792,Rambagh Railway Station Area,Low,AI Verified,PWD_Road_Maintenance,https://storage.roadguard.ai/prayagraj/defects/img_11373.jpg,2026-06-20T06:23:14,,1
REP-PRG-11374,Pothole,25.433091,81.878364,Sangam / Daraganj,Moderate,In Progress,PWD_Road_Maintenance,https://storage.roadguard.ai/prayagraj/defects/img_11374.jpg,2026-05-11T21:37:35,,1
REP-PRG-11375,Streetlight Defect,25.453544,81.860584,Rambagh Railway Station Area,Low,Assigned,UPPCL_Streetlight_Cell,https://storage.roadguard.ai/prayagraj/defects/img_11375.jpg,2026-05-16T01:35:46,,1
REP-PRG-11376,Streetlight Defect,25.435774,81.846793,Rambagh Railway Station Area,Moderate,Assigned,UPPCL_Streetlight_Cell,https://storage.roadguard.ai/prayagraj/defects/img_11376.jpg,2026-05-31T07:39:22,,1
REP-PRG-11377,Pothole,25.448408,81.834387,MG Marg Corridor,Critical,AI Verified,PWD_Road_Maintenance,https://storage.roadguard.ai/prayagraj/defects/img_11377.jpg,2026-03-02T22:24:51,,1
REP-PRG-11378,Pothole,25.51356,81.851934,Curzon Bridge / Phaphamau,Critical,Assigned,PWD_Road_Maintenance,https://storage.roadguard.ai/prayagraj/defects/img_11378.jpg,2026-04-06T17:16:01,,1
REP-PRG-11379,Pothole,25.420955,81.884982,Sangam / Daraganj,Low,AI Verified,PWD_Road_Maintenance,https://storage.roadguard.ai/prayagraj/defects/img_11379.jpg,2026-04-01T16:22:49,,1
REP-PRG-11380,Streetlight Defect,25.454036,81.831565,MG Marg Corridor,High,AI Verified,UPPCL_Streetlight_Cell,https://storage.roadguard.ai/prayagraj/defects/img_11380.jpg,2026-04-30T23:44:49,,1
REP-PRG-11381,Pothole,25.457163,81.734947,GT Road / Bamrauli Corridor,Moderate,AI Verified,PWD_Road_Maintenance,https://storage.roadguard.ai/prayagraj/defects/img_11381.jpg,2026-01-07T14:32:16,,1
REP-PRG-11382,Pothole,25.512025,81.936563,NH-19 Bypass (Varanasi-Kanpur),High,AI Verified,PWD_Road_Maintenance,https://storage.roadguard.ai/prayagraj/defects/img_11382.jpg,2026-01-22T18:43:23,,1
REP-PRG-11383,Streetlight Defect,25.446731,81.831638,Prayagraj Junction (Civil Lines side),High,In Progress,UPPCL_Streetlight_Cell,https://storage.roadguard.ai/prayagraj/defects/img_11383.jpg,2026-02-28T11:34:58,,1
REP-PRG-11384,Pothole,25.380869,81.863428,Naini Industrial Area,Low,AI Verified,PWD_Road_Maintenance,https://storage.roadguard.ai/prayagraj/defects/img_11384.jpg,2026-02-20T19:59:14,,1
REP-PRG-11385,Pothole,25.458353,81.849027,Katra / Allahabad Univ,High,Assigned,PWD_Road_Maintenance,https://storage.roadguard.ai/prayagraj/defects/img_11385.jpg,2026-03-12T14:56:27,,1
REP-PRG-11386,Drainage Issues,25.416586,81.842611,Naini Old Bridge (Yamuna),High,Assigned,Jal_Sansthan_Drainage_Div,https://storage.roadguard.ai/prayagraj/defects/img_11386.jpg,2026-03-08T08:18:38,,1
REP-PRG-11387,Pothole,25.441071,81.856721,Georgetown,Moderate,Resolved,PWD_Road_Maintenance,https://storage.roadguard.ai/prayagraj/defects/img_11387.jpg,2026-04-15T05:06:55,2026-04-29T05:06:55,0
REP-PRG-11388,Streetlight Defect,25.450551,81.832968,Civil Lines,Moderate,In Progress,UPPCL_Streetlight_Cell,https://storage.roadguard.ai/prayagraj/defects/img_11388.jpg,2026-02-08T22:28:21,,1
REP-PRG-11389,Pothole,25.524506,81.868836,Phaphamau NH-19 Junction,High,AI Verified,PWD_Road_Maintenance,https://storage.roadguard.ai/prayagraj/defects/img_11389.jpg,2026-05-14T05:22:19,,1
REP-PRG-11390,Garbage Accumulation,25.516996,81.924802,NH-19 Bypass (Varanasi-Kanpur),Moderate,In Progress,Prayagraj_Nagar_Nigam_Sanitation,https://storage.roadguard.ai/prayagraj/defects/img_11390.jpg,2026-03-22T14:50:21,,1
REP-PRG-11391,Garbage Accumulation,25.440374,81.731664,GT Road / Bamrauli Corridor,High,AI Verified,Prayagraj_Nagar_Nigam_Sanitation,https://storage.roadguard.ai/prayagraj/defects/img_11391.jpg,2026-04-27T04:19:56,,1
REP-PRG-11392,Pothole,25.448702,81.832085,Civil Lines,Moderate,Reported,PWD_Road_Maintenance,https://storage.roadguard.ai/prayagraj/defects/img_11392.jpg,2026-01-04T02:11:49,,1
REP-PRG-11393,Pothole,25.42184,81.759631,Jhalwa / IIIT-A Corridor,Moderate,Assigned,PWD_Road_Maintenance,https://storage.roadguard.ai/prayagraj/defects/img_11393.jpg,2026-04-15T03:34:24,,1
REP-PRG-11394,Pothole,25.441351,81.860451,Georgetown,Low,In Progress,PWD_Road_Maintenance,https://storage.roadguard.ai/prayagraj/defects/img_11394.jpg,2026-02-05T13:35:44,,1
REP-PRG-11395,Streetlight Defect,25.42476,81.815541,Kareli Urban Zone,High,Resolved,UPPCL_Streetlight_Cell,https://storage.roadguard.ai/prayagraj/defects/img_11395.jpg,2026-05-27T22:13:54,2026-06-04T22:13:54,0
REP-PRG-11396,Drainage Issues,25.508696,81.850586,Curzon Bridge / Phaphamau,Low,AI Verified,Jal_Sansthan_Drainage_Div,https://storage.roadguard.ai/prayagraj/defects/img_11396.jpg,2026-05-02T11:57:19,,1
REP-PRG-11397,Streetlight Defect,25.419748,81.813213,Kareli Urban Zone,Moderate,In Progress,UPPCL_Streetlight_Cell,https://storage.roadguard.ai/prayagraj/defects/img_11397.jpg,2026-01-24T14:14:28,,1
REP-PRG-11398,Garbage Accumulation,25.389585,81.850713,Naini Industrial Area,Low,In Progress,Prayagraj_Nagar_Nigam_Sanitation,https://storage.roadguard.ai/prayagraj/defects/img_11398.jpg,2026-06-05T01:47:23,,1
REP-PRG-11399,Pothole,25.449723,81.837309,Civil Lines,Low,Resolved,PWD_Road_Maintenance,https://storage.roadguard.ai/prayagraj/defects/img_11399.jpg,2026-03-14T15:29:46,2026-03-19T15:29:46,0
REP-PRG-11400,Garbage Accumulation,25.446471,81.880544,Georgetown,Low,Reported,Prayagraj_Nagar_Nigam_Sanitation,https://storage.roadguard.ai/prayagraj/defects/img_11400.jpg,2026-05-13T08:24:07,,1
REP-PRG-11401,Pothole,25.441798,81.881968,Shastri Bridge (Ganga),Critical,AI Verified,PWD_Road_Maintenance,https://storage.roadguard.ai/prayagraj/defects/img_11401.jpg,2026-01-29T12:42:06,,1
REP-PRG-11402,Streetlight Defect,25.449236,81.72579,GT Road / Bamrauli Corridor,Low,Resolved,UPPCL_Streetlight_Cell,https://storage.roadguard.ai/prayagraj/defects/img_11402.jpg,2026-02-22T12:43:50,2026-02-27T12:43:50,0
REP-PRG-11403,Streetlight Defect,25.444355,81.852336,Georgetown,High,AI Verified,UPPCL_Streetlight_Cell,https://storage.roadguard.ai/prayagraj/defects/img_11403.jpg,2026-06-05T04:56:18,,1
REP-PRG-11404,Streetlight Defect,25.452323,81.854604,Georgetown,Moderate,Assigned,UPPCL_Streetlight_Cell,https://storage.roadguard.ai/prayagraj/defects/img_11404.jpg,2026-03-12T15:20:37,,1
REP-PRG-11405,Drainage Issues,25.451666,81.829816,Civil Lines,Moderate,In Progress,Jal_Sansthan_Drainage_Div,https://storage.roadguard.ai/prayagraj/defects/img_11405.jpg,2026-06-04T16:59:13,,1
REP-PRG-11406,Pothole,25.460911,81.82543,Prayagraj Junction (Civil Lines side),Moderate,AI Verified,PWD_Road_Maintenance,https://storage.roadguard.ai/prayagraj/defects/img_11406.jpg,2026-04-30T04:58:34,,1
REP-PRG-11407,Garbage Accumulation,25.46366,81.844513,MG Marg Corridor,Moderate,In Progress,Prayagraj_Nagar_Nigam_Sanitation,https://storage.roadguard.ai/prayagraj/defects/img_11407.jpg,2026-04-27T20:37:33,,1
REP-PRG-11408,Pothole,25.448857,81.86195,Georgetown,High,In Progress,PWD_Road_Maintenance,https://storage.roadguard.ai/prayagraj/defects/img_11408.jpg,2026-04-17T17:04:14,,1
REP-PRG-11409,Drainage Issues,25.44215,81.874579,Shastri Bridge (Ganga),High,AI Verified,Jal_Sansthan_Drainage_Div,https://storage.roadguard.ai/prayagraj/defects/img_11409.jpg,2026-06-18T14:40:44,,1
REP-PRG-11410,Pothole,25.382769,81.871761,Naini Industrial Area,Critical,AI Verified,PWD_Road_Maintenance,https://storage.roadguard.ai/prayagraj/defects/img_11410.jpg,2026-02-10T17:58:04,,1
REP-PRG-11411,Garbage Accumulation,25.444609,81.847758,Georgetown,Low,Assigned,Prayagraj_Nagar_Nigam_Sanitation,https://storage.roadguard.ai/prayagraj/defects/img_11411.jpg,2026-02-26T01:58:02,,1
REP-PRG-11412,Drainage Issues,25.449581,81.753633,GT Road / Bamrauli Corridor,Moderate,Resolved,Jal_Sansthan_Drainage_Div,https://storage.roadguard.ai/prayagraj/defects/img_11412.jpg,2026-01-20T11:49:51,2026-01-30T11:49:51,0
REP-PRG-11413,Pothole,25.429975,81.819504,Kareli Urban Zone,Low,AI Verified,PWD_Road_Maintenance,https://storage.roadguard.ai/prayagraj/defects/img_11413.jpg,2026-01-13T00:49:37,,1
REP-PRG-11414,Pothole,25.460212,81.831968,Civil Lines,High,Assigned,PWD_Road_Maintenance,https://storage.roadguard.ai/prayagraj/defects/img_11414.jpg,2026-04-08T20:30:43,,1
REP-PRG-11415,Drainage Issues,25.478369,81.855604,Teliyarganj / MNNIT Area,Moderate,Reported,Jal_Sansthan_Drainage_Div,https://storage.roadguard.ai/prayagraj/defects/img_11415.jpg,2026-01-30T12:58:08,,1
REP-PRG-11416,Garbage Accumulation,25.432503,81.817808,Kareli Urban Zone,Moderate,AI Verified,Prayagraj_Nagar_Nigam_Sanitation,https://storage.roadguard.ai/prayagraj/defects/img_11416.jpg,2026-01-23T03:58:03,,1
REP-PRG-11417,Garbage Accumulation,25.523053,81.862601,Phaphamau NH-19 Junction,Moderate,AI Verified,Prayagraj_Nagar_Nigam_Sanitation,https://storage.roadguard.ai/prayagraj/defects/img_11417.jpg,2026-03-13T13:52:30,,1
REP-PRG-11418,Drainage Issues,25.454233,81.903008,Shastri Bridge (Ganga),High,AI Verified,Jal_Sansthan_Drainage_Div,https://storage.roadguard.ai/prayagraj/defects/img_11418.jpg,2026-02-02T03:27:58,,1
REP-PRG-11419,Pothole,25.50975,81.861728,Teliyarganj / MNNIT Area,High,Reported,PWD_Road_Maintenance,https://storage.roadguard.ai/prayagraj/defects/img_11419.jpg,2026-03-11T13:35:19,,1
REP-PRG-11420,Pothole,25.512365,81.917867,NH-19 Bypass (Varanasi-Kanpur),Moderate,Reported,PWD_Road_Maintenance,https://storage.roadguard.ai/prayagraj/defects/img_11420.jpg,2026-06-23T03:22:49,,1
REP-PRG-11421,Streetlight Defect,25.523815,81.848658,Curzon Bridge / Phaphamau,Low,Assigned,UPPCL_Streetlight_Cell,https://storage.roadguard.ai/prayagraj/defects/img_11421.jpg,2026-05-15T07:20:18,,1
REP-PRG-11422,Pothole,25.386734,81.856222,Naini Industrial Area,Moderate,Reported,PWD_Road_Maintenance,https://storage.roadguard.ai/prayagraj/defects/img_11422.jpg,2026-01-02T09:46:18,,1
REP-PRG-11423,Garbage Accumulation,25.487289,81.856302,Teliyarganj / MNNIT Area,Critical,AI Verified,Prayagraj_Nagar_Nigam_Sanitation,https://storage.roadguard.ai/prayagraj/defects/img_11423.jpg,2026-03-03T15:16:52,,1
REP-PRG-11424,Pothole,25.425137,81.875687,Sangam / Daraganj,Low,Reported,PWD_Road_Maintenance,https://storage.roadguard.ai/prayagraj/defects/img_11424.jpg,2026-02-19T10:18:00,,1
REP-PRG-11425,Drainage Issues,25.520614,81.871667,Phaphamau NH-19 Junction,Low,In Progress,Jal_Sansthan_Drainage_Div,https://storage.roadguard.ai/prayagraj/defects/img_11425.jpg,2026-06-20T14:06:44,,1
REP-PRG-11426,Pothole,25.430161,81.891764,Shastri Bridge (Ganga),Moderate,In Progress,PWD_Road_Maintenance,https://storage.roadguard.ai/prayagraj/defects/img_11426.jpg,2026-03-25T04:27:49,,1
REP-PRG-11427,Streetlight Defect,25.521744,81.853894,Curzon Bridge / Phaphamau,Critical,AI Verified,UPPCL_Streetlight_Cell,https://storage.roadguard.ai/prayagraj/defects/img_11427.jpg,2026-04-20T12:23:54,,1
REP-PRG-11428,Pothole,25.519257,81.863156,Phaphamau NH-19 Junction,Moderate,AI Verified,PWD_Road_Maintenance,https://storage.roadguard.ai/prayagraj/defects/img_11428.jpg,2026-04-14T07:48:40,,1
REP-PRG-11429,Pothole,25.429438,81.821553,Kareli Urban Zone,Moderate,AI Verified,PWD_Road_Maintenance,https://storage.roadguard.ai/prayagraj/defects/img_11429.jpg,2026-06-18T18:08:17,,1
REP-PRG-11430,Pothole,25.42375,81.773871,Jhalwa / IIIT-A Corridor,Critical,AI Verified,PWD_Road_Maintenance,https://storage.roadguard.ai/prayagraj/defects/img_11430.jpg,2026-06-04T02:11:20,,1
REP-PRG-11431,Garbage Accumulation,25.376182,81.870451,Naini Industrial Area,High,Resolved,Prayagraj_Nagar_Nigam_Sanitation,https://storage.roadguard.ai/prayagraj/defects/img_11431.jpg,2026-05-26T14:14:33,2026-06-01T14:14:33,0
REP-PRG-11432,Streetlight Defect,25.388269,81.862538,Naini Industrial Area,Critical,Assigned,UPPCL_Streetlight_Cell,https://storage.roadguard.ai/prayagraj/defects/img_11432.jpg,2026-06-23T12:50:23,,1
REP-PRG-11433,Pothole,25.413291,81.812907,Kareli Urban Zone,High,Assigned,PWD_Road_Maintenance,https://storage.roadguard.ai/prayagraj/defects/img_11433.jpg,2026-06-21T01:33:13,,1
REP-PRG-11434,Pothole,25.434279,81.889832,Sangam / Daraganj,High,Assigned,PWD_Road_Maintenance,https://storage.roadguard.ai/prayagraj/defects/img_11434.jpg,2026-04-09T02:36:21,,1
REP-PRG-11435,Streetlight Defect,25.519902,81.868667,Phaphamau NH-19 Junction,High,Reported,UPPCL_Streetlight_Cell,https://storage.roadguard.ai/prayagraj/defects/img_11435.jpg,2026-01-07T06:26:26,,1
REP-PRG-11436,Pothole,25.368304,81.860323,Naini Industrial Area,High,In Progress,PWD_Road_Maintenance,https://storage.roadguard.ai/prayagraj/defects/img_11436.jpg,2026-06-08T10:53:25,,1
REP-PRG-11437,Pothole,25.448752,81.830723,MG Marg Corridor,Moderate,AI Verified,PWD_Road_Maintenance,https://storage.roadguard.ai/prayagraj/defects/img_11437.jpg,2026-04-07T15:26:29,,1
REP-PRG-11438,Pothole,25.441508,81.832658,MG Marg Corridor,High,Resolved,PWD_Road_Maintenance,https://storage.roadguard.ai/prayagraj/defects/img_11438.jpg,2026-04-24T19:58:02,2026-04-28T19:58:02,0
REP-PRG-11439,Pothole,25.462338,81.853501,Katra / Allahabad Univ,High,Reported,PWD_Road_Maintenance,https://storage.roadguard.ai/prayagraj/defects/img_11439.jpg,2026-04-18T07:35:40,,1
REP-PRG-11440,Garbage Accumulation,25.427094,81.842034,Georgetown,Moderate,Assigned,Prayagraj_Nagar_Nigam_Sanitation,https://storage.roadguard.ai/prayagraj/defects/img_11440.jpg,2026-03-29T16:49:12,,1
REP-PRG-11441,Streetlight Defect,25.507145,81.861661,Curzon Bridge / Phaphamau,Critical,Assigned,UPPCL_Streetlight_Cell,https://storage.roadguard.ai/prayagraj/defects/img_11441.jpg,2026-03-05T16:05:56,,1
REP-PRG-11442,Streetlight Defect,25.47002,81.859002,Teliyarganj / MNNIT Area,Low,Assigned,UPPCL_Streetlight_Cell,https://storage.roadguard.ai/prayagraj/defects/img_11442.jpg,2026-01-18T01:54:00,,1
REP-PRG-11443,Drainage Issues,25.42579,81.891107,Sangam / Daraganj,Low,Resolved,Jal_Sansthan_Drainage_Div,https://storage.roadguard.ai/prayagraj/defects/img_11443.jpg,2026-02-22T12:34:17,2026-02-25T12:34:17,0
REP-PRG-11444,Streetlight Defect,25.43592,81.893064,Shastri Bridge (Ganga),High,Resolved,UPPCL_Streetlight_Cell,https://storage.roadguard.ai/prayagraj/defects/img_11444.jpg,2026-03-03T02:28:29,2026-03-06T02:28:29,0
REP-PRG-11445,Garbage Accumulation,25.45113,81.722955,GT Road / Bamrauli Corridor,Moderate,Assigned,Prayagraj_Nagar_Nigam_Sanitation,https://storage.roadguard.ai/prayagraj/defects/img_11445.jpg,2026-03-04T23:26:16,,1
REP-PRG-11446,Streetlight Defect,25.445146,81.891723,Shastri Bridge (Ganga),Moderate,Assigned,UPPCL_Streetlight_Cell,https://storage.roadguard.ai/prayagraj/defects/img_11446.jpg,2026-06-12T15:19:58,,1
REP-PRG-11447,Drainage Issues,25.464066,81.88641,Katra / Allahabad Univ,Moderate,Resolved,Jal_Sansthan_Drainage_Div,https://storage.roadguard.ai/prayagraj/defects/img_11447.jpg,2026-04-03T22:29:58,2026-04-11T22:29:58,0
REP-PRG-11448,Streetlight Defect,25.422327,81.903798,Shastri Bridge (Ganga),Moderate,Assigned,UPPCL_Streetlight_Cell,https://storage.roadguard.ai/prayagraj/defects/img_11448.jpg,2026-04-21T13:40:31,,1
REP-PRG-11449,Pothole,25.4372,81.850299,Rambagh Railway Station Area,Moderate,In Progress,PWD_Road_Maintenance,https://storage.roadguard.ai/prayagraj/defects/img_11449.jpg,2026-03-19T05:40:11,,1
REP-PRG-11450,Streetlight Defect,25.417636,81.851606,Naini Old Bridge (Yamuna),Low,AI Verified,UPPCL_Streetlight_Cell,https://storage.roadguard.ai/prayagraj/defects/img_11450.jpg,2026-03-21T00:30:54,,1
REP-PRG-11451,Pothole,25.440441,81.861636,Georgetown,High,Reported,PWD_Road_Maintenance,https://storage.roadguard.ai/prayagraj/defects/img_11451.jpg,2026-02-05T01:05:06,,1
REP-PRG-11452,Pothole,25.499863,81.864005,Curzon Bridge / Phaphamau,Low,Reported,PWD_Road_Maintenance,https://storage.roadguard.ai/prayagraj/defects/img_11452.jpg,2026-05-09T21:37:34,,1
REP-PRG-11453,Pothole,25.43617,81.838959,Rambagh Railway Station Area,Moderate,AI Verified,PWD_Road_Maintenance,https://storage.roadguard.ai/prayagraj/defects/img_11453.jpg,2026-04-06T21:58:56,,1
REP-PRG-11454,Pothole,25.4359,81.858057,Rambagh Railway Station Area,Critical,Reported,PWD_Road_Maintenance,https://storage.roadguard.ai/prayagraj/defects/img_11454.jpg,2026-01-10T12:31:55,,1
REP-PRG-11455,Drainage Issues,25.487717,81.865868,Teliyarganj / MNNIT Area,Low,In Progress,Jal_Sansthan_Drainage_Div,https://storage.roadguard.ai/prayagraj/defects/img_11455.jpg,2026-03-07T20:41:28,,1
REP-PRG-11456,Garbage Accumulation,25.441152,81.834063,Prayagraj Junction (Civil Lines side),High,AI Verified,Prayagraj_Nagar_Nigam_Sanitation,https://storage.roadguard.ai/prayagraj/defects/img_11456.jpg,2026-01-16T07:41:55,,1
REP-PRG-11457,Drainage Issues,25.497484,81.877789,Teliyarganj / MNNIT Area,High,AI Verified,Jal_Sansthan_Drainage_Div,https://storage.roadguard.ai/prayagraj/defects/img_11457.jpg,2026-01-09T21:09:31,,1
REP-PRG-11458,Garbage Accumulation,25.451195,81.840249,Civil Lines,High,AI Verified,Prayagraj_Nagar_Nigam_Sanitation,https://storage.roadguard.ai/prayagraj/defects/img_11458.jpg,2026-04-27T13:21:55,,1
REP-PRG-11459,Pothole,25.460785,81.865367,Katra / Allahabad Univ,Moderate,Assigned,PWD_Road_Maintenance,https://storage.roadguard.ai/prayagraj/defects/img_11459.jpg,2026-02-11T08:26:57,,1
REP-PRG-11460,Garbage Accumulation,25.379249,81.87096,Naini Industrial Area,High,Resolved,Prayagraj_Nagar_Nigam_Sanitation,https://storage.roadguard.ai/prayagraj/defects/img_11460.jpg,2026-04-13T05:20:29,2026-04-16T05:20:29,0
REP-PRG-11461,Drainage Issues,25.445442,81.827486,Prayagraj Junction (Civil Lines side),High,AI Verified,Jal_Sansthan_Drainage_Div,https://storage.roadguard.ai/prayagraj/defects/img_11461.jpg,2026-04-20T17:12:24,,1
REP-PRG-11462,Streetlight Defect,25.445734,81.861018,Georgetown,Moderate,In Progress,UPPCL_Streetlight_Cell,https://storage.roadguard.ai/prayagraj/defects/img_11462.jpg,2026-05-31T19:12:47,,1
REP-PRG-11463,Garbage Accumulation,25.44907,81.741718,GT Road / Bamrauli Corridor,Critical,In Progress,Prayagraj_Nagar_Nigam_Sanitation,https://storage.roadguard.ai/prayagraj/defects/img_11463.jpg,2026-01-29T07:09:45,,1
REP-PRG-11464,Garbage Accumulation,25.440625,81.777884,Jhalwa / IIIT-A Corridor,Moderate,AI Verified,Prayagraj_Nagar_Nigam_Sanitation,https://storage.roadguard.ai/prayagraj/defects/img_11464.jpg,2026-04-12T19:13:03,,1
REP-PRG-11465,Drainage Issues,25.459553,81.831256,Civil Lines,High,Reported,Jal_Sansthan_Drainage_Div,https://storage.roadguard.ai/prayagraj/defects/img_11465.jpg,2026-01-18T23:12:47,,1
REP-PRG-11466,Pothole,25.439886,81.835642,Prayagraj Junction (Civil Lines side),Moderate,AI Verified,PWD_Road_Maintenance,https://storage.roadguard.ai/prayagraj/defects/img_11466.jpg,2026-02-15T21:38:26,,1
REP-PRG-11467,Garbage Accumulation,25.446008,81.901781,Shastri Bridge (Ganga),Low,AI Verified,Prayagraj_Nagar_Nigam_Sanitation,https://storage.roadguard.ai/prayagraj/defects/img_11467.jpg,2026-01-30T00:24:29,,1
REP-PRG-11468,Pothole,25.507168,81.856164,Curzon Bridge / Phaphamau,Low,AI Verified,PWD_Road_Maintenance,https://storage.roadguard.ai/prayagraj/defects/img_11468.jpg,2026-02-19T17:26:33,,1
REP-PRG-11469,Streetlight Defect,25.436884,81.73686,GT Road / Bamrauli Corridor,Critical,Reported,UPPCL_Streetlight_Cell,https://storage.roadguard.ai/prayagraj/defects/img_11469.jpg,2026-06-12T14:02:54,,1
REP-PRG-11470,Pothole,25.437973,81.876268,Sangam / Daraganj,Moderate,AI Verified,PWD_Road_Maintenance,https://storage.roadguard.ai/prayagraj/defects/img_11470.jpg,2026-03-29T09:04:48,,1
REP-PRG-11471,Streetlight Defect,25.530124,81.863476,Phaphamau NH-19 Junction,High,Reported,UPPCL_Streetlight_Cell,https://storage.roadguard.ai/prayagraj/defects/img_11471.jpg,2026-01-16T17:41:15,,1
REP-PRG-11472,Garbage Accumulation,25.455192,81.825718,Civil Lines,High,Reported,Prayagraj_Nagar_Nigam_Sanitation,https://storage.roadguard.ai/prayagraj/defects/img_11472.jpg,2026-02-25T03:01:03,,1
REP-PRG-11473,Pothole,25.453282,81.810971,Civil Lines,Moderate,Resolved,PWD_Road_Maintenance,https://storage.roadguard.ai/prayagraj/defects/img_11473.jpg,2026-03-11T01:41:31,2026-03-20T01:41:31,0
REP-PRG-11474,Streetlight Defect,25.418505,81.806956,Kareli Urban Zone,Moderate,Assigned,UPPCL_Streetlight_Cell,https://storage.roadguard.ai/prayagraj/defects/img_11474.jpg,2026-03-29T19:28:37,,1
REP-PRG-11475,Drainage Issues,25.534648,81.871219,Phaphamau NH-19 Junction,High,AI Verified,Jal_Sansthan_Drainage_Div,https://storage.roadguard.ai/prayagraj/defects/img_11475.jpg,2026-01-15T20:57:45,,1
REP-PRG-11476,Garbage Accumulation,25.423733,81.832168,Kareli Urban Zone,Low,In Progress,Prayagraj_Nagar_Nigam_Sanitation,https://storage.roadguard.ai/prayagraj/defects/img_11476.jpg,2026-04-13T13:03:21,,1
REP-PRG-11477,Streetlight Defect,25.445009,81.848879,Civil Lines,High,AI Verified,UPPCL_Streetlight_Cell,https://storage.roadguard.ai/prayagraj/defects/img_11477.jpg,2026-06-29T17:02:56,,1
REP-PRG-11478,Streetlight Defect,25.435458,81.768108,Jhalwa / IIIT-A Corridor,High,In Progress,UPPCL_Streetlight_Cell,https://storage.roadguard.ai/prayagraj/defects/img_11478.jpg,2026-05-12T23:02:29,,1
REP-PRG-11479,Pothole,25.521085,81.84915,Curzon Bridge / Phaphamau,High,Resolved,PWD_Road_Maintenance,https://storage.roadguard.ai/prayagraj/defects/img_11479.jpg,2026-03-24T08:36:19,2026-04-05T08:36:19,0
REP-PRG-11480,Drainage Issues,25.421404,81.765131,Jhalwa / IIIT-A Corridor,Critical,Assigned,Jal_Sansthan_Drainage_Div,https://storage.roadguard.ai/prayagraj/defects/img_11480.jpg,2026-06-24T00:10:36,,1
REP-PRG-11481,Streetlight Defect,25.520768,81.856548,Phaphamau NH-19 Junction,Moderate,Assigned,UPPCL_Streetlight_Cell,https://storage.roadguard.ai/prayagraj/defects/img_11481.jpg,2026-01-21T20:40:56,,1
REP-PRG-11482,Drainage Issues,25.459785,81.737929,GT Road / Bamrauli Corridor,Critical,AI Verified,Jal_Sansthan_Drainage_Div,https://storage.roadguard.ai/prayagraj/defects/img_11482.jpg,2026-06-18T11:39:26,,1
REP-PRG-11483,Pothole,25.49482,81.858437,Teliyarganj / MNNIT Area,Low,Reported,PWD_Road_Maintenance,https://storage.roadguard.ai/prayagraj/defects/img_11483.jpg,2026-05-15T04:49:19,,1
REP-PRG-11484,Pothole,25.432435,81.83016,Prayagraj Junction (Civil Lines side),Moderate,Reported,PWD_Road_Maintenance,https://storage.roadguard.ai/prayagraj/defects/img_11484.jpg,2026-06-23T03:58:45,,1
REP-PRG-11485,Pothole,25.494702,81.929451,NH-19 Bypass (Varanasi-Kanpur),Moderate,Reported,PWD_Road_Maintenance,https://storage.roadguard.ai/prayagraj/defects/img_11485.jpg,2026-06-20T03:41:06,,1
REP-PRG-11486,Pothole,25.514053,81.880898,Phaphamau NH-19 Junction,Low,Resolved,PWD_Road_Maintenance,https://storage.roadguard.ai/prayagraj/defects/img_11486.jpg,2026-06-29T11:15:22,2026-07-02T11:15:22,0
REP-PRG-11487,Drainage Issues,25.457291,81.740846,GT Road / Bamrauli Corridor,Low,Resolved,Jal_Sansthan_Drainage_Div,https://storage.roadguard.ai/prayagraj/defects/img_11487.jpg,2026-03-25T21:57:44,2026-04-08T21:57:44,0
REP-PRG-11488,Pothole,25.47011,81.848229,Katra / Allahabad Univ,Moderate,AI Verified,PWD_Road_Maintenance,https://storage.roadguard.ai/prayagraj/defects/img_11488.jpg,2026-06-21T12:28:54,,1
REP-PRG-11489,Drainage Issues,25.422348,81.856598,Naini Old Bridge (Yamuna),High,AI Verified,Jal_Sansthan_Drainage_Div,https://storage.roadguard.ai/prayagraj/defects/img_11489.jpg,2026-06-27T20:07:00,,1
REP-PRG-11490,Drainage Issues,25.527112,81.875179,Phaphamau NH-19 Junction,High,Assigned,Jal_Sansthan_Drainage_Div,https://storage.roadguard.ai/prayagraj/defects/img_11490.jpg,2026-06-14T20:29:47,,1
REP-PRG-11491,Drainage Issues,25.49786,81.86531,Teliyarganj / MNNIT Area,High,Assigned,Jal_Sansthan_Drainage_Div,https://storage.roadguard.ai/prayagraj/defects/img_11491.jpg,2026-06-18T07:22:41,,1
REP-PRG-11492,Garbage Accumulation,25.436761,81.73232,GT Road / Bamrauli Corridor,Moderate,Reported,Prayagraj_Nagar_Nigam_Sanitation,https://storage.roadguard.ai/prayagraj/defects/img_11492.jpg,2026-01-23T12:03:19,,1
REP-PRG-11493,Pothole,25.429018,81.880747,Sangam / Daraganj,Moderate,AI Verified,PWD_Road_Maintenance,https://storage.roadguard.ai/prayagraj/defects/img_11493.jpg,2026-01-31T04:51:23,,1
REP-PRG-11494,Pothole,25.418958,81.789293,Jhalwa / IIIT-A Corridor,Moderate,AI Verified,PWD_Road_Maintenance,https://storage.roadguard.ai/prayagraj/defects/img_11494.jpg,2026-01-01T19:18:57,,1
REP-PRG-11495,Streetlight Defect,25.461131,81.842817,MG Marg Corridor,Low,AI Verified,UPPCL_Streetlight_Cell,https://storage.roadguard.ai/prayagraj/defects/img_11495.jpg,2026-04-19T19:38:16,,1
REP-PRG-11496,Garbage Accumulation,25.428576,81.768302,Jhalwa / IIIT-A Corridor,Critical,Reported,Prayagraj_Nagar_Nigam_Sanitation,https://storage.roadguard.ai/prayagraj/defects/img_11496.jpg,2026-06-20T05:54:15,,1
REP-PRG-11497,Pothole,25.517385,81.86562,Phaphamau NH-19 Junction,Low,In Progress,PWD_Road_Maintenance,https://storage.roadguard.ai/prayagraj/defects/img_11497.jpg,2026-03-22T13:16:06,,1
REP-PRG-11498,Drainage Issues,25.447062,81.849066,Georgetown,Moderate,AI Verified,Jal_Sansthan_Drainage_Div,https://storage.roadguard.ai/prayagraj/defects/img_11498.jpg,2026-06-03T18:19:04,,1
REP-PRG-11499,Garbage Accumulation,25.420673,81.853758,Naini Old Bridge (Yamuna),High,In Progress,Prayagraj_Nagar_Nigam_Sanitation,https://storage.roadguard.ai/prayagraj/defects/img_11499.jpg,2026-01-10T05:48:16,,1
